2026-01-29 09:30:26,996 [Worker-1: Loading available Gradle versions] INFO  o.e.b.c.i.u.g.PublishedGradleVersions - Gradle version information cache is not available. Remote download required.
2026-01-29 09:38:50,351 [Worker-3: Import Getting Started Content] INFO  o.e.m.c.i.e.AbstractTransferListenerAdapter - Downloading https://repo.maven.apache.org/maven2/org/springframework/boot/spring-boot-starter-parent/3.5.10/spring-boot-starter-parent-3.5.10.pom
2026-01-29 09:38:50,397 [Worker-3: Import Getting Started Content] INFO  o.e.m.c.i.e.AbstractTransferListenerAdapter - Downloaded https://repo.maven.apache.org/maven2/org/springframework/boot/spring-boot-starter-parent/3.5.10/spring-boot-starter-parent-3.5.10.pom
2026-01-29 09:38:50,494 [Worker-3: Import Getting Started Content] INFO  o.e.m.c.i.e.AbstractTransferListenerAdapter - Downloading https://repo.maven.apache.org/maven2/org/springframework/boot/spring-boot-dependencies/3.5.10/spring-boot-dependencies-3.5.10.pom
2026-01-29 09:38:50,545 [Worker-3: Import Getting Started Content] INFO  o.e.m.c.i.e.AbstractTransferListenerAdapter - Downloaded https://repo.maven.apache.org/maven2/org/springframework/boot/spring-boot-dependencies/3.5.10/spring-boot-dependencies-3.5.10.pom
2026-01-29 09:38:51,451 [Worker-3: Import Getting Started Content] INFO  o.e.m.c.i.e.AbstractTransferListenerAdapter - Downloading https://repo.maven.apache.org/maven2/io/micrometer/micrometer-bom/1.15.8/micrometer-bom-1.15.8.pom
2026-01-29 09:38:51,480 [Worker-3: Import Getting Started Content] INFO  o.e.m.c.i.e.AbstractTransferListenerAdapter - Downloaded https://repo.maven.apache.org/maven2/io/micrometer/micrometer-bom/1.15.8/micrometer-bom-1.15.8.pom
2026-01-29 09:38:51,552 [Worker-3: Import Getting Started Content] INFO  o.e.m.c.i.e.AbstractTransferListenerAdapter - Downloading https://repo.maven.apache.org/maven2/io/micrometer/micrometer-tracing-bom/1.5.8/micrometer-tracing-bom-1.5.8.pom
2026-01-29 09:38:51,630 [Worker-3: Import Getting Started Content] INFO  o.e.m.c.i.e.AbstractTransferListenerAdapter - Downloaded https://repo.maven.apache.org/maven2/io/micrometer/micrometer-tracing-bom/1.5.8/micrometer-tracing-bom-1.5.8.pom
2026-01-29 09:38:52,134 [Worker-3: Import Getting Started Content] INFO  o.e.m.c.i.e.AbstractTransferListenerAdapter - Downloading https://repo.maven.apache.org/maven2/io/projectreactor/reactor-bom/2024.0.14/reactor-bom-2024.0.14.pom
2026-01-29 09:38:52,180 [Worker-3: Import Getting Started Content] INFO  o.e.m.c.i.e.AbstractTransferListenerAdapter - Downloaded https://repo.maven.apache.org/maven2/io/projectreactor/reactor-bom/2024.0.14/reactor-bom-2024.0.14.pom
2026-01-29 09:38:52,255 [Worker-3: Import Getting Started Content] INFO  o.e.m.c.i.e.AbstractTransferListenerAdapter - Downloading https://repo.maven.apache.org/maven2/io/rest-assured/rest-assured-bom/5.5.7/rest-assured-bom-5.5.7.pom
2026-01-29 09:38:52,298 [Worker-3: Import Getting Started Content] INFO  o.e.m.c.i.e.AbstractTransferListenerAdapter - Downloaded https://repo.maven.apache.org/maven2/io/rest-assured/rest-assured-bom/5.5.7/rest-assured-bom-5.5.7.pom
2026-01-29 09:38:52,464 [Worker-3: Import Getting Started Content] INFO  o.e.m.c.i.e.AbstractTransferListenerAdapter - Downloading https://repo.maven.apache.org/maven2/org/springframework/amqp/spring-amqp-bom/3.2.9/spring-amqp-bom-3.2.9.pom
2026-01-29 09:38:52,527 [Worker-3: Import Getting Started Content] INFO  o.e.m.c.i.e.AbstractTransferListenerAdapter - Downloaded https://repo.maven.apache.org/maven2/org/springframework/amqp/spring-amqp-bom/3.2.9/spring-amqp-bom-3.2.9.pom
2026-01-29 09:38:52,621 [Worker-3: Import Getting Started Content] INFO  o.e.m.c.i.e.AbstractTransferListenerAdapter - Downloading https://repo.maven.apache.org/maven2/org/springframework/data/spring-data-bom/2025.0.8/spring-data-bom-2025.0.8.pom
2026-01-29 09:38:52,673 [Worker-3: Import Getting Started Content] INFO  o.e.m.c.i.e.AbstractTransferListenerAdapter - Downloaded https://repo.maven.apache.org/maven2/org/springframework/data/spring-data-bom/2025.0.8/spring-data-bom-2025.0.8.pom
2026-01-29 09:38:52,771 [Worker-3: Import Getting Started Content] INFO  o.e.m.c.i.e.AbstractTransferListenerAdapter - Downloading https://repo.maven.apache.org/maven2/org/springframework/integration/spring-integration-bom/6.5.6/spring-integration-bom-6.5.6.pom
2026-01-29 09:38:52,809 [Worker-3: Import Getting Started Content] INFO  o.e.m.c.i.e.AbstractTransferListenerAdapter - Downloaded https://repo.maven.apache.org/maven2/org/springframework/integration/spring-integration-bom/6.5.6/spring-integration-bom-6.5.6.pom
2026-01-29 09:38:52,892 [Worker-3: Import Getting Started Content] INFO  o.e.m.c.i.e.AbstractTransferListenerAdapter - Downloading https://repo.maven.apache.org/maven2/org/springframework/pulsar/spring-pulsar-bom/1.2.14/spring-pulsar-bom-1.2.14.pom
2026-01-29 09:38:52,943 [Worker-3: Import Getting Started Content] INFO  o.e.m.c.i.e.AbstractTransferListenerAdapter - Downloaded https://repo.maven.apache.org/maven2/org/springframework/pulsar/spring-pulsar-bom/1.2.14/spring-pulsar-bom-1.2.14.pom
2026-01-29 09:38:57,331 [Worker-3: Import Getting Started Content] INFO  o.e.m.c.i.e.AbstractTransferListenerAdapter - Downloading https://repo.maven.apache.org/maven2/org/springframework/boot/spring-boot-maven-plugin/3.5.10/spring-boot-maven-plugin-3.5.10.pom
2026-01-29 09:38:57,361 [Worker-3: Import Getting Started Content] INFO  o.e.m.c.i.e.AbstractTransferListenerAdapter - Downloaded https://repo.maven.apache.org/maven2/org/springframework/boot/spring-boot-maven-plugin/3.5.10/spring-boot-maven-plugin-3.5.10.pom
2026-01-29 09:38:57,437 [Worker-3: Import Getting Started Content] INFO  o.e.m.c.i.e.AbstractTransferListenerAdapter - Downloading https://repo.maven.apache.org/maven2/org/springframework/boot/spring-boot-maven-plugin/3.5.10/spring-boot-maven-plugin-3.5.10.jar
2026-01-29 09:38:57,559 [Worker-3: Import Getting Started Content] INFO  o.e.m.c.i.e.AbstractTransferListenerAdapter - Downloaded https://repo.maven.apache.org/maven2/org/springframework/boot/spring-boot-maven-plugin/3.5.10/spring-boot-maven-plugin-3.5.10.jar
2026-01-29 09:39:00,654 [Worker-3: Import Getting Started Content] INFO  o.e.m.c.i.l.LifecycleMappingFactory - Using org.eclipse.m2e.jdt.JarLifecycleMapping lifecycle mapping for MavenProject: com.example:DemoProject:0.0.1-SNAPSHOT @ D:\Mphasis\sb\DemoProject\pom.xml.
2026-01-29 09:39:00,778 [Worker-3: Import Getting Started Content] INFO  o.e.m.c.i.e.AbstractTransferListenerAdapter - Downloading https://repo.maven.apache.org/maven2/org/springframework/boot/spring-boot-starter-web/3.5.10/spring-boot-starter-web-3.5.10.pom
2026-01-29 09:39:00,833 [Worker-3: Import Getting Started Content] INFO  o.e.m.c.i.e.AbstractTransferListenerAdapter - Downloaded https://repo.maven.apache.org/maven2/org/springframework/boot/spring-boot-starter-web/3.5.10/spring-boot-starter-web-3.5.10.pom
2026-01-29 09:39:00,915 [Worker-3: Import Getting Started Content] INFO  o.e.m.c.i.e.AbstractTransferListenerAdapter - Downloading https://repo.maven.apache.org/maven2/org/springframework/boot/spring-boot-starter/3.5.10/spring-boot-starter-3.5.10.pom
2026-01-29 09:39:00,961 [Worker-3: Import Getting Started Content] INFO  o.e.m.c.i.e.AbstractTransferListenerAdapter - Downloaded https://repo.maven.apache.org/maven2/org/springframework/boot/spring-boot-starter/3.5.10/spring-boot-starter-3.5.10.pom
2026-01-29 09:39:01,035 [Worker-3: Import Getting Started Content] INFO  o.e.m.c.i.e.AbstractTransferListenerAdapter - Downloading https://repo.maven.apache.org/maven2/org/springframework/boot/spring-boot/3.5.10/spring-boot-3.5.10.pom
2026-01-29 09:39:01,078 [Worker-3: Import Getting Started Content] INFO  o.e.m.c.i.e.AbstractTransferListenerAdapter - Downloaded https://repo.maven.apache.org/maven2/org/springframework/boot/spring-boot/3.5.10/spring-boot-3.5.10.pom
2026-01-29 09:39:01,378 [Worker-3: Import Getting Started Content] INFO  o.e.m.c.i.e.AbstractTransferListenerAdapter - Downloading https://repo.maven.apache.org/maven2/io/micrometer/micrometer-observation/1.15.8/micrometer-observation-1.15.8.pom
2026-01-29 09:39:01,434 [Worker-3: Import Getting Started Content] INFO  o.e.m.c.i.e.AbstractTransferListenerAdapter - Downloaded https://repo.maven.apache.org/maven2/io/micrometer/micrometer-observation/1.15.8/micrometer-observation-1.15.8.pom
2026-01-29 09:39:01,501 [Worker-3: Import Getting Started Content] INFO  o.e.m.c.i.e.AbstractTransferListenerAdapter - Downloading https://repo.maven.apache.org/maven2/io/micrometer/micrometer-commons/1.15.8/micrometer-commons-1.15.8.pom
2026-01-29 09:39:01,550 [Worker-3: Import Getting Started Content] INFO  o.e.m.c.i.e.AbstractTransferListenerAdapter - Downloaded https://repo.maven.apache.org/maven2/io/micrometer/micrometer-commons/1.15.8/micrometer-commons-1.15.8.pom
2026-01-29 09:39:01,610 [Worker-3: Import Getting Started Content] INFO  o.e.m.c.i.e.AbstractTransferListenerAdapter - Downloading https://repo.maven.apache.org/maven2/org/springframework/boot/spring-boot-autoconfigure/3.5.10/spring-boot-autoconfigure-3.5.10.pom
2026-01-29 09:39:01,653 [Worker-3: Import Getting Started Content] INFO  o.e.m.c.i.e.AbstractTransferListenerAdapter - Downloaded https://repo.maven.apache.org/maven2/org/springframework/boot/spring-boot-autoconfigure/3.5.10/spring-boot-autoconfigure-3.5.10.pom
2026-01-29 09:39:01,728 [Worker-3: Import Getting Started Content] INFO  o.e.m.c.i.e.AbstractTransferListenerAdapter - Downloading https://repo.maven.apache.org/maven2/org/springframework/boot/spring-boot-starter-logging/3.5.10/spring-boot-starter-logging-3.5.10.pom
2026-01-29 09:39:01,775 [Worker-3: Import Getting Started Content] INFO  o.e.m.c.i.e.AbstractTransferListenerAdapter - Downloaded https://repo.maven.apache.org/maven2/org/springframework/boot/spring-boot-starter-logging/3.5.10/spring-boot-starter-logging-3.5.10.pom
2026-01-29 09:39:01,851 [Worker-3: Import Getting Started Content] INFO  o.e.m.c.i.e.AbstractTransferListenerAdapter - Downloading https://repo.maven.apache.org/maven2/ch/qos/logback/logback-classic/1.5.25/logback-classic-1.5.25.pom
2026-01-29 09:39:01,897 [Worker-3: Import Getting Started Content] INFO  o.e.m.c.i.e.AbstractTransferListenerAdapter - Downloaded https://repo.maven.apache.org/maven2/ch/qos/logback/logback-classic/1.5.25/logback-classic-1.5.25.pom
2026-01-29 09:39:01,977 [Worker-3: Import Getting Started Content] INFO  o.e.m.c.i.e.AbstractTransferListenerAdapter - Downloading https://repo.maven.apache.org/maven2/ch/qos/logback/logback-parent/1.5.25/logback-parent-1.5.25.pom
2026-01-29 09:39:02,041 [Worker-3: Import Getting Started Content] INFO  o.e.m.c.i.e.AbstractTransferListenerAdapter - Downloaded https://repo.maven.apache.org/maven2/ch/qos/logback/logback-parent/1.5.25/logback-parent-1.5.25.pom
2026-01-29 09:39:02,133 [Worker-3: Import Getting Started Content] INFO  o.e.m.c.i.e.AbstractTransferListenerAdapter - Downloading https://repo.maven.apache.org/maven2/ch/qos/logback/logback-core/1.5.25/logback-core-1.5.25.pom
2026-01-29 09:39:02,169 [Worker-3: Import Getting Started Content] INFO  o.e.m.c.i.e.AbstractTransferListenerAdapter - Downloaded https://repo.maven.apache.org/maven2/ch/qos/logback/logback-core/1.5.25/logback-core-1.5.25.pom
2026-01-29 09:39:02,797 [Worker-3: Import Getting Started Content] INFO  o.e.m.c.i.e.AbstractTransferListenerAdapter - Downloading https://repo.maven.apache.org/maven2/org/springframework/boot/spring-boot-starter-json/3.5.10/spring-boot-starter-json-3.5.10.pom
2026-01-29 09:39:02,843 [Worker-3: Import Getting Started Content] INFO  o.e.m.c.i.e.AbstractTransferListenerAdapter - Downloaded https://repo.maven.apache.org/maven2/org/springframework/boot/spring-boot-starter-json/3.5.10/spring-boot-starter-json-3.5.10.pom
2026-01-29 09:39:03,241 [Worker-3: Import Getting Started Content] INFO  o.e.m.c.i.e.AbstractTransferListenerAdapter - Downloading https://repo.maven.apache.org/maven2/org/springframework/boot/spring-boot-starter-tomcat/3.5.10/spring-boot-starter-tomcat-3.5.10.pom
2026-01-29 09:39:03,289 [Worker-3: Import Getting Started Content] INFO  o.e.m.c.i.e.AbstractTransferListenerAdapter - Downloaded https://repo.maven.apache.org/maven2/org/springframework/boot/spring-boot-starter-tomcat/3.5.10/spring-boot-starter-tomcat-3.5.10.pom
2026-01-29 09:39:03,470 [Worker-3: Import Getting Started Content] INFO  o.e.m.c.i.e.AbstractTransferListenerAdapter - Downloading https://repo.maven.apache.org/maven2/org/springframework/boot/spring-boot-devtools/3.5.10/spring-boot-devtools-3.5.10.pom
2026-01-29 09:39:03,525 [Worker-3: Import Getting Started Content] INFO  o.e.m.c.i.e.AbstractTransferListenerAdapter - Downloaded https://repo.maven.apache.org/maven2/org/springframework/boot/spring-boot-devtools/3.5.10/spring-boot-devtools-3.5.10.pom
2026-01-29 09:39:03,596 [Worker-3: Import Getting Started Content] INFO  o.e.m.c.i.e.AbstractTransferListenerAdapter - Downloading https://repo.maven.apache.org/maven2/org/springframework/boot/spring-boot-starter-test/3.5.10/spring-boot-starter-test-3.5.10.pom
2026-01-29 09:39:03,644 [Worker-3: Import Getting Started Content] INFO  o.e.m.c.i.e.AbstractTransferListenerAdapter - Downloaded https://repo.maven.apache.org/maven2/org/springframework/boot/spring-boot-starter-test/3.5.10/spring-boot-starter-test-3.5.10.pom
2026-01-29 09:39:03,715 [Worker-3: Import Getting Started Content] INFO  o.e.m.c.i.e.AbstractTransferListenerAdapter - Downloading https://repo.maven.apache.org/maven2/org/springframework/boot/spring-boot-test/3.5.10/spring-boot-test-3.5.10.pom
2026-01-29 09:39:03,760 [Worker-3: Import Getting Started Content] INFO  o.e.m.c.i.e.AbstractTransferListenerAdapter - Downloaded https://repo.maven.apache.org/maven2/org/springframework/boot/spring-boot-test/3.5.10/spring-boot-test-3.5.10.pom
2026-01-29 09:39:03,854 [Worker-3: Import Getting Started Content] INFO  o.e.m.c.i.e.AbstractTransferListenerAdapter - Downloading https://repo.maven.apache.org/maven2/org/springframework/boot/spring-boot-test-autoconfigure/3.5.10/spring-boot-test-autoconfigure-3.5.10.pom
2026-01-29 09:39:03,882 [Worker-3: Import Getting Started Content] INFO  o.e.m.c.i.e.AbstractTransferListenerAdapter - Downloaded https://repo.maven.apache.org/maven2/org/springframework/boot/spring-boot-test-autoconfigure/3.5.10/spring-boot-test-autoconfigure-3.5.10.pom
2026-01-29 09:39:04,923 [Worker-3: Import Getting Started Content] INFO  o.e.m.c.i.e.AbstractTransferListenerAdapter - Downloading https://repo.maven.apache.org/maven2/org/springframework/boot/spring-boot-starter-web/3.5.10/spring-boot-starter-web-3.5.10.jar
2026-01-29 09:39:05,002 [Worker-3: Import Getting Started Content] INFO  o.e.m.c.i.e.AbstractTransferListenerAdapter - Downloaded https://repo.maven.apache.org/maven2/org/springframework/boot/spring-boot-starter-web/3.5.10/spring-boot-starter-web-3.5.10.jar
2026-01-29 09:39:05,080 [BasicRepositoryConnector-repo.maven.apache.org-0-2] INFO  o.e.m.c.i.e.AbstractTransferListenerAdapter - Downloading https://repo.maven.apache.org/maven2/ch/qos/logback/logback-classic/1.5.25/logback-classic-1.5.25.jar
2026-01-29 09:39:05,161 [BasicRepositoryConnector-repo.maven.apache.org-0-2] INFO  o.e.m.c.i.e.AbstractTransferListenerAdapter - Downloaded https://repo.maven.apache.org/maven2/ch/qos/logback/logback-classic/1.5.25/logback-classic-1.5.25.jar
2026-01-29 09:39:05,165 [BasicRepositoryConnector-repo.maven.apache.org-0-1] INFO  o.e.m.c.i.e.AbstractTransferListenerAdapter - Downloading https://repo.maven.apache.org/maven2/org/springframework/boot/spring-boot-starter-logging/3.5.10/spring-boot-starter-logging-3.5.10.jar
2026-01-29 09:39:05,167 [BasicRepositoryConnector-repo.maven.apache.org-0-4] INFO  o.e.m.c.i.e.AbstractTransferListenerAdapter - Downloading https://repo.maven.apache.org/maven2/org/springframework/boot/spring-boot-starter-json/3.5.10/spring-boot-starter-json-3.5.10.jar
2026-01-29 09:39:05,171 [BasicRepositoryConnector-repo.maven.apache.org-0-3] INFO  o.e.m.c.i.e.AbstractTransferListenerAdapter - Downloading https://repo.maven.apache.org/maven2/ch/qos/logback/logback-core/1.5.25/logback-core-1.5.25.jar
2026-01-29 09:39:05,191 [BasicRepositoryConnector-repo.maven.apache.org-0-0] INFO  o.e.m.c.i.e.AbstractTransferListenerAdapter - Downloading https://repo.maven.apache.org/maven2/org/springframework/boot/spring-boot-starter/3.5.10/spring-boot-starter-3.5.10.jar
2026-01-29 09:39:05,224 [BasicRepositoryConnector-repo.maven.apache.org-0-2] INFO  o.e.m.c.i.e.AbstractTransferListenerAdapter - Downloading https://repo.maven.apache.org/maven2/org/springframework/boot/spring-boot-starter-tomcat/3.5.10/spring-boot-starter-tomcat-3.5.10.jar
2026-01-29 09:39:05,227 [BasicRepositoryConnector-repo.maven.apache.org-0-1] INFO  o.e.m.c.i.e.AbstractTransferListenerAdapter - Downloaded https://repo.maven.apache.org/maven2/org/springframework/boot/spring-boot-starter-logging/3.5.10/spring-boot-starter-logging-3.5.10.jar
2026-01-29 09:39:05,232 [BasicRepositoryConnector-repo.maven.apache.org-0-4] INFO  o.e.m.c.i.e.AbstractTransferListenerAdapter - Downloaded https://repo.maven.apache.org/maven2/org/springframework/boot/spring-boot-starter-json/3.5.10/spring-boot-starter-json-3.5.10.jar
2026-01-29 09:39:05,252 [BasicRepositoryConnector-repo.maven.apache.org-0-0] INFO  o.e.m.c.i.e.AbstractTransferListenerAdapter - Downloaded https://repo.maven.apache.org/maven2/org/springframework/boot/spring-boot-starter/3.5.10/spring-boot-starter-3.5.10.jar
2026-01-29 09:39:05,285 [BasicRepositoryConnector-repo.maven.apache.org-0-2] INFO  o.e.m.c.i.e.AbstractTransferListenerAdapter - Downloaded https://repo.maven.apache.org/maven2/org/springframework/boot/spring-boot-starter-tomcat/3.5.10/spring-boot-starter-tomcat-3.5.10.jar
2026-01-29 09:39:05,288 [BasicRepositoryConnector-repo.maven.apache.org-0-1] INFO  o.e.m.c.i.e.AbstractTransferListenerAdapter - Downloading https://repo.maven.apache.org/maven2/io/micrometer/micrometer-observation/1.15.8/micrometer-observation-1.15.8.jar
2026-01-29 09:39:05,291 [BasicRepositoryConnector-repo.maven.apache.org-0-4] INFO  o.e.m.c.i.e.AbstractTransferListenerAdapter - Downloading https://repo.maven.apache.org/maven2/io/micrometer/micrometer-commons/1.15.8/micrometer-commons-1.15.8.jar
2026-01-29 09:39:05,309 [BasicRepositoryConnector-repo.maven.apache.org-0-0] INFO  o.e.m.c.i.e.AbstractTransferListenerAdapter - Downloading https://repo.maven.apache.org/maven2/org/springframework/boot/spring-boot-devtools/3.5.10/spring-boot-devtools-3.5.10.jar
2026-01-29 09:39:05,327 [BasicRepositoryConnector-repo.maven.apache.org-0-1] INFO  o.e.m.c.i.e.AbstractTransferListenerAdapter - Downloaded https://repo.maven.apache.org/maven2/io/micrometer/micrometer-observation/1.15.8/micrometer-observation-1.15.8.jar
2026-01-29 09:39:05,343 [BasicRepositoryConnector-repo.maven.apache.org-0-2] INFO  o.e.m.c.i.e.AbstractTransferListenerAdapter - Downloading https://repo.maven.apache.org/maven2/org/springframework/boot/spring-boot/3.5.10/spring-boot-3.5.10.jar
2026-01-29 09:39:05,348 [BasicRepositoryConnector-repo.maven.apache.org-0-3] INFO  o.e.m.c.i.e.AbstractTransferListenerAdapter - Downloaded https://repo.maven.apache.org/maven2/ch/qos/logback/logback-core/1.5.25/logback-core-1.5.25.jar
2026-01-29 09:39:05,400 [BasicRepositoryConnector-repo.maven.apache.org-0-1] INFO  o.e.m.c.i.e.AbstractTransferListenerAdapter - Downloading https://repo.maven.apache.org/maven2/org/springframework/boot/spring-boot-autoconfigure/3.5.10/spring-boot-autoconfigure-3.5.10.jar
2026-01-29 09:39:05,446 [BasicRepositoryConnector-repo.maven.apache.org-0-0] INFO  o.e.m.c.i.e.AbstractTransferListenerAdapter - Downloaded https://repo.maven.apache.org/maven2/org/springframework/boot/spring-boot-devtools/3.5.10/spring-boot-devtools-3.5.10.jar
2026-01-29 09:39:05,466 [BasicRepositoryConnector-repo.maven.apache.org-0-3] INFO  o.e.m.c.i.e.AbstractTransferListenerAdapter - Downloading https://repo.maven.apache.org/maven2/org/springframework/boot/spring-boot-starter-test/3.5.10/spring-boot-starter-test-3.5.10.jar
2026-01-29 09:39:05,525 [BasicRepositoryConnector-repo.maven.apache.org-0-3] INFO  o.e.m.c.i.e.AbstractTransferListenerAdapter - Downloaded https://repo.maven.apache.org/maven2/org/springframework/boot/spring-boot-starter-test/3.5.10/spring-boot-starter-test-3.5.10.jar
2026-01-29 09:39:05,615 [BasicRepositoryConnector-repo.maven.apache.org-0-0] INFO  o.e.m.c.i.e.AbstractTransferListenerAdapter - Downloading https://repo.maven.apache.org/maven2/org/springframework/boot/spring-boot-test/3.5.10/spring-boot-test-3.5.10.jar
2026-01-29 09:39:05,682 [BasicRepositoryConnector-repo.maven.apache.org-0-3] INFO  o.e.m.c.i.e.AbstractTransferListenerAdapter - Downloading https://repo.maven.apache.org/maven2/org/springframework/boot/spring-boot-test-autoconfigure/3.5.10/spring-boot-test-autoconfigure-3.5.10.jar
2026-01-29 09:39:05,771 [BasicRepositoryConnector-repo.maven.apache.org-0-1] INFO  o.e.m.c.i.e.AbstractTransferListenerAdapter - Downloaded https://repo.maven.apache.org/maven2/org/springframework/boot/spring-boot-autoconfigure/3.5.10/spring-boot-autoconfigure-3.5.10.jar
2026-01-29 09:39:05,783 [BasicRepositoryConnector-repo.maven.apache.org-0-0] INFO  o.e.m.c.i.e.AbstractTransferListenerAdapter - Downloaded https://repo.maven.apache.org/maven2/org/springframework/boot/spring-boot-test/3.5.10/spring-boot-test-3.5.10.jar
2026-01-29 09:39:05,854 [BasicRepositoryConnector-repo.maven.apache.org-0-3] INFO  o.e.m.c.i.e.AbstractTransferListenerAdapter - Downloaded https://repo.maven.apache.org/maven2/org/springframework/boot/spring-boot-test-autoconfigure/3.5.10/spring-boot-test-autoconfigure-3.5.10.jar
2026-01-29 09:39:05,953 [BasicRepositoryConnector-repo.maven.apache.org-0-2] INFO  o.e.m.c.i.e.AbstractTransferListenerAdapter - Downloaded https://repo.maven.apache.org/maven2/org/springframework/boot/spring-boot/3.5.10/spring-boot-3.5.10.jar
2026-01-29 09:39:06,164 [BasicRepositoryConnector-repo.maven.apache.org-0-4] INFO  o.e.m.c.i.e.AbstractTransferListenerAdapter - Downloaded https://repo.maven.apache.org/maven2/io/micrometer/micrometer-commons/1.15.8/micrometer-commons-1.15.8.jar
2026-01-29 09:39:08,777 [Worker-3: Import Getting Started Content] INFO  o.e.m.j.i.AbstractJavaProjectConfigurator - Adding source folder /DemoProject/src/main/java
2026-01-29 09:39:08,779 [Worker-3: Import Getting Started Content] INFO  o.e.m.j.i.AbstractJavaProjectConfigurator - Adding resource folder /DemoProject/src/main/resources
2026-01-29 09:39:08,793 [Worker-3: Import Getting Started Content] INFO  o.e.m.j.i.AbstractJavaProjectConfigurator - Adding resource folder /DemoProject/src/main/resources
2026-01-29 09:39:08,804 [Worker-3: Import Getting Started Content] INFO  o.e.m.j.i.AbstractJavaProjectConfigurator - Adding source folder /DemoProject/src/test/java
2026-01-29 09:39:08,805 [Worker-3: Import Getting Started Content] INFO  o.e.m.j.i.AbstractJavaProjectConfigurator - Adding resource folder /DemoProject/src/test/resources
2026-01-29 09:39:09,331 [Worker-31: Download sources and javadoc] INFO  o.e.m.c.i.e.AbstractTransferListenerAdapter - Downloading https://repo.maven.apache.org/maven2/org/springframework/boot/spring-boot-starter-web/3.5.10/spring-boot-starter-web-3.5.10-sources.jar
2026-01-29 09:39:09,385 [Worker-31: Download sources and javadoc] INFO  o.e.m.c.i.e.AbstractTransferListenerAdapter - Downloaded https://repo.maven.apache.org/maven2/org/springframework/boot/spring-boot-starter-web/3.5.10/spring-boot-starter-web-3.5.10-sources.jar
2026-01-29 09:39:09,389 [Worker-31: Download sources and javadoc] INFO  o.e.m.j.internal.DownloadSourcesJob - Downloaded sources for org.springframework.boot:spring-boot-starter-web:3.5.10
2026-01-29 09:39:09,528 [Worker-31: Download sources and javadoc] INFO  o.e.m.c.i.e.AbstractTransferListenerAdapter - Downloading https://repo.maven.apache.org/maven2/org/springframework/boot/spring-boot-starter/3.5.10/spring-boot-starter-3.5.10-sources.jar
2026-01-29 09:39:09,589 [Worker-31: Download sources and javadoc] INFO  o.e.m.c.i.e.AbstractTransferListenerAdapter - Downloaded https://repo.maven.apache.org/maven2/org/springframework/boot/spring-boot-starter/3.5.10/spring-boot-starter-3.5.10-sources.jar
2026-01-29 09:39:09,594 [Worker-31: Download sources and javadoc] INFO  o.e.m.j.internal.DownloadSourcesJob - Downloaded sources for org.springframework.boot:spring-boot-starter:3.5.10
2026-01-29 09:39:09,731 [Worker-31: Download sources and javadoc] INFO  o.e.m.c.i.e.AbstractTransferListenerAdapter - Downloading https://repo.maven.apache.org/maven2/org/springframework/boot/spring-boot-starter-logging/3.5.10/spring-boot-starter-logging-3.5.10-sources.jar
2026-01-29 09:39:09,796 [Worker-31: Download sources and javadoc] INFO  o.e.m.c.i.e.AbstractTransferListenerAdapter - Downloaded https://repo.maven.apache.org/maven2/org/springframework/boot/spring-boot-starter-logging/3.5.10/spring-boot-starter-logging-3.5.10-sources.jar
2026-01-29 09:39:09,801 [Worker-31: Download sources and javadoc] INFO  o.e.m.j.internal.DownloadSourcesJob - Downloaded sources for org.springframework.boot:spring-boot-starter-logging:3.5.10
2026-01-29 09:39:09,946 [Worker-31: Download sources and javadoc] INFO  o.e.m.c.i.e.AbstractTransferListenerAdapter - Downloading https://repo.maven.apache.org/maven2/ch/qos/logback/logback-classic/1.5.25/logback-classic-1.5.25-sources.jar
2026-01-29 09:39:10,114 [Worker-31: Download sources and javadoc] INFO  o.e.m.c.i.e.AbstractTransferListenerAdapter - Downloaded https://repo.maven.apache.org/maven2/ch/qos/logback/logback-classic/1.5.25/logback-classic-1.5.25-sources.jar
2026-01-29 09:39:10,118 [Worker-31: Download sources and javadoc] INFO  o.e.m.j.internal.DownloadSourcesJob - Downloaded sources for ch.qos.logback:logback-classic:1.5.25
2026-01-29 09:39:10,286 [Worker-31: Download sources and javadoc] INFO  o.e.m.c.i.e.AbstractTransferListenerAdapter - Downloading https://repo.maven.apache.org/maven2/ch/qos/logback/logback-core/1.5.25/logback-core-1.5.25-sources.jar
2026-01-29 09:39:10,491 [Worker-31: Download sources and javadoc] INFO  o.e.m.c.i.e.AbstractTransferListenerAdapter - Downloaded https://repo.maven.apache.org/maven2/ch/qos/logback/logback-core/1.5.25/logback-core-1.5.25-sources.jar
2026-01-29 09:39:10,496 [Worker-31: Download sources and javadoc] INFO  o.e.m.j.internal.DownloadSourcesJob - Downloaded sources for ch.qos.logback:logback-core:1.5.25
2026-01-29 09:39:10,651 [Worker-31: Download sources and javadoc] INFO  o.e.m.c.i.e.AbstractTransferListenerAdapter - Downloading https://repo.maven.apache.org/maven2/org/springframework/boot/spring-boot-starter-json/3.5.10/spring-boot-starter-json-3.5.10-sources.jar
2026-01-29 09:39:10,711 [Worker-31: Download sources and javadoc] INFO  o.e.m.c.i.e.AbstractTransferListenerAdapter - Downloaded https://repo.maven.apache.org/maven2/org/springframework/boot/spring-boot-starter-json/3.5.10/spring-boot-starter-json-3.5.10-sources.jar
2026-01-29 09:39:10,717 [Worker-31: Download sources and javadoc] INFO  o.e.m.j.internal.DownloadSourcesJob - Downloaded sources for org.springframework.boot:spring-boot-starter-json:3.5.10
2026-01-29 09:39:10,845 [Worker-31: Download sources and javadoc] INFO  o.e.m.c.i.e.AbstractTransferListenerAdapter - Downloading https://repo.maven.apache.org/maven2/org/springframework/boot/spring-boot-starter-tomcat/3.5.10/spring-boot-starter-tomcat-3.5.10-sources.jar
2026-01-29 09:39:10,932 [Worker-31: Download sources and javadoc] INFO  o.e.m.c.i.e.AbstractTransferListenerAdapter - Downloaded https://repo.maven.apache.org/maven2/org/springframework/boot/spring-boot-starter-tomcat/3.5.10/spring-boot-starter-tomcat-3.5.10-sources.jar
2026-01-29 09:39:10,936 [Worker-31: Download sources and javadoc] INFO  o.e.m.j.internal.DownloadSourcesJob - Downloaded sources for org.springframework.boot:spring-boot-starter-tomcat:3.5.10
2026-01-29 09:39:11,048 [Worker-31: Download sources and javadoc] INFO  o.e.m.c.i.e.AbstractTransferListenerAdapter - Downloading https://repo.maven.apache.org/maven2/org/apache/tomcat/embed/tomcat-embed-core/10.1.50/tomcat-embed-core-10.1.50-sources.jar
2026-01-29 09:39:11,970 [Worker-31: Download sources and javadoc] INFO  o.e.m.c.i.e.AbstractTransferListenerAdapter - Downloaded https://repo.maven.apache.org/maven2/org/apache/tomcat/embed/tomcat-embed-core/10.1.50/tomcat-embed-core-10.1.50-sources.jar
2026-01-29 09:39:11,974 [Worker-31: Download sources and javadoc] INFO  o.e.m.j.internal.DownloadSourcesJob - Downloaded sources for org.apache.tomcat.embed:tomcat-embed-core:10.1.50
2026-01-29 09:39:12,159 [Worker-31: Download sources and javadoc] INFO  o.e.m.c.i.e.AbstractTransferListenerAdapter - Downloading https://repo.maven.apache.org/maven2/org/apache/tomcat/embed/tomcat-embed-el/10.1.50/tomcat-embed-el-10.1.50-sources.jar
2026-01-29 09:39:12,326 [Worker-31: Download sources and javadoc] INFO  o.e.m.c.i.e.AbstractTransferListenerAdapter - Downloaded https://repo.maven.apache.org/maven2/org/apache/tomcat/embed/tomcat-embed-el/10.1.50/tomcat-embed-el-10.1.50-sources.jar
2026-01-29 09:39:12,331 [Worker-31: Download sources and javadoc] INFO  o.e.m.j.internal.DownloadSourcesJob - Downloaded sources for org.apache.tomcat.embed:tomcat-embed-el:10.1.50
2026-01-29 09:39:12,486 [Worker-31: Download sources and javadoc] INFO  o.e.m.c.i.e.AbstractTransferListenerAdapter - Downloading https://repo.maven.apache.org/maven2/org/apache/tomcat/embed/tomcat-embed-websocket/10.1.50/tomcat-embed-websocket-10.1.50-sources.jar
2026-01-29 09:39:12,635 [Worker-31: Download sources and javadoc] INFO  o.e.m.c.i.e.AbstractTransferListenerAdapter - Downloaded https://repo.maven.apache.org/maven2/org/apache/tomcat/embed/tomcat-embed-websocket/10.1.50/tomcat-embed-websocket-10.1.50-sources.jar
2026-01-29 09:39:12,639 [Worker-31: Download sources and javadoc] INFO  o.e.m.j.internal.DownloadSourcesJob - Downloaded sources for org.apache.tomcat.embed:tomcat-embed-websocket:10.1.50
2026-01-29 09:39:12,780 [Worker-31: Download sources and javadoc] INFO  o.e.m.c.i.e.AbstractTransferListenerAdapter - Downloading https://repo.maven.apache.org/maven2/org/springframework/spring-web/6.2.15/spring-web-6.2.15-sources.jar
2026-01-29 09:39:13,061 [Worker-31: Download sources and javadoc] INFO  o.e.m.c.i.e.AbstractTransferListenerAdapter - Downloaded https://repo.maven.apache.org/maven2/org/springframework/spring-web/6.2.15/spring-web-6.2.15-sources.jar
2026-01-29 09:39:13,065 [Worker-31: Download sources and javadoc] INFO  o.e.m.j.internal.DownloadSourcesJob - Downloaded sources for org.springframework:spring-web:6.2.15
2026-01-29 09:39:13,227 [Worker-31: Download sources and javadoc] INFO  o.e.m.c.i.e.AbstractTransferListenerAdapter - Downloading https://repo.maven.apache.org/maven2/org/springframework/spring-beans/6.2.15/spring-beans-6.2.15-sources.jar
2026-01-29 09:39:13,526 [Worker-31: Download sources and javadoc] INFO  o.e.m.c.i.e.AbstractTransferListenerAdapter - Downloaded https://repo.maven.apache.org/maven2/org/springframework/spring-beans/6.2.15/spring-beans-6.2.15-sources.jar
2026-01-29 09:39:13,531 [Worker-31: Download sources and javadoc] INFO  o.e.m.j.internal.DownloadSourcesJob - Downloaded sources for org.springframework:spring-beans:6.2.15
2026-01-29 09:39:13,692 [Worker-31: Download sources and javadoc] INFO  o.e.m.c.i.e.AbstractTransferListenerAdapter - Downloading https://repo.maven.apache.org/maven2/io/micrometer/micrometer-observation/1.15.8/micrometer-observation-1.15.8-sources.jar
2026-01-29 09:39:13,752 [Worker-31: Download sources and javadoc] INFO  o.e.m.c.i.e.AbstractTransferListenerAdapter - Downloaded https://repo.maven.apache.org/maven2/io/micrometer/micrometer-observation/1.15.8/micrometer-observation-1.15.8-sources.jar
2026-01-29 09:39:13,762 [Worker-31: Download sources and javadoc] INFO  o.e.m.j.internal.DownloadSourcesJob - Downloaded sources for io.micrometer:micrometer-observation:1.15.8
2026-01-29 09:39:13,988 [Worker-31: Download sources and javadoc] INFO  o.e.m.c.i.e.AbstractTransferListenerAdapter - Downloading https://repo.maven.apache.org/maven2/io/micrometer/micrometer-commons/1.15.8/micrometer-commons-1.15.8-sources.jar
2026-01-29 09:39:15,086 [Worker-31: Download sources and javadoc] INFO  o.e.m.c.i.e.AbstractTransferListenerAdapter - Downloaded https://repo.maven.apache.org/maven2/io/micrometer/micrometer-commons/1.15.8/micrometer-commons-1.15.8-sources.jar
2026-01-29 09:39:15,092 [Worker-31: Download sources and javadoc] INFO  o.e.m.j.internal.DownloadSourcesJob - Downloaded sources for io.micrometer:micrometer-commons:1.15.8
2026-01-29 09:39:15,292 [Worker-31: Download sources and javadoc] INFO  o.e.m.c.i.e.AbstractTransferListenerAdapter - Downloading https://repo.maven.apache.org/maven2/org/springframework/spring-webmvc/6.2.15/spring-webmvc-6.2.15-sources.jar
2026-01-29 09:39:15,598 [Worker-3: Import Getting Started Content] INFO  o.e.m.c.i.p.ProjectConfigurationManager - Imported and configured 1 project(s) in 25 sec
2026-01-29 09:39:15,601 [Worker-3: Import Getting Started Content] INFO  o.e.m.c.i.p.ProjectConfigurationManager - Update started
2026-01-29 09:39:15,641 [Worker-31: Download sources and javadoc] INFO  o.e.m.c.i.e.AbstractTransferListenerAdapter - Downloaded https://repo.maven.apache.org/maven2/org/springframework/spring-webmvc/6.2.15/spring-webmvc-6.2.15-sources.jar
2026-01-29 09:39:15,645 [Worker-31: Download sources and javadoc] INFO  o.e.m.j.internal.DownloadSourcesJob - Downloaded sources for org.springframework:spring-webmvc:6.2.15
2026-01-29 09:39:16,370 [Worker-3: Import Getting Started Content] INFO  o.e.m.c.i.l.LifecycleMappingFactory - Using org.eclipse.m2e.jdt.JarLifecycleMapping lifecycle mapping for MavenProject: com.example:DemoProject:0.0.1-SNAPSHOT @ D:\Mphasis\sb\DemoProject\pom.xml.
2026-01-29 09:39:16,465 [Worker-31: Download sources and javadoc] INFO  o.e.m.c.i.e.AbstractTransferListenerAdapter - Downloading https://repo.maven.apache.org/maven2/org/springframework/spring-aop/6.2.15/spring-aop-6.2.15-sources.jar
2026-01-29 09:39:16,632 [Worker-31: Download sources and javadoc] INFO  o.e.m.c.i.e.AbstractTransferListenerAdapter - Downloaded https://repo.maven.apache.org/maven2/org/springframework/spring-aop/6.2.15/spring-aop-6.2.15-sources.jar
2026-01-29 09:39:16,637 [Worker-31: Download sources and javadoc] INFO  o.e.m.j.internal.DownloadSourcesJob - Downloaded sources for org.springframework:spring-aop:6.2.15
2026-01-29 09:39:16,821 [Worker-31: Download sources and javadoc] INFO  o.e.m.c.i.e.AbstractTransferListenerAdapter - Downloading https://repo.maven.apache.org/maven2/org/springframework/spring-context/6.2.15/spring-context-6.2.15-sources.jar
2026-01-29 09:39:17,034 [Worker-3: Import Getting Started Content] INFO  o.e.m.j.i.AbstractJavaProjectConfigurator - Adding source folder /DemoProject/src/main/java
2026-01-29 09:39:17,034 [Worker-3: Import Getting Started Content] INFO  o.e.m.j.i.AbstractJavaProjectConfigurator - Adding resource folder /DemoProject/src/main/resources
2026-01-29 09:39:17,035 [Worker-3: Import Getting Started Content] INFO  o.e.m.j.i.AbstractJavaProjectConfigurator - Adding resource folder /DemoProject/src/main/resources
2026-01-29 09:39:17,036 [Worker-3: Import Getting Started Content] INFO  o.e.m.j.i.AbstractJavaProjectConfigurator - Adding source folder /DemoProject/src/test/java
2026-01-29 09:39:17,037 [Worker-3: Import Getting Started Content] INFO  o.e.m.j.i.AbstractJavaProjectConfigurator - Adding resource folder /DemoProject/src/test/resources
2026-01-29 09:39:17,113 [Worker-31: Download sources and javadoc] INFO  o.e.m.c.i.e.AbstractTransferListenerAdapter - Downloaded https://repo.maven.apache.org/maven2/org/springframework/spring-context/6.2.15/spring-context-6.2.15-sources.jar
2026-01-29 09:39:17,117 [Worker-31: Download sources and javadoc] INFO  o.e.m.j.internal.DownloadSourcesJob - Downloaded sources for org.springframework:spring-context:6.2.15
2026-01-29 09:39:17,287 [Worker-31: Download sources and javadoc] INFO  o.e.m.c.i.e.AbstractTransferListenerAdapter - Downloading https://repo.maven.apache.org/maven2/org/springframework/spring-expression/6.2.15/spring-expression-6.2.15-sources.jar
2026-01-29 09:39:17,464 [Worker-31: Download sources and javadoc] INFO  o.e.m.c.i.e.AbstractTransferListenerAdapter - Downloaded https://repo.maven.apache.org/maven2/org/springframework/spring-expression/6.2.15/spring-expression-6.2.15-sources.jar
2026-01-29 09:39:17,469 [Worker-31: Download sources and javadoc] INFO  o.e.m.j.internal.DownloadSourcesJob - Downloaded sources for org.springframework:spring-expression:6.2.15
2026-01-29 09:39:17,605 [Worker-31: Download sources and javadoc] INFO  o.e.m.c.i.e.AbstractTransferListenerAdapter - Downloading https://repo.maven.apache.org/maven2/org/springframework/boot/spring-boot-devtools/3.5.10/spring-boot-devtools-3.5.10-sources.jar
2026-01-29 09:39:17,715 [Worker-31: Download sources and javadoc] INFO  o.e.m.c.i.e.AbstractTransferListenerAdapter - Downloaded https://repo.maven.apache.org/maven2/org/springframework/boot/spring-boot-devtools/3.5.10/spring-boot-devtools-3.5.10-sources.jar
2026-01-29 09:39:17,720 [Worker-31: Download sources and javadoc] INFO  o.e.m.j.internal.DownloadSourcesJob - Downloaded sources for org.springframework.boot:spring-boot-devtools:3.5.10
2026-01-29 09:39:17,892 [Worker-31: Download sources and javadoc] INFO  o.e.m.c.i.e.AbstractTransferListenerAdapter - Downloading https://repo.maven.apache.org/maven2/org/springframework/boot/spring-boot/3.5.10/spring-boot-3.5.10-sources.jar
2026-01-29 09:39:18,153 [Worker-31: Download sources and javadoc] INFO  o.e.m.c.i.e.AbstractTransferListenerAdapter - Downloaded https://repo.maven.apache.org/maven2/org/springframework/boot/spring-boot/3.5.10/spring-boot-3.5.10-sources.jar
2026-01-29 09:39:18,158 [Worker-31: Download sources and javadoc] INFO  o.e.m.j.internal.DownloadSourcesJob - Downloaded sources for org.springframework.boot:spring-boot:3.5.10
2026-01-29 09:39:18,296 [Worker-31: Download sources and javadoc] INFO  o.e.m.c.i.e.AbstractTransferListenerAdapter - Downloading https://repo.maven.apache.org/maven2/org/springframework/boot/spring-boot-autoconfigure/3.5.10/spring-boot-autoconfigure-3.5.10-sources.jar
2026-01-29 09:39:18,588 [Worker-31: Download sources and javadoc] INFO  o.e.m.c.i.e.AbstractTransferListenerAdapter - Downloaded https://repo.maven.apache.org/maven2/org/springframework/boot/spring-boot-autoconfigure/3.5.10/spring-boot-autoconfigure-3.5.10-sources.jar
2026-01-29 09:39:18,594 [Worker-31: Download sources and javadoc] INFO  o.e.m.j.internal.DownloadSourcesJob - Downloaded sources for org.springframework.boot:spring-boot-autoconfigure:3.5.10
2026-01-29 09:39:18,755 [Worker-31: Download sources and javadoc] INFO  o.e.m.c.i.e.AbstractTransferListenerAdapter - Downloading https://repo.maven.apache.org/maven2/org/springframework/boot/spring-boot-starter-test/3.5.10/spring-boot-starter-test-3.5.10-sources.jar
2026-01-29 09:39:18,825 [Worker-31: Download sources and javadoc] INFO  o.e.m.c.i.e.AbstractTransferListenerAdapter - Downloaded https://repo.maven.apache.org/maven2/org/springframework/boot/spring-boot-starter-test/3.5.10/spring-boot-starter-test-3.5.10-sources.jar
2026-01-29 09:39:18,830 [Worker-31: Download sources and javadoc] INFO  o.e.m.j.internal.DownloadSourcesJob - Downloaded sources for org.springframework.boot:spring-boot-starter-test:3.5.10
2026-01-29 09:39:18,970 [Worker-31: Download sources and javadoc] INFO  o.e.m.c.i.e.AbstractTransferListenerAdapter - Downloading https://repo.maven.apache.org/maven2/org/springframework/boot/spring-boot-test/3.5.10/spring-boot-test-3.5.10-sources.jar
2026-01-29 09:39:18,998 [Worker-3: Import Getting Started Content] INFO  o.e.m.c.i.p.ProjectConfigurationManager - Update completed for 1 poms: local refresh takes 0.00 sec, refresh facades takes 1.00 sec, update config takes 0.00 sec 
2026-01-29 09:39:19,129 [Worker-31: Download sources and javadoc] INFO  o.e.m.c.i.e.AbstractTransferListenerAdapter - Downloaded https://repo.maven.apache.org/maven2/org/springframework/boot/spring-boot-test/3.5.10/spring-boot-test-3.5.10-sources.jar
2026-01-29 09:39:19,136 [Worker-31: Download sources and javadoc] INFO  o.e.m.j.internal.DownloadSourcesJob - Downloaded sources for org.springframework.boot:spring-boot-test:3.5.10
2026-01-29 09:39:19,301 [Worker-31: Download sources and javadoc] INFO  o.e.m.c.i.e.AbstractTransferListenerAdapter - Downloading https://repo.maven.apache.org/maven2/org/springframework/boot/spring-boot-test-autoconfigure/3.5.10/spring-boot-test-autoconfigure-3.5.10-sources.jar
2026-01-29 09:39:19,435 [Worker-31: Download sources and javadoc] INFO  o.e.m.c.i.e.AbstractTransferListenerAdapter - Downloaded https://repo.maven.apache.org/maven2/org/springframework/boot/spring-boot-test-autoconfigure/3.5.10/spring-boot-test-autoconfigure-3.5.10-sources.jar
2026-01-29 09:39:19,440 [Worker-31: Download sources and javadoc] INFO  o.e.m.j.internal.DownloadSourcesJob - Downloaded sources for org.springframework.boot:spring-boot-test-autoconfigure:3.5.10
2026-01-29 09:39:19,591 [Worker-31: Download sources and javadoc] INFO  o.e.m.c.i.e.AbstractTransferListenerAdapter - Downloading https://repo.maven.apache.org/maven2/org/springframework/spring-core/6.2.15/spring-core-6.2.15-sources.jar
2026-01-29 09:39:19,925 [Worker-31: Download sources and javadoc] INFO  o.e.m.c.i.e.AbstractTransferListenerAdapter - Downloaded https://repo.maven.apache.org/maven2/org/springframework/spring-core/6.2.15/spring-core-6.2.15-sources.jar
2026-01-29 09:39:19,930 [Worker-31: Download sources and javadoc] INFO  o.e.m.j.internal.DownloadSourcesJob - Downloaded sources for org.springframework:spring-core:6.2.15
2026-01-29 09:39:20,138 [Worker-31: Download sources and javadoc] INFO  o.e.m.c.i.e.AbstractTransferListenerAdapter - Downloading https://repo.maven.apache.org/maven2/org/springframework/spring-jcl/6.2.15/spring-jcl-6.2.15-sources.jar
2026-01-29 09:39:20,479 [Worker-31: Download sources and javadoc] INFO  o.e.m.c.i.e.AbstractTransferListenerAdapter - Downloaded https://repo.maven.apache.org/maven2/org/springframework/spring-jcl/6.2.15/spring-jcl-6.2.15-sources.jar
2026-01-29 09:39:20,485 [Worker-31: Download sources and javadoc] INFO  o.e.m.j.internal.DownloadSourcesJob - Downloaded sources for org.springframework:spring-jcl:6.2.15
2026-01-29 09:39:20,640 [Worker-31: Download sources and javadoc] INFO  o.e.m.c.i.e.AbstractTransferListenerAdapter - Downloading https://repo.maven.apache.org/maven2/org/springframework/spring-test/6.2.15/spring-test-6.2.15-sources.jar
2026-01-29 09:39:20,959 [Worker-31: Download sources and javadoc] INFO  o.e.m.c.i.e.AbstractTransferListenerAdapter - Downloaded https://repo.maven.apache.org/maven2/org/springframework/spring-test/6.2.15/spring-test-6.2.15-sources.jar
2026-01-29 09:39:20,965 [Worker-31: Download sources and javadoc] INFO  o.e.m.j.internal.DownloadSourcesJob - Downloaded sources for org.springframework:spring-test:6.2.15
2026-01-29 09:39:25,628 [Worker-34: Building] INFO  o.a.m.s.f.DefaultMavenResourcesFiltering - Copying 1 resource from src\main\resources to target\classes
2026-01-29 09:39:25,659 [Worker-34: Building] INFO  o.a.m.s.f.DefaultMavenResourcesFiltering - Copying 0 resource from src\main\resources to target\classes
2026-01-29 09:39:25,664 [Worker-34: Building] INFO  o.a.m.s.f.DefaultMavenResourcesFiltering - Copying 0 resource from src\test\resources to target\test-classes
2026-01-29 09:40:53,925 [Worker-34: Building] INFO  o.a.m.s.f.DefaultMavenResourcesFiltering - Copying 1 resource from src\main\resources to target\classes
2026-01-29 09:40:53,931 [Worker-34: Building] INFO  o.a.m.s.f.DefaultMavenResourcesFiltering - Copying 0 resource from src\main\resources to target\classes
2026-01-29 09:40:53,937 [Worker-34: Building] INFO  o.a.m.s.f.DefaultMavenResourcesFiltering - Copying 0 resource from src\test\resources to target\test-classes
2026-01-29 09:41:12,498 [Worker-31: Building] INFO  o.a.m.s.f.DefaultMavenResourcesFiltering - Copying 1 resource from src\main\resources to target\classes
2026-01-29 09:41:12,512 [Worker-31: Building] INFO  o.a.m.s.f.DefaultMavenResourcesFiltering - Copying 0 resource from src\main\resources to target\classes
2026-01-29 09:41:12,518 [Worker-31: Building] INFO  o.a.m.s.f.DefaultMavenResourcesFiltering - Copying 0 resource from src\test\resources to target\test-classes
2026-01-29 09:41:21,179 [Worker-27: Building] INFO  o.a.m.s.f.DefaultMavenResourcesFiltering - Copying 1 resource from src\main\resources to target\classes
2026-01-29 09:41:21,183 [Worker-27: Building] INFO  o.a.m.s.f.DefaultMavenResourcesFiltering - Copying 0 resource from src\main\resources to target\classes
2026-01-29 09:41:21,186 [Worker-27: Building] INFO  o.a.m.s.f.DefaultMavenResourcesFiltering - Copying 0 resource from src\test\resources to target\test-classes
2026-01-29 09:44:11,238 [Worker-33: Building] INFO  o.a.m.s.f.DefaultMavenResourcesFiltering - Copying 1 resource from src\main\resources to target\classes
2026-01-29 09:44:11,244 [Worker-33: Building] INFO  o.a.m.s.f.DefaultMavenResourcesFiltering - Copying 0 resource from src\main\resources to target\classes
2026-01-29 09:44:11,246 [Worker-33: Building] INFO  o.a.m.s.f.DefaultMavenResourcesFiltering - Copying 0 resource from src\test\resources to target\test-classes
2026-01-29 09:45:14,887 [Worker-39: Building] INFO  o.a.m.s.f.DefaultMavenResourcesFiltering - Copying 1 resource from src\main\resources to target\classes
2026-01-29 09:45:14,891 [Worker-39: Building] INFO  o.a.m.s.f.DefaultMavenResourcesFiltering - Copying 0 resource from src\main\resources to target\classes
2026-01-29 09:45:14,894 [Worker-39: Building] INFO  o.a.m.s.f.DefaultMavenResourcesFiltering - Copying 0 resource from src\test\resources to target\test-classes
2026-01-29 09:48:56,780 [Worker-41: Building] INFO  o.a.m.s.f.DefaultMavenResourcesFiltering - Copying 1 resource from src\main\resources to target\classes
2026-01-29 09:48:56,798 [Worker-41: Building] INFO  o.a.m.s.f.DefaultMavenResourcesFiltering - Copying 0 resource from src\main\resources to target\classes
2026-01-29 09:48:56,803 [Worker-41: Building] INFO  o.a.m.s.f.DefaultMavenResourcesFiltering - Copying 0 resource from src\test\resources to target\test-classes
2026-01-29 09:57:31,706 [Worker-33: Building] INFO  o.a.m.s.f.DefaultMavenResourcesFiltering - Copying 1 resource from src\main\resources to target\classes
2026-01-29 09:57:31,711 [Worker-33: Building] INFO  o.a.m.s.f.DefaultMavenResourcesFiltering - Copying 0 resource from src\main\resources to target\classes
2026-01-29 09:57:31,714 [Worker-33: Building] INFO  o.a.m.s.f.DefaultMavenResourcesFiltering - Copying 0 resource from src\test\resources to target\test-classes
2026-01-29 09:58:13,320 [Worker-41: Building] INFO  o.a.m.s.f.DefaultMavenResourcesFiltering - Copying 1 resource from src\main\resources to target\classes
2026-01-29 09:58:13,327 [Worker-41: Building] INFO  o.a.m.s.f.DefaultMavenResourcesFiltering - Copying 0 resource from src\main\resources to target\classes
2026-01-29 09:58:13,329 [Worker-41: Building] INFO  o.a.m.s.f.DefaultMavenResourcesFiltering - Copying 0 resource from src\test\resources to target\test-classes
2026-01-29 10:01:26,775 [Worker-33: Building] INFO  o.a.m.s.f.DefaultMavenResourcesFiltering - Copying 1 resource from src\main\resources to target\classes
2026-01-29 10:01:26,780 [Worker-33: Building] INFO  o.a.m.s.f.DefaultMavenResourcesFiltering - Copying 0 resource from src\main\resources to target\classes
2026-01-29 10:01:26,782 [Worker-33: Building] INFO  o.a.m.s.f.DefaultMavenResourcesFiltering - Copying 0 resource from src\test\resources to target\test-classes
2026-01-29 10:02:22,316 [Worker-41: Building] INFO  o.a.m.s.f.DefaultMavenResourcesFiltering - Copying 1 resource from src\main\resources to target\classes
2026-01-29 10:02:22,321 [Worker-41: Building] INFO  o.a.m.s.f.DefaultMavenResourcesFiltering - Copying 0 resource from src\main\resources to target\classes
2026-01-29 10:02:22,323 [Worker-41: Building] INFO  o.a.m.s.f.DefaultMavenResourcesFiltering - Copying 0 resource from src\test\resources to target\test-classes
2026-01-29 10:02:39,646 [Worker-40: Building] INFO  o.a.m.s.f.DefaultMavenResourcesFiltering - Copying 1 resource from src\main\resources to target\classes
2026-01-29 10:02:39,664 [Worker-40: Building] INFO  o.a.m.s.f.DefaultMavenResourcesFiltering - Copying 0 resource from src\main\resources to target\classes
2026-01-29 10:02:39,671 [Worker-40: Building] INFO  o.a.m.s.f.DefaultMavenResourcesFiltering - Copying 0 resource from src\test\resources to target\test-classes
2026-01-29 10:03:37,689 [Worker-39: Building] INFO  o.a.m.s.f.DefaultMavenResourcesFiltering - Copying 1 resource from src\main\resources to target\classes
2026-01-29 10:03:37,695 [Worker-39: Building] INFO  o.a.m.s.f.DefaultMavenResourcesFiltering - Copying 0 resource from src\main\resources to target\classes
2026-01-29 10:03:37,698 [Worker-39: Building] INFO  o.a.m.s.f.DefaultMavenResourcesFiltering - Copying 0 resource from src\test\resources to target\test-classes
2026-01-29 10:08:06,096 [Worker-40: Building] INFO  o.a.m.s.f.DefaultMavenResourcesFiltering - Copying 1 resource from src\main\resources to target\classes
2026-01-29 10:08:06,103 [Worker-40: Building] INFO  o.a.m.s.f.DefaultMavenResourcesFiltering - Copying 0 resource from src\main\resources to target\classes
2026-01-29 10:08:06,110 [Worker-40: Building] INFO  o.a.m.s.f.DefaultMavenResourcesFiltering - Copying 0 resource from src\test\resources to target\test-classes
2026-01-29 10:08:24,507 [Worker-39: Building] INFO  o.a.m.s.f.DefaultMavenResourcesFiltering - Copying 1 resource from src\main\resources to target\classes
2026-01-29 10:08:24,514 [Worker-39: Building] INFO  o.a.m.s.f.DefaultMavenResourcesFiltering - Copying 0 resource from src\main\resources to target\classes
2026-01-29 10:08:24,519 [Worker-39: Building] INFO  o.a.m.s.f.DefaultMavenResourcesFiltering - Copying 0 resource from src\test\resources to target\test-classes
2026-01-29 10:08:34,815 [Worker-39: Building] INFO  o.a.m.s.f.DefaultMavenResourcesFiltering - Copying 1 resource from src\main\resources to target\classes
2026-01-29 10:08:34,819 [Worker-39: Building] INFO  o.a.m.s.f.DefaultMavenResourcesFiltering - Copying 0 resource from src\main\resources to target\classes
2026-01-29 10:08:34,822 [Worker-39: Building] INFO  o.a.m.s.f.DefaultMavenResourcesFiltering - Copying 0 resource from src\test\resources to target\test-classes
2026-01-29 10:11:43,715 [Worker-38: Building] INFO  o.a.m.s.f.DefaultMavenResourcesFiltering - Copying 1 resource from src\main\resources to target\classes
2026-01-29 10:11:43,721 [Worker-38: Building] INFO  o.a.m.s.f.DefaultMavenResourcesFiltering - Copying 0 resource from src\main\resources to target\classes
2026-01-29 10:11:43,724 [Worker-38: Building] INFO  o.a.m.s.f.DefaultMavenResourcesFiltering - Copying 0 resource from src\test\resources to target\test-classes
2026-01-29 10:12:59,320 [Worker-40: Building] INFO  o.a.m.s.f.DefaultMavenResourcesFiltering - Copying 1 resource from src\main\resources to target\classes
2026-01-29 10:12:59,342 [Worker-40: Building] INFO  o.a.m.s.f.DefaultMavenResourcesFiltering - Copying 0 resource from src\main\resources to target\classes
2026-01-29 10:12:59,347 [Worker-40: Building] INFO  o.a.m.s.f.DefaultMavenResourcesFiltering - Copying 0 resource from src\test\resources to target\test-classes
2026-01-29 10:13:22,822 [Worker-33: Building] INFO  o.a.m.s.f.DefaultMavenResourcesFiltering - Copying 1 resource from src\main\resources to target\classes
2026-01-29 10:13:22,825 [Worker-33: Building] INFO  o.a.m.s.f.DefaultMavenResourcesFiltering - Copying 0 resource from src\main\resources to target\classes
2026-01-29 10:13:22,827 [Worker-33: Building] INFO  o.a.m.s.f.DefaultMavenResourcesFiltering - Copying 0 resource from src\test\resources to target\test-classes
2026-01-29 10:13:36,473 [Worker-42: Building] INFO  o.a.m.s.f.DefaultMavenResourcesFiltering - Copying 1 resource from src\main\resources to target\classes
2026-01-29 10:13:36,477 [Worker-42: Building] INFO  o.a.m.s.f.DefaultMavenResourcesFiltering - Copying 0 resource from src\main\resources to target\classes
2026-01-29 10:13:36,480 [Worker-42: Building] INFO  o.a.m.s.f.DefaultMavenResourcesFiltering - Copying 0 resource from src\test\resources to target\test-classes
2026-01-29 10:13:41,703 [Worker-42: Building] INFO  o.a.m.s.f.DefaultMavenResourcesFiltering - Copying 1 resource from src\main\resources to target\classes
2026-01-29 10:13:41,705 [Worker-42: Building] INFO  o.a.m.s.f.DefaultMavenResourcesFiltering - Copying 0 resource from src\main\resources to target\classes
2026-01-29 10:13:41,708 [Worker-42: Building] INFO  o.a.m.s.f.DefaultMavenResourcesFiltering - Copying 0 resource from src\test\resources to target\test-classes
2026-01-29 10:14:04,099 [Worker-41: Building] INFO  o.a.m.s.f.DefaultMavenResourcesFiltering - Copying 1 resource from src\main\resources to target\classes
2026-01-29 10:14:04,102 [Worker-41: Building] INFO  o.a.m.s.f.DefaultMavenResourcesFiltering - Copying 0 resource from src\main\resources to target\classes
2026-01-29 10:14:04,105 [Worker-41: Building] INFO  o.a.m.s.f.DefaultMavenResourcesFiltering - Copying 0 resource from src\test\resources to target\test-classes
2026-01-29 10:14:18,044 [Worker-39: Building] INFO  o.a.m.s.f.DefaultMavenResourcesFiltering - Copying 1 resource from src\main\resources to target\classes
2026-01-29 10:14:18,050 [Worker-39: Building] INFO  o.a.m.s.f.DefaultMavenResourcesFiltering - Copying 0 resource from src\main\resources to target\classes
2026-01-29 10:14:18,052 [Worker-39: Building] INFO  o.a.m.s.f.DefaultMavenResourcesFiltering - Copying 0 resource from src\test\resources to target\test-classes
2026-01-29 10:15:02,318 [Worker-33: Building] INFO  o.a.m.s.f.DefaultMavenResourcesFiltering - Copying 1 resource from src\main\resources to target\classes
2026-01-29 10:15:02,337 [Worker-33: Building] INFO  o.a.m.s.f.DefaultMavenResourcesFiltering - Copying 0 resource from src\main\resources to target\classes
2026-01-29 10:15:02,345 [Worker-33: Building] INFO  o.a.m.s.f.DefaultMavenResourcesFiltering - Copying 0 resource from src\test\resources to target\test-classes
2026-01-29 10:22:01,303 [Worker-39: Building] INFO  o.a.m.s.f.DefaultMavenResourcesFiltering - Copying 1 resource from src\main\resources to target\classes
2026-01-29 10:22:01,308 [Worker-39: Building] INFO  o.a.m.s.f.DefaultMavenResourcesFiltering - Copying 0 resource from src\main\resources to target\classes
2026-01-29 10:22:01,310 [Worker-39: Building] INFO  o.a.m.s.f.DefaultMavenResourcesFiltering - Copying 0 resource from src\test\resources to target\test-classes
2026-01-29 10:25:44,583 [Worker-42: Building] INFO  o.a.m.s.f.DefaultMavenResourcesFiltering - Copying 1 resource from src\main\resources to target\classes
2026-01-29 10:25:44,588 [Worker-42: Building] INFO  o.a.m.s.f.DefaultMavenResourcesFiltering - Copying 0 resource from src\main\resources to target\classes
2026-01-29 10:25:44,590 [Worker-42: Building] INFO  o.a.m.s.f.DefaultMavenResourcesFiltering - Copying 0 resource from src\test\resources to target\test-classes
2026-01-29 10:31:24,769 [Worker-41: Building] INFO  o.a.m.s.f.DefaultMavenResourcesFiltering - Copying 1 resource from src\main\resources to target\classes
2026-01-29 10:31:24,774 [Worker-41: Building] INFO  o.a.m.s.f.DefaultMavenResourcesFiltering - Copying 0 resource from src\main\resources to target\classes
2026-01-29 10:31:24,776 [Worker-41: Building] INFO  o.a.m.s.f.DefaultMavenResourcesFiltering - Copying 0 resource from src\test\resources to target\test-classes
2026-01-29 10:31:31,962 [Worker-37: Building] INFO  o.a.m.s.f.DefaultMavenResourcesFiltering - Copying 1 resource from src\main\resources to target\classes
2026-01-29 10:31:31,967 [Worker-37: Building] INFO  o.a.m.s.f.DefaultMavenResourcesFiltering - Copying 0 resource from src\main\resources to target\classes
2026-01-29 10:31:31,970 [Worker-37: Building] INFO  o.a.m.s.f.DefaultMavenResourcesFiltering - Copying 0 resource from src\test\resources to target\test-classes
2026-01-29 10:31:59,627 [Worker-41: Building] INFO  o.a.m.s.f.DefaultMavenResourcesFiltering - Copying 1 resource from src\main\resources to target\classes
2026-01-29 10:31:59,648 [Worker-41: Building] INFO  o.a.m.s.f.DefaultMavenResourcesFiltering - Copying 0 resource from src\main\resources to target\classes
2026-01-29 10:31:59,652 [Worker-41: Building] INFO  o.a.m.s.f.DefaultMavenResourcesFiltering - Copying 0 resource from src\test\resources to target\test-classes
2026-01-29 10:34:52,959 [Worker-38: Building] INFO  o.a.m.s.f.DefaultMavenResourcesFiltering - Copying 1 resource from src\main\resources to target\classes
2026-01-29 10:34:52,962 [Worker-38: Building] INFO  o.a.m.s.f.DefaultMavenResourcesFiltering - Copying 0 resource from src\main\resources to target\classes
2026-01-29 10:34:52,965 [Worker-38: Building] INFO  o.a.m.s.f.DefaultMavenResourcesFiltering - Copying 0 resource from src\test\resources to target\test-classes
2026-01-29 10:39:04,352 [Worker-38: Building] INFO  o.a.m.s.f.DefaultMavenResourcesFiltering - Copying 1 resource from src\main\resources to target\classes
2026-01-29 10:39:04,358 [Worker-38: Building] INFO  o.a.m.s.f.DefaultMavenResourcesFiltering - Copying 0 resource from src\main\resources to target\classes
2026-01-29 10:39:04,362 [Worker-38: Building] INFO  o.a.m.s.f.DefaultMavenResourcesFiltering - Copying 0 resource from src\test\resources to target\test-classes
2026-01-29 10:40:40,115 [Worker-38: Building] INFO  o.a.m.s.f.DefaultMavenResourcesFiltering - Copying 1 resource from src\main\resources to target\classes
2026-01-29 10:40:40,120 [Worker-38: Building] INFO  o.a.m.s.f.DefaultMavenResourcesFiltering - Copying 0 resource from src\main\resources to target\classes
2026-01-29 10:40:40,122 [Worker-38: Building] INFO  o.a.m.s.f.DefaultMavenResourcesFiltering - Copying 0 resource from src\test\resources to target\test-classes
2026-01-29 11:34:49,117 [Worker-41: Building] INFO  o.a.m.s.f.DefaultMavenResourcesFiltering - Copying 1 resource from src\main\resources to target\classes
2026-01-29 11:34:49,123 [Worker-41: Building] INFO  o.a.m.s.f.DefaultMavenResourcesFiltering - Copying 0 resource from src\main\resources to target\classes
2026-01-29 11:34:49,126 [Worker-41: Building] INFO  o.a.m.s.f.DefaultMavenResourcesFiltering - Copying 0 resource from src\test\resources to target\test-classes
2026-01-29 11:43:48,645 [Worker-45: Launching mavenrun-76e027c3-7a04-49c8-bd1d-3a2488e9a557] INFO  o.eclipse.m2e.core.internal.Bundles - getClasspathEntries(Bundle=org.eclipse.m2e.maven.runtime_3.9.900.20250220-2013 [637])
2026-01-29 11:43:48,648 [Worker-45: Launching mavenrun-76e027c3-7a04-49c8-bd1d-3a2488e9a557] INFO  o.eclipse.m2e.core.internal.Bundles - 	Entry: C:\Users\dell\.p2\pool\plugins\org.eclipse.m2e.maven.runtime_3.9.900.20250220-2013
2026-01-29 11:43:48,648 [Worker-45: Launching mavenrun-76e027c3-7a04-49c8-bd1d-3a2488e9a557] INFO  o.eclipse.m2e.core.internal.Bundles - 	Entry: C:\Users\dell\.p2\pool\plugins\org.eclipse.m2e.maven.runtime_3.9.900.20250220-2013\jars\aopalliance-1.0.jar
2026-01-29 11:43:48,648 [Worker-45: Launching mavenrun-76e027c3-7a04-49c8-bd1d-3a2488e9a557] INFO  o.eclipse.m2e.core.internal.Bundles - 	Entry: C:\Users\dell\.p2\pool\plugins\org.eclipse.m2e.maven.runtime_3.9.900.20250220-2013\jars\guice-5.1.0.jar
2026-01-29 11:43:48,649 [Worker-45: Launching mavenrun-76e027c3-7a04-49c8-bd1d-3a2488e9a557] INFO  o.eclipse.m2e.core.internal.Bundles - 	Entry: C:\Users\dell\.p2\pool\plugins\org.eclipse.m2e.maven.runtime_3.9.900.20250220-2013\jars\httpclient-4.5.14.jar
2026-01-29 11:43:48,649 [Worker-45: Launching mavenrun-76e027c3-7a04-49c8-bd1d-3a2488e9a557] INFO  o.eclipse.m2e.core.internal.Bundles - 	Entry: C:\Users\dell\.p2\pool\plugins\org.eclipse.m2e.maven.runtime_3.9.900.20250220-2013\jars\httpcore-4.4.16.jar
2026-01-29 11:43:48,649 [Worker-45: Launching mavenrun-76e027c3-7a04-49c8-bd1d-3a2488e9a557] INFO  o.eclipse.m2e.core.internal.Bundles - 	Entry: C:\Users\dell\.p2\pool\plugins\org.eclipse.m2e.maven.runtime_3.9.900.20250220-2013\jars\jansi-2.4.1.jar
2026-01-29 11:43:48,650 [Worker-45: Launching mavenrun-76e027c3-7a04-49c8-bd1d-3a2488e9a557] INFO  o.eclipse.m2e.core.internal.Bundles - 	Entry: C:\Users\dell\.p2\pool\plugins\org.eclipse.m2e.maven.runtime_3.9.900.20250220-2013\jars\jcl-over-slf4j-1.7.36.jar
2026-01-29 11:43:48,650 [Worker-45: Launching mavenrun-76e027c3-7a04-49c8-bd1d-3a2488e9a557] INFO  o.eclipse.m2e.core.internal.Bundles - 	Entry: C:\Users\dell\.p2\pool\plugins\org.eclipse.m2e.maven.runtime_3.9.900.20250220-2013\jars\maven-artifact-3.9.9.jar
2026-01-29 11:43:48,650 [Worker-45: Launching mavenrun-76e027c3-7a04-49c8-bd1d-3a2488e9a557] INFO  o.eclipse.m2e.core.internal.Bundles - 	Entry: C:\Users\dell\.p2\pool\plugins\org.eclipse.m2e.maven.runtime_3.9.900.20250220-2013\jars\maven-builder-support-3.9.9.jar
2026-01-29 11:43:48,651 [Worker-45: Launching mavenrun-76e027c3-7a04-49c8-bd1d-3a2488e9a557] INFO  o.eclipse.m2e.core.internal.Bundles - 	Entry: C:\Users\dell\.p2\pool\plugins\org.eclipse.m2e.maven.runtime_3.9.900.20250220-2013\jars\maven-compat-3.9.9.jar
2026-01-29 11:43:48,651 [Worker-45: Launching mavenrun-76e027c3-7a04-49c8-bd1d-3a2488e9a557] INFO  o.eclipse.m2e.core.internal.Bundles - 	Entry: C:\Users\dell\.p2\pool\plugins\org.eclipse.m2e.maven.runtime_3.9.900.20250220-2013\jars\maven-core-3.9.9.jar
2026-01-29 11:43:48,652 [Worker-45: Launching mavenrun-76e027c3-7a04-49c8-bd1d-3a2488e9a557] INFO  o.eclipse.m2e.core.internal.Bundles - 	Entry: C:\Users\dell\.p2\pool\plugins\org.eclipse.m2e.maven.runtime_3.9.900.20250220-2013\jars\maven-embedder-3.9.9.jar
2026-01-29 11:43:48,652 [Worker-45: Launching mavenrun-76e027c3-7a04-49c8-bd1d-3a2488e9a557] INFO  o.eclipse.m2e.core.internal.Bundles - 	Entry: C:\Users\dell\.p2\pool\plugins\org.eclipse.m2e.maven.runtime_3.9.900.20250220-2013\jars\maven-model-3.9.9.jar
2026-01-29 11:43:48,652 [Worker-45: Launching mavenrun-76e027c3-7a04-49c8-bd1d-3a2488e9a557] INFO  o.eclipse.m2e.core.internal.Bundles - 	Entry: C:\Users\dell\.p2\pool\plugins\org.eclipse.m2e.maven.runtime_3.9.900.20250220-2013\jars\maven-model-builder-3.9.9.jar
2026-01-29 11:43:48,652 [Worker-45: Launching mavenrun-76e027c3-7a04-49c8-bd1d-3a2488e9a557] INFO  o.eclipse.m2e.core.internal.Bundles - 	Entry: C:\Users\dell\.p2\pool\plugins\org.eclipse.m2e.maven.runtime_3.9.900.20250220-2013\jars\maven-plugin-api-3.9.9.jar
2026-01-29 11:43:48,652 [Worker-45: Launching mavenrun-76e027c3-7a04-49c8-bd1d-3a2488e9a557] INFO  o.eclipse.m2e.core.internal.Bundles - 	Entry: C:\Users\dell\.p2\pool\plugins\org.eclipse.m2e.maven.runtime_3.9.900.20250220-2013\jars\maven-repository-metadata-3.9.9.jar
2026-01-29 11:43:48,653 [Worker-45: Launching mavenrun-76e027c3-7a04-49c8-bd1d-3a2488e9a557] INFO  o.eclipse.m2e.core.internal.Bundles - 	Entry: C:\Users\dell\.p2\pool\plugins\org.eclipse.m2e.maven.runtime_3.9.900.20250220-2013\jars\maven-resolver-api-1.9.22.jar
2026-01-29 11:43:48,653 [Worker-45: Launching mavenrun-76e027c3-7a04-49c8-bd1d-3a2488e9a557] INFO  o.eclipse.m2e.core.internal.Bundles - 	Entry: C:\Users\dell\.p2\pool\plugins\org.eclipse.m2e.maven.runtime_3.9.900.20250220-2013\jars\maven-resolver-connector-basic-1.9.22.jar
2026-01-29 11:43:48,653 [Worker-45: Launching mavenrun-76e027c3-7a04-49c8-bd1d-3a2488e9a557] INFO  o.eclipse.m2e.core.internal.Bundles - 	Entry: C:\Users\dell\.p2\pool\plugins\org.eclipse.m2e.maven.runtime_3.9.900.20250220-2013\jars\maven-resolver-impl-1.9.22.jar
2026-01-29 11:43:48,653 [Worker-45: Launching mavenrun-76e027c3-7a04-49c8-bd1d-3a2488e9a557] INFO  o.eclipse.m2e.core.internal.Bundles - 	Entry: C:\Users\dell\.p2\pool\plugins\org.eclipse.m2e.maven.runtime_3.9.900.20250220-2013\jars\maven-resolver-named-locks-1.9.22.jar
2026-01-29 11:43:48,653 [Worker-45: Launching mavenrun-76e027c3-7a04-49c8-bd1d-3a2488e9a557] INFO  o.eclipse.m2e.core.internal.Bundles - 	Entry: C:\Users\dell\.p2\pool\plugins\org.eclipse.m2e.maven.runtime_3.9.900.20250220-2013\jars\maven-resolver-provider-3.9.9.jar
2026-01-29 11:43:48,653 [Worker-45: Launching mavenrun-76e027c3-7a04-49c8-bd1d-3a2488e9a557] INFO  o.eclipse.m2e.core.internal.Bundles - 	Entry: C:\Users\dell\.p2\pool\plugins\org.eclipse.m2e.maven.runtime_3.9.900.20250220-2013\jars\maven-resolver-spi-1.9.22.jar
2026-01-29 11:43:48,654 [Worker-45: Launching mavenrun-76e027c3-7a04-49c8-bd1d-3a2488e9a557] INFO  o.eclipse.m2e.core.internal.Bundles - 	Entry: C:\Users\dell\.p2\pool\plugins\org.eclipse.m2e.maven.runtime_3.9.900.20250220-2013\jars\maven-resolver-transport-file-1.9.22.jar
2026-01-29 11:43:48,654 [Worker-45: Launching mavenrun-76e027c3-7a04-49c8-bd1d-3a2488e9a557] INFO  o.eclipse.m2e.core.internal.Bundles - 	Entry: C:\Users\dell\.p2\pool\plugins\org.eclipse.m2e.maven.runtime_3.9.900.20250220-2013\jars\maven-resolver-transport-http-1.9.22.jar
2026-01-29 11:43:48,654 [Worker-45: Launching mavenrun-76e027c3-7a04-49c8-bd1d-3a2488e9a557] INFO  o.eclipse.m2e.core.internal.Bundles - 	Entry: C:\Users\dell\.p2\pool\plugins\org.eclipse.m2e.maven.runtime_3.9.900.20250220-2013\jars\maven-resolver-transport-wagon-1.9.22.jar
2026-01-29 11:43:48,654 [Worker-45: Launching mavenrun-76e027c3-7a04-49c8-bd1d-3a2488e9a557] INFO  o.eclipse.m2e.core.internal.Bundles - 	Entry: C:\Users\dell\.p2\pool\plugins\org.eclipse.m2e.maven.runtime_3.9.900.20250220-2013\jars\maven-resolver-util-1.9.22.jar
2026-01-29 11:43:48,654 [Worker-45: Launching mavenrun-76e027c3-7a04-49c8-bd1d-3a2488e9a557] INFO  o.eclipse.m2e.core.internal.Bundles - 	Entry: C:\Users\dell\.p2\pool\plugins\org.eclipse.m2e.maven.runtime_3.9.900.20250220-2013\jars\maven-settings-3.9.9.jar
2026-01-29 11:43:48,655 [Worker-45: Launching mavenrun-76e027c3-7a04-49c8-bd1d-3a2488e9a557] INFO  o.eclipse.m2e.core.internal.Bundles - 	Entry: C:\Users\dell\.p2\pool\plugins\org.eclipse.m2e.maven.runtime_3.9.900.20250220-2013\jars\maven-settings-builder-3.9.9.jar
2026-01-29 11:43:48,655 [Worker-45: Launching mavenrun-76e027c3-7a04-49c8-bd1d-3a2488e9a557] INFO  o.eclipse.m2e.core.internal.Bundles - 	Entry: C:\Users\dell\.p2\pool\plugins\org.eclipse.m2e.maven.runtime_3.9.900.20250220-2013\jars\maven-shared-utils-3.4.2.jar
2026-01-29 11:43:48,655 [Worker-45: Launching mavenrun-76e027c3-7a04-49c8-bd1d-3a2488e9a557] INFO  o.eclipse.m2e.core.internal.Bundles - 	Entry: C:\Users\dell\.p2\pool\plugins\org.eclipse.m2e.maven.runtime_3.9.900.20250220-2013\jars\org.eclipse.sisu.inject-0.9.0.M3.jar
2026-01-29 11:43:48,655 [Worker-45: Launching mavenrun-76e027c3-7a04-49c8-bd1d-3a2488e9a557] INFO  o.eclipse.m2e.core.internal.Bundles - 	Entry: C:\Users\dell\.p2\pool\plugins\org.eclipse.m2e.maven.runtime_3.9.900.20250220-2013\jars\org.eclipse.sisu.plexus-0.9.0.M3.jar
2026-01-29 11:43:48,655 [Worker-45: Launching mavenrun-76e027c3-7a04-49c8-bd1d-3a2488e9a557] INFO  o.eclipse.m2e.core.internal.Bundles - 	Entry: C:\Users\dell\.p2\pool\plugins\org.eclipse.m2e.maven.runtime_3.9.900.20250220-2013\jars\plexus-build-api-0.0.7.jar
2026-01-29 11:43:48,655 [Worker-45: Launching mavenrun-76e027c3-7a04-49c8-bd1d-3a2488e9a557] INFO  o.eclipse.m2e.core.internal.Bundles - 	Entry: C:\Users\dell\.p2\pool\plugins\org.eclipse.m2e.maven.runtime_3.9.900.20250220-2013\jars\plexus-build-api-1.2.0.jar
2026-01-29 11:43:48,656 [Worker-45: Launching mavenrun-76e027c3-7a04-49c8-bd1d-3a2488e9a557] INFO  o.eclipse.m2e.core.internal.Bundles - 	Entry: C:\Users\dell\.p2\pool\plugins\org.eclipse.m2e.maven.runtime_3.9.900.20250220-2013\jars\plexus-cipher-2.0.jar
2026-01-29 11:43:48,657 [Worker-45: Launching mavenrun-76e027c3-7a04-49c8-bd1d-3a2488e9a557] INFO  o.eclipse.m2e.core.internal.Bundles - 	Entry: C:\Users\dell\.p2\pool\plugins\org.eclipse.m2e.maven.runtime_3.9.900.20250220-2013\jars\plexus-classworlds-2.8.0.jar
2026-01-29 11:43:48,659 [Worker-45: Launching mavenrun-76e027c3-7a04-49c8-bd1d-3a2488e9a557] INFO  o.eclipse.m2e.core.internal.Bundles - 	Entry: C:\Users\dell\.p2\pool\plugins\org.eclipse.m2e.maven.runtime_3.9.900.20250220-2013\jars\plexus-component-annotations-2.1.0.jar
2026-01-29 11:43:48,659 [Worker-45: Launching mavenrun-76e027c3-7a04-49c8-bd1d-3a2488e9a557] INFO  o.eclipse.m2e.core.internal.Bundles - 	Entry: C:\Users\dell\.p2\pool\plugins\org.eclipse.m2e.maven.runtime_3.9.900.20250220-2013\jars\plexus-interpolation-1.27.jar
2026-01-29 11:43:48,660 [Worker-45: Launching mavenrun-76e027c3-7a04-49c8-bd1d-3a2488e9a557] INFO  o.eclipse.m2e.core.internal.Bundles - 	Entry: C:\Users\dell\.p2\pool\plugins\org.eclipse.m2e.maven.runtime_3.9.900.20250220-2013\jars\plexus-sec-dispatcher-2.0.jar
2026-01-29 11:43:48,660 [Worker-45: Launching mavenrun-76e027c3-7a04-49c8-bd1d-3a2488e9a557] INFO  o.eclipse.m2e.core.internal.Bundles - 	Entry: C:\Users\dell\.p2\pool\plugins\org.eclipse.m2e.maven.runtime_3.9.900.20250220-2013\jars\plexus-utils-3.5.1.jar
2026-01-29 11:43:48,660 [Worker-45: Launching mavenrun-76e027c3-7a04-49c8-bd1d-3a2488e9a557] INFO  o.eclipse.m2e.core.internal.Bundles - 	Entry: C:\Users\dell\.p2\pool\plugins\org.eclipse.m2e.maven.runtime_3.9.900.20250220-2013\jars\plexus-xml-3.0.1.jar
2026-01-29 11:43:48,660 [Worker-45: Launching mavenrun-76e027c3-7a04-49c8-bd1d-3a2488e9a557] INFO  o.eclipse.m2e.core.internal.Bundles - 	Entry: C:\Users\dell\.p2\pool\plugins\org.eclipse.m2e.maven.runtime_3.9.900.20250220-2013\jars\wagon-file-3.5.3.jar
2026-01-29 11:43:48,660 [Worker-45: Launching mavenrun-76e027c3-7a04-49c8-bd1d-3a2488e9a557] INFO  o.eclipse.m2e.core.internal.Bundles - 	Entry: C:\Users\dell\.p2\pool\plugins\org.eclipse.m2e.maven.runtime_3.9.900.20250220-2013\jars\wagon-http-3.5.3.jar
2026-01-29 11:43:48,660 [Worker-45: Launching mavenrun-76e027c3-7a04-49c8-bd1d-3a2488e9a557] INFO  o.eclipse.m2e.core.internal.Bundles - 	Entry: C:\Users\dell\.p2\pool\plugins\org.eclipse.m2e.maven.runtime_3.9.900.20250220-2013\jars\wagon-http-shared-3.5.3.jar
2026-01-29 11:43:48,661 [Worker-45: Launching mavenrun-76e027c3-7a04-49c8-bd1d-3a2488e9a557] INFO  o.eclipse.m2e.core.internal.Bundles - 	Entry: C:\Users\dell\.p2\pool\plugins\org.eclipse.m2e.maven.runtime_3.9.900.20250220-2013\jars\wagon-provider-api-3.5.3.jar
2026-01-29 11:43:48,662 [Worker-45: Launching mavenrun-76e027c3-7a04-49c8-bd1d-3a2488e9a557] INFO  o.eclipse.m2e.core.internal.Bundles - getClasspathEntries(Bundle=com.google.guava_33.4.0.jre [16])
2026-01-29 11:43:48,663 [Worker-45: Launching mavenrun-76e027c3-7a04-49c8-bd1d-3a2488e9a557] INFO  o.eclipse.m2e.core.internal.Bundles - 	Entry: C:\Users\dell\.p2\pool\plugins\com.google.guava_33.4.0.jre.jar
2026-01-29 11:43:48,663 [Worker-45: Launching mavenrun-76e027c3-7a04-49c8-bd1d-3a2488e9a557] INFO  o.eclipse.m2e.core.internal.Bundles - getClasspathEntries(Bundle=slf4j.api_2.0.17 [1001])
2026-01-29 11:43:48,663 [Worker-45: Launching mavenrun-76e027c3-7a04-49c8-bd1d-3a2488e9a557] INFO  o.eclipse.m2e.core.internal.Bundles - 	Entry: C:\Users\dell\.p2\pool\plugins\slf4j.api_2.0.17.jar
2026-01-29 11:43:48,664 [Worker-45: Launching mavenrun-76e027c3-7a04-49c8-bd1d-3a2488e9a557] INFO  o.eclipse.m2e.core.internal.Bundles - getClasspathEntries(Bundle=javax.inject_1.0.0.v20220405-0441 [1010])
2026-01-29 11:43:48,664 [Worker-45: Launching mavenrun-76e027c3-7a04-49c8-bd1d-3a2488e9a557] INFO  o.eclipse.m2e.core.internal.Bundles - 	Entry: C:\Users\dell\.p2\pool\plugins\javax.inject_1.0.0.v20220405-0441.jar
2026-01-29 11:43:48,664 [Worker-45: Launching mavenrun-76e027c3-7a04-49c8-bd1d-3a2488e9a557] INFO  o.eclipse.m2e.core.internal.Bundles - getClasspathEntries(Bundle=javax.annotation_1.3.5.v20230504-0748 [1009])
2026-01-29 11:43:48,665 [Worker-45: Launching mavenrun-76e027c3-7a04-49c8-bd1d-3a2488e9a557] INFO  o.eclipse.m2e.core.internal.Bundles - 	Entry: C:\Users\dell\.p2\pool\plugins\javax.annotation_1.3.5.v20230504-0748.jar
2026-01-29 11:43:48,665 [Worker-45: Launching mavenrun-76e027c3-7a04-49c8-bd1d-3a2488e9a557] INFO  o.eclipse.m2e.core.internal.Bundles - getClasspathEntries(Bundle=org.apache.commons.cli_1.9.0 [74])
2026-01-29 11:43:48,666 [Worker-45: Launching mavenrun-76e027c3-7a04-49c8-bd1d-3a2488e9a557] INFO  o.eclipse.m2e.core.internal.Bundles - 	Entry: C:\Users\dell\.p2\pool\plugins\org.apache.commons.cli_1.9.0.jar
2026-01-29 11:43:48,666 [Worker-45: Launching mavenrun-76e027c3-7a04-49c8-bd1d-3a2488e9a557] INFO  o.eclipse.m2e.core.internal.Bundles - getClasspathEntries(Bundle=org.apache.commons.commons-codec_1.16.0 [76])
2026-01-29 11:43:48,666 [Worker-45: Launching mavenrun-76e027c3-7a04-49c8-bd1d-3a2488e9a557] INFO  o.eclipse.m2e.core.internal.Bundles - 	Entry: C:\Users\dell\.p2\pool\plugins\org.apache.commons.commons-codec_1.16.0.jar
2026-01-29 11:43:48,666 [Worker-45: Launching mavenrun-76e027c3-7a04-49c8-bd1d-3a2488e9a557] INFO  o.eclipse.m2e.core.internal.Bundles - getClasspathEntries(Bundle=com.google.guava.failureaccess_1.0.2 [17])
2026-01-29 11:43:48,667 [Worker-45: Launching mavenrun-76e027c3-7a04-49c8-bd1d-3a2488e9a557] INFO  o.eclipse.m2e.core.internal.Bundles - 	Entry: C:\Users\dell\.p2\pool\plugins\com.google.guava.failureaccess_1.0.2.jar
2026-01-29 11:43:48,672 [Worker-45: Launching mavenrun-76e027c3-7a04-49c8-bd1d-3a2488e9a557] INFO  o.e.m.i.launch.MavenLaunchDelegate - Run build in "C:\Users\dell\AppData\Local\Temp\m2e-archetypeGenerator13628933506836300815":
2026-01-29 11:43:48,673 [Worker-45: Launching mavenrun-76e027c3-7a04-49c8-bd1d-3a2488e9a557] INFO  o.e.m.i.launch.MavenLaunchDelegate -  mvn  -DarchetypeGroupId=org.glassfish.jersey.archetypes -DarchetypeArtifactId=jersey-quickstart-webapp -DarchetypeVersion=4.0.0 -DgroupId=mphasis -DartifactId=HibernateSprExample -Dversion=0.0.1-SNAPSHOT -Dpackage=com.java.hib -DoutputDirectory=D:\Mphasis\sb -B -Dstyle.color=always -U archetype:generate
2026-01-29 11:44:01,775 [Worker-44: Creating jersey-quickstart-webapp] INFO  o.e.m.c.i.p.ProjectConfigurationManager - Collecting project info '/pom.xml' D:\Mphasis\sb\HibernateSprExample\pom.xml
2026-01-29 11:44:02,929 [Worker-44: Creating jersey-quickstart-webapp] INFO  o.e.m.c.i.l.LifecycleMappingFactory - Using org.maven.ide.eclipse.wtp.WarLifecycleMapping lifecycle mapping for MavenProject: mphasis:HibernateSprExample:0.0.1-SNAPSHOT @ D:\Mphasis\sb\HibernateSprExample\pom.xml.
2026-01-29 11:44:08,314 [Worker-44: Creating jersey-quickstart-webapp] INFO  o.e.m.j.i.AbstractJavaProjectConfigurator - Adding source folder /HibernateSprExample/src/main/java
2026-01-29 11:44:08,316 [Worker-44: Creating jersey-quickstart-webapp] INFO  o.e.m.j.i.AbstractJavaProjectConfigurator - Adding resource folder /HibernateSprExample/src/main/resources
2026-01-29 11:44:08,316 [Worker-44: Creating jersey-quickstart-webapp] INFO  o.e.m.j.i.AbstractJavaProjectConfigurator - Adding source folder /HibernateSprExample/src/test/java
2026-01-29 11:44:08,317 [Worker-44: Creating jersey-quickstart-webapp] INFO  o.e.m.j.i.AbstractJavaProjectConfigurator - Adding resource folder /HibernateSprExample/src/test/resources
2026-01-29 11:44:12,934 [Worker-44: Creating jersey-quickstart-webapp] INFO  o.e.m.c.i.p.ProjectConfigurationManager - Imported and configured 1 project(s) in 11 sec
2026-01-29 11:44:13,596 [Worker-44: Building] INFO  o.a.m.s.f.DefaultMavenResourcesFiltering - skip non existing resourceDirectory D:\Mphasis\sb\HibernateSprExample\src\main\resources
2026-01-29 11:44:13,602 [Worker-44: Building] INFO  o.a.m.s.f.DefaultMavenResourcesFiltering - skip non existing resourceDirectory D:\Mphasis\sb\HibernateSprExample\src\test\resources
2026-01-29 11:44:38,616 [Worker-41: Building] INFO  o.a.m.s.f.DefaultMavenResourcesFiltering - skip non existing resourceDirectory D:\Mphasis\sb\HibernateSprExample\src\main\resources
2026-01-29 11:44:38,619 [Worker-41: Building] INFO  o.a.m.s.f.DefaultMavenResourcesFiltering - skip non existing resourceDirectory D:\Mphasis\sb\HibernateSprExample\src\test\resources
2026-01-29 11:45:10,968 [Worker-44: Building] INFO  o.a.m.s.f.DefaultMavenResourcesFiltering - skip non existing resourceDirectory D:\Mphasis\sb\HibernateSprExample\src\main\resources
2026-01-29 11:45:10,971 [Worker-44: Building] INFO  o.a.m.s.f.DefaultMavenResourcesFiltering - skip non existing resourceDirectory D:\Mphasis\sb\HibernateSprExample\src\test\resources
2026-01-29 11:45:36,852 [Worker-45: Building] INFO  o.e.m.c.i.l.LifecycleMappingFactory - Using org.maven.ide.eclipse.wtp.WarLifecycleMapping lifecycle mapping for MavenProject: mphasis:HibernateSprExample:0.0.1-SNAPSHOT @ D:\Mphasis\sb\HibernateSprExample\pom.xml.
2026-01-29 11:45:37,013 [Worker-45: Building] INFO  o.e.m.c.i.e.AbstractTransferListenerAdapter - Downloading https://repo.maven.apache.org/maven2/org/springframework/spring-orm/5.3.30/spring-orm-5.3.30.pom
2026-01-29 11:45:37,047 [Worker-45: Building] INFO  o.e.m.c.i.e.AbstractTransferListenerAdapter - Downloaded https://repo.maven.apache.org/maven2/org/springframework/spring-orm/5.3.30/spring-orm-5.3.30.pom
2026-01-29 11:45:37,689 [Worker-45: Building] WARN  o.e.m.c.i.embedder.EclipseLogger - The artifact mysql:mysql-connector-java:jar:8.0.33 has been relocated to com.mysql:mysql-connector-j:jar:8.0.33: MySQL Connector/J artifacts moved to reverse-DNS compliant Maven 2+ coordinates.
2026-01-29 11:45:37,795 [Worker-45: Building] INFO  o.e.m.c.i.e.AbstractTransferListenerAdapter - Downloading https://repo.maven.apache.org/maven2/org/springframework/spring-orm/5.3.30/spring-orm-5.3.30.jar
2026-01-29 11:45:37,913 [Worker-45: Building] INFO  o.e.m.c.i.e.AbstractTransferListenerAdapter - Downloaded https://repo.maven.apache.org/maven2/org/springframework/spring-orm/5.3.30/spring-orm-5.3.30.jar
2026-01-29 11:45:37,969 [Worker-45: Building] WARN  o.e.m.c.i.embedder.EclipseLogger - The artifact mysql:mysql-connector-java:jar:8.0.33 has been relocated to com.mysql:mysql-connector-j:jar:8.0.33: MySQL Connector/J artifacts moved to reverse-DNS compliant Maven 2+ coordinates.
2026-01-29 11:45:39,674 [Worker-48: Download sources and javadoc] INFO  o.e.m.c.i.e.AbstractTransferListenerAdapter - Downloading https://repo.maven.apache.org/maven2/org/springframework/spring-orm/5.3.30/spring-orm-5.3.30-sources.jar
2026-01-29 11:45:39,736 [Worker-48: Download sources and javadoc] INFO  o.e.m.c.i.e.AbstractTransferListenerAdapter - Downloaded https://repo.maven.apache.org/maven2/org/springframework/spring-orm/5.3.30/spring-orm-5.3.30-sources.jar
2026-01-29 11:45:39,740 [Worker-48: Download sources and javadoc] INFO  o.e.m.j.internal.DownloadSourcesJob - Downloaded sources for org.springframework:spring-orm:5.3.30
2026-01-29 11:45:39,849 [Worker-45: Building] INFO  o.a.m.s.f.DefaultMavenResourcesFiltering - skip non existing resourceDirectory D:\Mphasis\sb\HibernateSprExample\src\main\resources
2026-01-29 11:45:39,852 [Worker-45: Building] INFO  o.a.m.s.f.DefaultMavenResourcesFiltering - skip non existing resourceDirectory D:\Mphasis\sb\HibernateSprExample\src\test\resources
2026-01-29 11:45:39,852 [Worker-45: Building] INFO  o.e.m.w.i.f.ResourceFilteringBuildParticipant - Changed resources require a complete clean of filtered resources of HibernateSprExample
2026-01-29 11:45:39,853 [Worker-45: Building] INFO  o.e.m.w.i.f.ResourceFilteringBuildParticipant - Executing resource filtering for HibernateSprExample
2026-01-29 11:45:44,153 [Worker-48: Building] INFO  o.a.m.s.f.DefaultMavenResourcesFiltering - skip non existing resourceDirectory D:\Mphasis\sb\HibernateSprExample\src\main\resources
2026-01-29 11:45:44,155 [Worker-48: Building] INFO  o.a.m.s.f.DefaultMavenResourcesFiltering - skip non existing resourceDirectory D:\Mphasis\sb\HibernateSprExample\src\test\resources
2026-01-29 11:46:08,424 [Worker-48: Building] INFO  o.a.m.s.f.DefaultMavenResourcesFiltering - skip non existing resourceDirectory D:\Mphasis\sb\HibernateSprExample\src\main\resources
2026-01-29 11:46:08,426 [Worker-48: Building] INFO  o.a.m.s.f.DefaultMavenResourcesFiltering - skip non existing resourceDirectory D:\Mphasis\sb\HibernateSprExample\src\test\resources
2026-01-29 11:46:41,842 [Worker-47: Building] INFO  o.a.m.s.f.DefaultMavenResourcesFiltering - skip non existing resourceDirectory D:\Mphasis\sb\HibernateSprExample\src\main\resources
2026-01-29 11:46:41,844 [Worker-47: Building] INFO  o.a.m.s.f.DefaultMavenResourcesFiltering - skip non existing resourceDirectory D:\Mphasis\sb\HibernateSprExample\src\test\resources
2026-01-29 11:46:50,194 [Worker-44: Building] INFO  o.a.m.s.f.DefaultMavenResourcesFiltering - skip non existing resourceDirectory D:\Mphasis\sb\HibernateSprExample\src\main\resources
2026-01-29 11:46:50,196 [Worker-44: Building] INFO  o.a.m.s.f.DefaultMavenResourcesFiltering - skip non existing resourceDirectory D:\Mphasis\sb\HibernateSprExample\src\test\resources
2026-01-29 11:47:03,913 [Worker-48: Building] INFO  o.a.m.s.f.DefaultMavenResourcesFiltering - skip non existing resourceDirectory D:\Mphasis\sb\HibernateSprExample\src\main\resources
2026-01-29 11:47:03,914 [Worker-48: Building] INFO  o.a.m.s.f.DefaultMavenResourcesFiltering - skip non existing resourceDirectory D:\Mphasis\sb\HibernateSprExample\src\test\resources
2026-01-29 11:47:17,948 [Worker-48: Building] INFO  o.a.m.s.f.DefaultMavenResourcesFiltering - skip non existing resourceDirectory D:\Mphasis\sb\HibernateSprExample\src\main\resources
2026-01-29 11:47:17,950 [Worker-48: Building] INFO  o.a.m.s.f.DefaultMavenResourcesFiltering - skip non existing resourceDirectory D:\Mphasis\sb\HibernateSprExample\src\test\resources
2026-01-29 11:47:33,048 [Worker-52: Building] INFO  o.a.m.s.f.DefaultMavenResourcesFiltering - skip non existing resourceDirectory D:\Mphasis\sb\HibernateSprExample\src\main\resources
2026-01-29 11:47:33,049 [Worker-52: Building] INFO  o.a.m.s.f.DefaultMavenResourcesFiltering - skip non existing resourceDirectory D:\Mphasis\sb\HibernateSprExample\src\test\resources
2026-01-29 11:47:58,187 [Worker-44: Building] INFO  o.a.m.s.f.DefaultMavenResourcesFiltering - skip non existing resourceDirectory D:\Mphasis\sb\HibernateSprExample\src\main\resources
2026-01-29 11:47:58,190 [Worker-44: Building] INFO  o.a.m.s.f.DefaultMavenResourcesFiltering - skip non existing resourceDirectory D:\Mphasis\sb\HibernateSprExample\src\test\resources
2026-01-29 11:48:30,160 [Worker-43: Building] INFO  o.a.m.s.f.DefaultMavenResourcesFiltering - skip non existing resourceDirectory D:\Mphasis\sb\HibernateSprExample\src\main\resources
2026-01-29 11:48:30,162 [Worker-43: Building] INFO  o.a.m.s.f.DefaultMavenResourcesFiltering - skip non existing resourceDirectory D:\Mphasis\sb\HibernateSprExample\src\test\resources
2026-01-29 11:48:40,733 [Worker-48: Building] INFO  o.a.m.s.f.DefaultMavenResourcesFiltering - skip non existing resourceDirectory D:\Mphasis\sb\HibernateSprExample\src\main\resources
2026-01-29 11:48:40,735 [Worker-48: Building] INFO  o.a.m.s.f.DefaultMavenResourcesFiltering - skip non existing resourceDirectory D:\Mphasis\sb\HibernateSprExample\src\test\resources
2026-01-29 11:49:10,466 [Worker-45: Building] INFO  o.a.m.s.f.DefaultMavenResourcesFiltering - skip non existing resourceDirectory D:\Mphasis\sb\HibernateSprExample\src\main\resources
2026-01-29 11:49:10,467 [Worker-45: Building] INFO  o.a.m.s.f.DefaultMavenResourcesFiltering - skip non existing resourceDirectory D:\Mphasis\sb\HibernateSprExample\src\test\resources
2026-01-29 11:49:13,217 [Worker-43: Building] INFO  o.a.m.s.f.DefaultMavenResourcesFiltering - skip non existing resourceDirectory D:\Mphasis\sb\HibernateSprExample\src\main\resources
2026-01-29 11:49:13,219 [Worker-43: Building] INFO  o.a.m.s.f.DefaultMavenResourcesFiltering - skip non existing resourceDirectory D:\Mphasis\sb\HibernateSprExample\src\test\resources
2026-01-29 11:49:37,031 [Worker-48: Building] INFO  o.a.m.s.f.DefaultMavenResourcesFiltering - skip non existing resourceDirectory D:\Mphasis\sb\HibernateSprExample\src\main\resources
2026-01-29 11:49:37,033 [Worker-48: Building] INFO  o.a.m.s.f.DefaultMavenResourcesFiltering - skip non existing resourceDirectory D:\Mphasis\sb\HibernateSprExample\src\test\resources
2026-01-29 11:50:08,758 [Worker-45: Building] INFO  o.a.m.s.f.DefaultMavenResourcesFiltering - skip non existing resourceDirectory D:\Mphasis\sb\HibernateSprExample\src\main\resources
2026-01-29 11:50:08,759 [Worker-45: Building] INFO  o.a.m.s.f.DefaultMavenResourcesFiltering - skip non existing resourceDirectory D:\Mphasis\sb\HibernateSprExample\src\test\resources
2026-01-29 11:50:17,764 [Worker-44: Building] INFO  o.a.m.s.f.DefaultMavenResourcesFiltering - skip non existing resourceDirectory D:\Mphasis\sb\HibernateSprExample\src\main\resources
2026-01-29 11:50:17,766 [Worker-44: Building] INFO  o.a.m.s.f.DefaultMavenResourcesFiltering - skip non existing resourceDirectory D:\Mphasis\sb\HibernateSprExample\src\test\resources
2026-01-29 11:50:44,190 [Worker-44: Building] INFO  o.a.m.s.f.DefaultMavenResourcesFiltering - skip non existing resourceDirectory D:\Mphasis\sb\HibernateSprExample\src\main\resources
2026-01-29 11:50:44,192 [Worker-44: Building] INFO  o.a.m.s.f.DefaultMavenResourcesFiltering - skip non existing resourceDirectory D:\Mphasis\sb\HibernateSprExample\src\test\resources
2026-01-29 11:51:02,649 [Worker-50: Building] INFO  o.a.m.s.f.DefaultMavenResourcesFiltering - skip non existing resourceDirectory D:\Mphasis\sb\HibernateSprExample\src\main\resources
2026-01-29 11:51:02,652 [Worker-50: Building] INFO  o.a.m.s.f.DefaultMavenResourcesFiltering - skip non existing resourceDirectory D:\Mphasis\sb\HibernateSprExample\src\test\resources
2026-01-29 11:51:16,155 [Worker-47: Building] INFO  o.a.m.s.f.DefaultMavenResourcesFiltering - skip non existing resourceDirectory D:\Mphasis\sb\HibernateSprExample\src\main\resources
2026-01-29 11:51:16,157 [Worker-47: Building] INFO  o.a.m.s.f.DefaultMavenResourcesFiltering - skip non existing resourceDirectory D:\Mphasis\sb\HibernateSprExample\src\test\resources
2026-01-29 11:51:40,568 [Worker-48: Building] INFO  o.a.m.s.f.DefaultMavenResourcesFiltering - skip non existing resourceDirectory D:\Mphasis\sb\HibernateSprExample\src\main\resources
2026-01-29 11:51:40,570 [Worker-48: Building] INFO  o.a.m.s.f.DefaultMavenResourcesFiltering - skip non existing resourceDirectory D:\Mphasis\sb\HibernateSprExample\src\test\resources
2026-01-29 11:53:07,128 [Worker-50: Building] INFO  o.e.m.c.i.l.LifecycleMappingFactory - Using org.maven.ide.eclipse.wtp.WarLifecycleMapping lifecycle mapping for MavenProject: mphasis:HibernateSprExample:0.0.1-SNAPSHOT @ D:\Mphasis\sb\HibernateSprExample\pom.xml.
2026-01-29 11:53:07,418 [Worker-50: Building] INFO  o.e.m.c.i.e.AbstractTransferListenerAdapter - Downloading https://repo.maven.apache.org/maven2/org/hibernate/validator/hibernate-validator/6.2.5.Final/hibernate-validator-6.2.5.Final.pom
2026-01-29 11:53:07,459 [Worker-50: Building] INFO  o.e.m.c.i.e.AbstractTransferListenerAdapter - Downloaded https://repo.maven.apache.org/maven2/org/hibernate/validator/hibernate-validator/6.2.5.Final/hibernate-validator-6.2.5.Final.pom
2026-01-29 11:53:07,532 [Worker-50: Building] INFO  o.e.m.c.i.e.AbstractTransferListenerAdapter - Downloading https://repo.maven.apache.org/maven2/org/hibernate/validator/hibernate-validator-parent/6.2.5.Final/hibernate-validator-parent-6.2.5.Final.pom
2026-01-29 11:53:07,578 [Worker-50: Building] INFO  o.e.m.c.i.e.AbstractTransferListenerAdapter - Downloaded https://repo.maven.apache.org/maven2/org/hibernate/validator/hibernate-validator-parent/6.2.5.Final/hibernate-validator-parent-6.2.5.Final.pom
2026-01-29 11:53:07,656 [Worker-50: Building] INFO  o.e.m.c.i.e.AbstractTransferListenerAdapter - Downloading https://repo.maven.apache.org/maven2/org/jboss/arquillian/arquillian-bom/1.6.0.Final/arquillian-bom-1.6.0.Final.pom
2026-01-29 11:53:07,687 [Worker-50: Building] INFO  o.e.m.c.i.e.AbstractTransferListenerAdapter - Downloaded https://repo.maven.apache.org/maven2/org/jboss/arquillian/arquillian-bom/1.6.0.Final/arquillian-bom-1.6.0.Final.pom
2026-01-29 11:53:07,780 [Worker-50: Building] INFO  o.e.m.c.i.e.AbstractTransferListenerAdapter - Downloading https://repo.maven.apache.org/maven2/jakarta/validation/jakarta.validation-api/2.0.2/jakarta.validation-api-2.0.2.pom
2026-01-29 11:53:07,814 [Worker-50: Building] INFO  o.e.m.c.i.e.AbstractTransferListenerAdapter - Downloaded https://repo.maven.apache.org/maven2/jakarta/validation/jakarta.validation-api/2.0.2/jakarta.validation-api-2.0.2.pom
2026-01-29 11:53:07,938 [Worker-50: Building] INFO  o.e.m.c.i.e.AbstractTransferListenerAdapter - Downloading https://repo.maven.apache.org/maven2/org/glassfish/javax.el/3.0.1-b11/javax.el-3.0.1-b11.pom
2026-01-29 11:53:07,971 [Worker-50: Building] INFO  o.e.m.c.i.e.AbstractTransferListenerAdapter - Downloaded https://repo.maven.apache.org/maven2/org/glassfish/javax.el/3.0.1-b11/javax.el-3.0.1-b11.pom
2026-01-29 11:53:08,076 [Worker-50: Building] WARN  o.e.m.c.i.embedder.EclipseLogger - The artifact mysql:mysql-connector-java:jar:8.0.33 has been relocated to com.mysql:mysql-connector-j:jar:8.0.33: MySQL Connector/J artifacts moved to reverse-DNS compliant Maven 2+ coordinates.
2026-01-29 11:53:08,191 [Worker-50: Building] INFO  o.e.m.c.i.e.AbstractTransferListenerAdapter - Downloading https://repo.maven.apache.org/maven2/org/hibernate/validator/hibernate-validator/6.2.5.Final/hibernate-validator-6.2.5.Final.jar
2026-01-29 11:53:08,354 [Worker-50: Building] INFO  o.e.m.c.i.e.AbstractTransferListenerAdapter - Downloaded https://repo.maven.apache.org/maven2/org/hibernate/validator/hibernate-validator/6.2.5.Final/hibernate-validator-6.2.5.Final.jar
2026-01-29 11:53:08,399 [BasicRepositoryConnector-repo.maven.apache.org-1-0] INFO  o.e.m.c.i.e.AbstractTransferListenerAdapter - Downloading https://repo.maven.apache.org/maven2/jakarta/validation/jakarta.validation-api/2.0.2/jakarta.validation-api-2.0.2.jar
2026-01-29 11:53:08,459 [BasicRepositoryConnector-repo.maven.apache.org-1-1] INFO  o.e.m.c.i.e.AbstractTransferListenerAdapter - Downloading https://repo.maven.apache.org/maven2/org/glassfish/javax.el/3.0.1-b11/javax.el-3.0.1-b11.jar
2026-01-29 11:53:08,475 [BasicRepositoryConnector-repo.maven.apache.org-1-0] INFO  o.e.m.c.i.e.AbstractTransferListenerAdapter - Downloaded https://repo.maven.apache.org/maven2/jakarta/validation/jakarta.validation-api/2.0.2/jakarta.validation-api-2.0.2.jar
2026-01-29 11:53:08,547 [BasicRepositoryConnector-repo.maven.apache.org-1-1] INFO  o.e.m.c.i.e.AbstractTransferListenerAdapter - Downloaded https://repo.maven.apache.org/maven2/org/glassfish/javax.el/3.0.1-b11/javax.el-3.0.1-b11.jar
2026-01-29 11:53:08,568 [Worker-50: Building] WARN  o.e.m.c.i.embedder.EclipseLogger - The artifact mysql:mysql-connector-java:jar:8.0.33 has been relocated to com.mysql:mysql-connector-j:jar:8.0.33: MySQL Connector/J artifacts moved to reverse-DNS compliant Maven 2+ coordinates.
2026-01-29 11:53:09,168 [Worker-50: Building] INFO  o.a.m.s.f.DefaultMavenResourcesFiltering - skip non existing resourceDirectory D:\Mphasis\sb\HibernateSprExample\src\main\resources
2026-01-29 11:53:09,170 [Worker-50: Building] INFO  o.a.m.s.f.DefaultMavenResourcesFiltering - skip non existing resourceDirectory D:\Mphasis\sb\HibernateSprExample\src\test\resources
2026-01-29 11:53:09,170 [Worker-50: Building] INFO  o.e.m.w.i.f.ResourceFilteringBuildParticipant - Changed resources require a complete clean of filtered resources of HibernateSprExample
2026-01-29 11:53:09,170 [Worker-50: Building] INFO  o.e.m.w.i.f.ResourceFilteringBuildParticipant - Executing resource filtering for HibernateSprExample
2026-01-29 11:53:10,303 [Worker-49: Download sources and javadoc] INFO  o.e.m.c.i.e.AbstractTransferListenerAdapter - Downloading https://repo.maven.apache.org/maven2/org/hibernate/validator/hibernate-validator/6.2.5.Final/hibernate-validator-6.2.5.Final-sources.jar
2026-01-29 11:53:10,429 [Worker-49: Download sources and javadoc] INFO  o.e.m.c.i.e.AbstractTransferListenerAdapter - Downloaded https://repo.maven.apache.org/maven2/org/hibernate/validator/hibernate-validator/6.2.5.Final/hibernate-validator-6.2.5.Final-sources.jar
2026-01-29 11:53:10,434 [Worker-49: Download sources and javadoc] INFO  o.e.m.j.internal.DownloadSourcesJob - Downloaded sources for org.hibernate.validator:hibernate-validator:6.2.5.Final
2026-01-29 11:53:10,547 [Worker-49: Download sources and javadoc] INFO  o.e.m.c.i.e.AbstractTransferListenerAdapter - Downloading https://repo.maven.apache.org/maven2/jakarta/validation/jakarta.validation-api/2.0.2/jakarta.validation-api-2.0.2-sources.jar
2026-01-29 11:53:10,606 [Worker-49: Download sources and javadoc] INFO  o.e.m.c.i.e.AbstractTransferListenerAdapter - Downloaded https://repo.maven.apache.org/maven2/jakarta/validation/jakarta.validation-api/2.0.2/jakarta.validation-api-2.0.2-sources.jar
2026-01-29 11:53:10,610 [Worker-49: Download sources and javadoc] INFO  o.e.m.j.internal.DownloadSourcesJob - Downloaded sources for jakarta.validation:jakarta.validation-api:2.0.2
2026-01-29 11:53:10,701 [Worker-49: Download sources and javadoc] INFO  o.e.m.c.i.e.AbstractTransferListenerAdapter - Downloading https://repo.maven.apache.org/maven2/org/glassfish/javax.el/3.0.1-b11/javax.el-3.0.1-b11-sources.jar
2026-01-29 11:53:10,793 [Worker-49: Download sources and javadoc] INFO  o.e.m.c.i.e.AbstractTransferListenerAdapter - Downloaded https://repo.maven.apache.org/maven2/org/glassfish/javax.el/3.0.1-b11/javax.el-3.0.1-b11-sources.jar
2026-01-29 11:53:10,797 [Worker-49: Download sources and javadoc] INFO  o.e.m.j.internal.DownloadSourcesJob - Downloaded sources for org.glassfish:javax.el:3.0.1-b11
2026-01-29 11:53:34,309 [Worker-41: Building] INFO  o.a.m.s.f.DefaultMavenResourcesFiltering - skip non existing resourceDirectory D:\Mphasis\sb\HibernateSprExample\src\main\resources
2026-01-29 11:53:34,310 [Worker-41: Building] INFO  o.a.m.s.f.DefaultMavenResourcesFiltering - skip non existing resourceDirectory D:\Mphasis\sb\HibernateSprExample\src\test\resources
2026-01-29 11:54:00,735 [Worker-44: Building] INFO  o.e.m.c.i.l.LifecycleMappingFactory - Using org.maven.ide.eclipse.wtp.WarLifecycleMapping lifecycle mapping for MavenProject: mphasis:HibernateSprExample:0.0.1-SNAPSHOT @ D:\Mphasis\sb\HibernateSprExample\pom.xml.
2026-01-29 11:54:00,926 [Worker-44: Building] WARN  o.e.m.c.i.embedder.EclipseLogger - The artifact mysql:mysql-connector-java:jar:8.0.33 has been relocated to com.mysql:mysql-connector-j:jar:8.0.33: MySQL Connector/J artifacts moved to reverse-DNS compliant Maven 2+ coordinates.
2026-01-29 11:54:00,975 [Worker-44: Building] WARN  o.e.m.c.i.embedder.EclipseLogger - The artifact mysql:mysql-connector-java:jar:8.0.33 has been relocated to com.mysql:mysql-connector-j:jar:8.0.33: MySQL Connector/J artifacts moved to reverse-DNS compliant Maven 2+ coordinates.
2026-01-29 11:54:01,517 [Worker-44: Building] INFO  o.a.m.s.f.DefaultMavenResourcesFiltering - skip non existing resourceDirectory D:\Mphasis\sb\HibernateSprExample\src\main\resources
2026-01-29 11:54:01,519 [Worker-44: Building] INFO  o.a.m.s.f.DefaultMavenResourcesFiltering - skip non existing resourceDirectory D:\Mphasis\sb\HibernateSprExample\src\test\resources
2026-01-29 11:54:01,519 [Worker-44: Building] INFO  o.e.m.w.i.f.ResourceFilteringBuildParticipant - Changed resources require a complete clean of filtered resources of HibernateSprExample
2026-01-29 11:54:01,519 [Worker-44: Building] INFO  o.e.m.w.i.f.ResourceFilteringBuildParticipant - Executing resource filtering for HibernateSprExample
2026-01-29 11:54:25,933 [Worker-44: Building] INFO  o.a.m.s.f.DefaultMavenResourcesFiltering - skip non existing resourceDirectory D:\Mphasis\sb\HibernateSprExample\src\main\resources
2026-01-29 11:54:25,935 [Worker-44: Building] INFO  o.a.m.s.f.DefaultMavenResourcesFiltering - skip non existing resourceDirectory D:\Mphasis\sb\HibernateSprExample\src\test\resources
2026-01-29 11:55:02,049 [Worker-48: Building] INFO  o.a.m.s.f.DefaultMavenResourcesFiltering - skip non existing resourceDirectory D:\Mphasis\sb\HibernateSprExample\src\main\resources
2026-01-29 11:55:02,051 [Worker-48: Building] INFO  o.a.m.s.f.DefaultMavenResourcesFiltering - skip non existing resourceDirectory D:\Mphasis\sb\HibernateSprExample\src\test\resources
2026-01-29 11:55:21,913 [Worker-46: Building] INFO  o.a.m.s.f.DefaultMavenResourcesFiltering - skip non existing resourceDirectory D:\Mphasis\sb\HibernateSprExample\src\main\resources
2026-01-29 11:55:21,914 [Worker-46: Building] INFO  o.a.m.s.f.DefaultMavenResourcesFiltering - skip non existing resourceDirectory D:\Mphasis\sb\HibernateSprExample\src\test\resources
2026-01-29 11:56:38,387 [Worker-43: Building] INFO  o.a.m.s.f.DefaultMavenResourcesFiltering - skip non existing resourceDirectory D:\Mphasis\sb\HibernateSprExample\src\main\resources
2026-01-29 11:56:38,388 [Worker-43: Building] INFO  o.a.m.s.f.DefaultMavenResourcesFiltering - skip non existing resourceDirectory D:\Mphasis\sb\HibernateSprExample\src\test\resources
2026-01-29 11:57:22,393 [Worker-51: Building] INFO  o.a.m.s.f.DefaultMavenResourcesFiltering - skip non existing resourceDirectory D:\Mphasis\sb\HibernateSprExample\src\main\resources
2026-01-29 11:57:22,395 [Worker-51: Building] INFO  o.a.m.s.f.DefaultMavenResourcesFiltering - skip non existing resourceDirectory D:\Mphasis\sb\HibernateSprExample\src\test\resources
2026-01-29 11:57:48,178 [Worker-49: Building] INFO  o.a.m.s.f.DefaultMavenResourcesFiltering - skip non existing resourceDirectory D:\Mphasis\sb\HibernateSprExample\src\main\resources
2026-01-29 11:57:48,180 [Worker-49: Building] INFO  o.a.m.s.f.DefaultMavenResourcesFiltering - skip non existing resourceDirectory D:\Mphasis\sb\HibernateSprExample\src\test\resources
2026-01-29 11:59:15,782 [Worker-47: Building] INFO  o.a.m.s.f.DefaultMavenResourcesFiltering - skip non existing resourceDirectory D:\Mphasis\sb\HibernateSprExample\src\main\resources
2026-01-29 11:59:15,784 [Worker-47: Building] INFO  o.a.m.s.f.DefaultMavenResourcesFiltering - skip non existing resourceDirectory D:\Mphasis\sb\HibernateSprExample\src\test\resources
2026-01-29 11:59:28,642 [Worker-49: Building] INFO  o.a.m.s.f.DefaultMavenResourcesFiltering - skip non existing resourceDirectory D:\Mphasis\sb\HibernateSprExample\src\main\resources
2026-01-29 11:59:28,644 [Worker-49: Building] INFO  o.a.m.s.f.DefaultMavenResourcesFiltering - skip non existing resourceDirectory D:\Mphasis\sb\HibernateSprExample\src\test\resources
2026-01-29 12:00:02,235 [Worker-48: Building] INFO  o.a.m.s.f.DefaultMavenResourcesFiltering - skip non existing resourceDirectory D:\Mphasis\sb\HibernateSprExample\src\main\resources
2026-01-29 12:00:02,236 [Worker-48: Building] INFO  o.a.m.s.f.DefaultMavenResourcesFiltering - skip non existing resourceDirectory D:\Mphasis\sb\HibernateSprExample\src\test\resources
2026-01-29 12:05:38,369 [Worker-47: Import Getting Started Content] INFO  o.e.m.c.i.l.LifecycleMappingFactory - Using org.eclipse.m2e.jdt.JarLifecycleMapping lifecycle mapping for MavenProject: com.example:SbJdbc:0.0.1-SNAPSHOT @ D:\Mphasis\sb\SbJdbc\pom.xml.
2026-01-29 12:05:38,535 [Worker-47: Import Getting Started Content] INFO  o.e.m.c.i.e.AbstractTransferListenerAdapter - Downloading https://repo.maven.apache.org/maven2/org/springframework/boot/spring-boot-starter-data-jpa/3.5.10/spring-boot-starter-data-jpa-3.5.10.pom
2026-01-29 12:05:38,595 [Worker-47: Import Getting Started Content] INFO  o.e.m.c.i.e.AbstractTransferListenerAdapter - Downloaded https://repo.maven.apache.org/maven2/org/springframework/boot/spring-boot-starter-data-jpa/3.5.10/spring-boot-starter-data-jpa-3.5.10.pom
2026-01-29 12:05:38,732 [Worker-47: Import Getting Started Content] INFO  o.e.m.c.i.e.AbstractTransferListenerAdapter - Downloading https://repo.maven.apache.org/maven2/org/springframework/boot/spring-boot-starter-jdbc/3.5.10/spring-boot-starter-jdbc-3.5.10.pom
2026-01-29 12:05:38,766 [Worker-47: Import Getting Started Content] INFO  o.e.m.c.i.e.AbstractTransferListenerAdapter - Downloaded https://repo.maven.apache.org/maven2/org/springframework/boot/spring-boot-starter-jdbc/3.5.10/spring-boot-starter-jdbc-3.5.10.pom
2026-01-29 12:05:38,933 [Worker-47: Import Getting Started Content] INFO  o.e.m.c.i.e.AbstractTransferListenerAdapter - Downloading https://repo.maven.apache.org/maven2/org/hibernate/orm/hibernate-core/6.6.41.Final/hibernate-core-6.6.41.Final.pom
2026-01-29 12:05:38,960 [Worker-47: Import Getting Started Content] INFO  o.e.m.c.i.e.AbstractTransferListenerAdapter - Downloaded https://repo.maven.apache.org/maven2/org/hibernate/orm/hibernate-core/6.6.41.Final/hibernate-core-6.6.41.Final.pom
2026-01-29 12:05:39,339 [Worker-47: Import Getting Started Content] INFO  o.e.m.c.i.e.AbstractTransferListenerAdapter - Downloading https://repo.maven.apache.org/maven2/com/fasterxml/classmate/1.7.3/classmate-1.7.3.pom
2026-01-29 12:05:39,375 [Worker-47: Import Getting Started Content] INFO  o.e.m.c.i.e.AbstractTransferListenerAdapter - Downloaded https://repo.maven.apache.org/maven2/com/fasterxml/classmate/1.7.3/classmate-1.7.3.pom
2026-01-29 12:05:39,422 [Worker-47: Import Getting Started Content] INFO  o.e.m.c.i.e.AbstractTransferListenerAdapter - Downloading https://repo.maven.apache.org/maven2/com/fasterxml/oss-parent/74/oss-parent-74.pom
2026-01-29 12:05:39,457 [Worker-47: Import Getting Started Content] INFO  o.e.m.c.i.e.AbstractTransferListenerAdapter - Downloaded https://repo.maven.apache.org/maven2/com/fasterxml/oss-parent/74/oss-parent-74.pom
2026-01-29 12:05:39,886 [Worker-47: Import Getting Started Content] INFO  o.e.m.c.i.e.AbstractTransferListenerAdapter - Downloading https://repo.maven.apache.org/maven2/org/springframework/data/spring-data-jpa/3.5.8/spring-data-jpa-3.5.8.pom
2026-01-29 12:05:39,938 [Worker-47: Import Getting Started Content] INFO  o.e.m.c.i.e.AbstractTransferListenerAdapter - Downloaded https://repo.maven.apache.org/maven2/org/springframework/data/spring-data-jpa/3.5.8/spring-data-jpa-3.5.8.pom
2026-01-29 12:05:40,000 [Worker-47: Import Getting Started Content] INFO  o.e.m.c.i.e.AbstractTransferListenerAdapter - Downloading https://repo.maven.apache.org/maven2/org/springframework/data/spring-data-jpa-parent/3.5.8/spring-data-jpa-parent-3.5.8.pom
2026-01-29 12:05:40,038 [Worker-47: Import Getting Started Content] INFO  o.e.m.c.i.e.AbstractTransferListenerAdapter - Downloaded https://repo.maven.apache.org/maven2/org/springframework/data/spring-data-jpa-parent/3.5.8/spring-data-jpa-parent-3.5.8.pom
2026-01-29 12:05:40,097 [Worker-47: Import Getting Started Content] INFO  o.e.m.c.i.e.AbstractTransferListenerAdapter - Downloading https://repo.maven.apache.org/maven2/org/springframework/data/build/spring-data-parent/3.5.8/spring-data-parent-3.5.8.pom
2026-01-29 12:05:40,130 [Worker-47: Import Getting Started Content] INFO  o.e.m.c.i.e.AbstractTransferListenerAdapter - Downloaded https://repo.maven.apache.org/maven2/org/springframework/data/build/spring-data-parent/3.5.8/spring-data-parent-3.5.8.pom
2026-01-29 12:05:40,197 [Worker-47: Import Getting Started Content] INFO  o.e.m.c.i.e.AbstractTransferListenerAdapter - Downloading https://repo.maven.apache.org/maven2/org/springframework/data/build/spring-data-build/3.5.8/spring-data-build-3.5.8.pom
2026-01-29 12:05:40,231 [Worker-47: Import Getting Started Content] INFO  o.e.m.c.i.e.AbstractTransferListenerAdapter - Downloaded https://repo.maven.apache.org/maven2/org/springframework/data/build/spring-data-build/3.5.8/spring-data-build-3.5.8.pom
2026-01-29 12:05:40,372 [Worker-47: Import Getting Started Content] INFO  o.e.m.c.i.e.AbstractTransferListenerAdapter - Downloading https://repo.maven.apache.org/maven2/org/springframework/data/spring-data-commons/3.5.8/spring-data-commons-3.5.8.pom
2026-01-29 12:05:40,412 [Worker-47: Import Getting Started Content] INFO  o.e.m.c.i.e.AbstractTransferListenerAdapter - Downloaded https://repo.maven.apache.org/maven2/org/springframework/data/spring-data-commons/3.5.8/spring-data-commons-3.5.8.pom
2026-01-29 12:05:40,813 [Worker-47: Import Getting Started Content] INFO  o.e.m.c.i.e.AbstractTransferListenerAdapter - Downloading https://repo.maven.apache.org/maven2/org/springframework/boot/spring-boot-starter-data-jpa/3.5.10/spring-boot-starter-data-jpa-3.5.10.jar
2026-01-29 12:05:40,883 [Worker-47: Import Getting Started Content] INFO  o.e.m.c.i.e.AbstractTransferListenerAdapter - Downloaded https://repo.maven.apache.org/maven2/org/springframework/boot/spring-boot-starter-data-jpa/3.5.10/spring-boot-starter-data-jpa-3.5.10.jar
2026-01-29 12:05:40,928 [BasicRepositoryConnector-repo.maven.apache.org-2-0] INFO  o.e.m.c.i.e.AbstractTransferListenerAdapter - Downloading https://repo.maven.apache.org/maven2/org/springframework/boot/spring-boot-starter-jdbc/3.5.10/spring-boot-starter-jdbc-3.5.10.jar
2026-01-29 12:05:40,976 [BasicRepositoryConnector-repo.maven.apache.org-2-4] INFO  o.e.m.c.i.e.AbstractTransferListenerAdapter - Downloading https://repo.maven.apache.org/maven2/org/springframework/data/spring-data-commons/3.5.8/spring-data-commons-3.5.8.jar
2026-01-29 12:05:40,976 [BasicRepositoryConnector-repo.maven.apache.org-2-1] INFO  o.e.m.c.i.e.AbstractTransferListenerAdapter - Downloading https://repo.maven.apache.org/maven2/org/hibernate/orm/hibernate-core/6.6.41.Final/hibernate-core-6.6.41.Final.jar
2026-01-29 12:05:40,990 [BasicRepositoryConnector-repo.maven.apache.org-2-3] INFO  o.e.m.c.i.e.AbstractTransferListenerAdapter - Downloading https://repo.maven.apache.org/maven2/org/springframework/data/spring-data-jpa/3.5.8/spring-data-jpa-3.5.8.jar
2026-01-29 12:05:41,004 [BasicRepositoryConnector-repo.maven.apache.org-2-2] INFO  o.e.m.c.i.e.AbstractTransferListenerAdapter - Downloading https://repo.maven.apache.org/maven2/com/fasterxml/classmate/1.7.3/classmate-1.7.3.jar
2026-01-29 12:05:41,008 [BasicRepositoryConnector-repo.maven.apache.org-2-0] INFO  o.e.m.c.i.e.AbstractTransferListenerAdapter - Downloaded https://repo.maven.apache.org/maven2/org/springframework/boot/spring-boot-starter-jdbc/3.5.10/spring-boot-starter-jdbc-3.5.10.jar
2026-01-29 12:05:41,069 [BasicRepositoryConnector-repo.maven.apache.org-2-2] INFO  o.e.m.c.i.e.AbstractTransferListenerAdapter - Downloaded https://repo.maven.apache.org/maven2/com/fasterxml/classmate/1.7.3/classmate-1.7.3.jar
2026-01-29 12:05:41,326 [BasicRepositoryConnector-repo.maven.apache.org-2-3] INFO  o.e.m.c.i.e.AbstractTransferListenerAdapter - Downloaded https://repo.maven.apache.org/maven2/org/springframework/data/spring-data-jpa/3.5.8/spring-data-jpa-3.5.8.jar
2026-01-29 12:05:41,375 [BasicRepositoryConnector-repo.maven.apache.org-2-4] INFO  o.e.m.c.i.e.AbstractTransferListenerAdapter - Downloaded https://repo.maven.apache.org/maven2/org/springframework/data/spring-data-commons/3.5.8/spring-data-commons-3.5.8.jar
2026-01-29 12:05:41,852 [BasicRepositoryConnector-repo.maven.apache.org-2-1] INFO  o.e.m.c.i.e.AbstractTransferListenerAdapter - Downloaded https://repo.maven.apache.org/maven2/org/hibernate/orm/hibernate-core/6.6.41.Final/hibernate-core-6.6.41.Final.jar
2026-01-29 12:05:42,120 [Worker-47: Import Getting Started Content] INFO  o.e.m.j.i.AbstractJavaProjectConfigurator - Adding source folder /SbJdbc/src/main/java
2026-01-29 12:05:42,121 [Worker-47: Import Getting Started Content] INFO  o.e.m.j.i.AbstractJavaProjectConfigurator - Adding resource folder /SbJdbc/src/main/resources
2026-01-29 12:05:42,133 [Worker-47: Import Getting Started Content] INFO  o.e.m.j.i.AbstractJavaProjectConfigurator - Adding resource folder /SbJdbc/src/main/resources
2026-01-29 12:05:42,144 [Worker-47: Import Getting Started Content] INFO  o.e.m.j.i.AbstractJavaProjectConfigurator - Adding source folder /SbJdbc/src/test/java
2026-01-29 12:05:42,144 [Worker-47: Import Getting Started Content] INFO  o.e.m.j.i.AbstractJavaProjectConfigurator - Adding resource folder /SbJdbc/src/test/resources
2026-01-29 12:05:43,056 [Worker-51: Download sources and javadoc] INFO  o.e.m.c.i.e.AbstractTransferListenerAdapter - Downloading https://repo.maven.apache.org/maven2/org/springframework/boot/spring-boot-starter-data-jpa/3.5.10/spring-boot-starter-data-jpa-3.5.10-sources.jar
2026-01-29 12:05:43,062 [Worker-51: Download sources and javadoc] INFO  o.e.m.c.i.e.AbstractTransferListenerAdapter - Downloaded https://repo.maven.apache.org/maven2/org/springframework/boot/spring-boot-starter-data-jpa/3.5.10/spring-boot-starter-data-jpa-3.5.10-sources.jar
2026-01-29 12:05:43,066 [Worker-51: Download sources and javadoc] INFO  o.e.m.j.internal.DownloadSourcesJob - Downloaded sources for org.springframework.boot:spring-boot-starter-data-jpa:3.5.10
2026-01-29 12:05:43,190 [Worker-51: Download sources and javadoc] INFO  o.e.m.c.i.e.AbstractTransferListenerAdapter - Downloading https://repo.maven.apache.org/maven2/org/springframework/boot/spring-boot-starter-jdbc/3.5.10/spring-boot-starter-jdbc-3.5.10-sources.jar
2026-01-29 12:05:43,250 [Worker-51: Download sources and javadoc] INFO  o.e.m.c.i.e.AbstractTransferListenerAdapter - Downloaded https://repo.maven.apache.org/maven2/org/springframework/boot/spring-boot-starter-jdbc/3.5.10/spring-boot-starter-jdbc-3.5.10-sources.jar
2026-01-29 12:05:43,253 [Worker-51: Download sources and javadoc] INFO  o.e.m.j.internal.DownloadSourcesJob - Downloaded sources for org.springframework.boot:spring-boot-starter-jdbc:3.5.10
2026-01-29 12:05:43,336 [Worker-51: Download sources and javadoc] INFO  o.e.m.c.i.e.AbstractTransferListenerAdapter - Downloading https://repo.maven.apache.org/maven2/org/springframework/spring-jdbc/6.2.15/spring-jdbc-6.2.15-sources.jar
2026-01-29 12:05:43,457 [Worker-51: Download sources and javadoc] INFO  o.e.m.c.i.e.AbstractTransferListenerAdapter - Downloaded https://repo.maven.apache.org/maven2/org/springframework/spring-jdbc/6.2.15/spring-jdbc-6.2.15-sources.jar
2026-01-29 12:05:43,461 [Worker-51: Download sources and javadoc] INFO  o.e.m.j.internal.DownloadSourcesJob - Downloaded sources for org.springframework:spring-jdbc:6.2.15
2026-01-29 12:05:43,576 [Worker-51: Download sources and javadoc] INFO  o.e.m.c.i.e.AbstractTransferListenerAdapter - Downloading https://repo.maven.apache.org/maven2/org/hibernate/orm/hibernate-core/6.6.41.Final/hibernate-core-6.6.41.Final-sources.jar
2026-01-29 12:05:43,874 [Worker-51: Download sources and javadoc] INFO  o.e.m.c.i.e.AbstractTransferListenerAdapter - Downloaded https://repo.maven.apache.org/maven2/org/hibernate/orm/hibernate-core/6.6.41.Final/hibernate-core-6.6.41.Final-sources.jar
2026-01-29 12:05:43,879 [Worker-51: Download sources and javadoc] INFO  o.e.m.j.internal.DownloadSourcesJob - Downloaded sources for org.hibernate.orm:hibernate-core:6.6.41.Final
2026-01-29 12:05:43,980 [Worker-51: Download sources and javadoc] INFO  o.e.m.c.i.e.AbstractTransferListenerAdapter - Downloading https://repo.maven.apache.org/maven2/com/fasterxml/classmate/1.7.3/classmate-1.7.3-sources.jar
2026-01-29 12:05:44,016 [Worker-51: Download sources and javadoc] INFO  o.e.m.c.i.e.AbstractTransferListenerAdapter - Downloaded https://repo.maven.apache.org/maven2/com/fasterxml/classmate/1.7.3/classmate-1.7.3-sources.jar
2026-01-29 12:05:44,020 [Worker-51: Download sources and javadoc] INFO  o.e.m.j.internal.DownloadSourcesJob - Downloaded sources for com.fasterxml:classmate:1.7.3
2026-01-29 12:05:44,114 [Worker-51: Download sources and javadoc] INFO  o.e.m.c.i.e.AbstractTransferListenerAdapter - Downloading https://repo.maven.apache.org/maven2/org/springframework/data/spring-data-jpa/3.5.8/spring-data-jpa-3.5.8-sources.jar
2026-01-29 12:05:44,236 [Worker-51: Download sources and javadoc] INFO  o.e.m.c.i.e.AbstractTransferListenerAdapter - Downloaded https://repo.maven.apache.org/maven2/org/springframework/data/spring-data-jpa/3.5.8/spring-data-jpa-3.5.8-sources.jar
2026-01-29 12:05:44,239 [Worker-51: Download sources and javadoc] INFO  o.e.m.j.internal.DownloadSourcesJob - Downloaded sources for org.springframework.data:spring-data-jpa:3.5.8
2026-01-29 12:05:44,265 [Worker-47: Import Getting Started Content] INFO  o.e.m.c.i.p.ProjectConfigurationManager - Imported and configured 1 project(s) in 6 sec
2026-01-29 12:05:44,266 [Worker-47: Import Getting Started Content] INFO  o.e.m.c.i.p.ProjectConfigurationManager - Update started
2026-01-29 12:05:44,328 [Worker-51: Download sources and javadoc] INFO  o.e.m.c.i.e.AbstractTransferListenerAdapter - Downloading https://repo.maven.apache.org/maven2/org/springframework/data/spring-data-commons/3.5.8/spring-data-commons-3.5.8-sources.jar
2026-01-29 12:05:44,468 [Worker-51: Download sources and javadoc] INFO  o.e.m.c.i.e.AbstractTransferListenerAdapter - Downloaded https://repo.maven.apache.org/maven2/org/springframework/data/spring-data-commons/3.5.8/spring-data-commons-3.5.8-sources.jar
2026-01-29 12:05:44,473 [Worker-51: Download sources and javadoc] INFO  o.e.m.j.internal.DownloadSourcesJob - Downloaded sources for org.springframework.data:spring-data-commons:3.5.8
2026-01-29 12:05:45,403 [Worker-47: Import Getting Started Content] INFO  o.e.m.c.i.l.LifecycleMappingFactory - Using org.eclipse.m2e.jdt.JarLifecycleMapping lifecycle mapping for MavenProject: com.example:SbJdbc:0.0.1-SNAPSHOT @ D:\Mphasis\sb\SbJdbc\pom.xml.
2026-01-29 12:05:45,505 [Worker-51: Download sources and javadoc] INFO  o.e.m.c.i.e.AbstractTransferListenerAdapter - Downloading https://repo.maven.apache.org/maven2/org/springframework/spring-orm/6.2.15/spring-orm-6.2.15-sources.jar
2026-01-29 12:05:45,579 [Worker-51: Download sources and javadoc] INFO  o.e.m.c.i.e.AbstractTransferListenerAdapter - Downloaded https://repo.maven.apache.org/maven2/org/springframework/spring-orm/6.2.15/spring-orm-6.2.15-sources.jar
2026-01-29 12:05:45,584 [Worker-51: Download sources and javadoc] INFO  o.e.m.j.internal.DownloadSourcesJob - Downloaded sources for org.springframework:spring-orm:6.2.15
2026-01-29 12:05:45,672 [Worker-51: Download sources and javadoc] INFO  o.e.m.c.i.e.AbstractTransferListenerAdapter - Downloading https://repo.maven.apache.org/maven2/org/springframework/spring-tx/6.2.15/spring-tx-6.2.15-sources.jar
2026-01-29 12:05:45,786 [Worker-51: Download sources and javadoc] INFO  o.e.m.c.i.e.AbstractTransferListenerAdapter - Downloaded https://repo.maven.apache.org/maven2/org/springframework/spring-tx/6.2.15/spring-tx-6.2.15-sources.jar
2026-01-29 12:05:45,790 [Worker-51: Download sources and javadoc] INFO  o.e.m.j.internal.DownloadSourcesJob - Downloaded sources for org.springframework:spring-tx:6.2.15
2026-01-29 12:05:45,876 [Worker-51: Download sources and javadoc] INFO  o.e.m.c.i.e.AbstractTransferListenerAdapter - Downloading https://repo.maven.apache.org/maven2/org/springframework/spring-aspects/6.2.15/spring-aspects-6.2.15-sources.jar
2026-01-29 12:05:45,986 [Worker-47: Import Getting Started Content] INFO  o.e.m.j.i.AbstractJavaProjectConfigurator - Adding source folder /SbJdbc/src/main/java
2026-01-29 12:05:45,986 [Worker-47: Import Getting Started Content] INFO  o.e.m.j.i.AbstractJavaProjectConfigurator - Adding resource folder /SbJdbc/src/main/resources
2026-01-29 12:05:45,986 [Worker-47: Import Getting Started Content] INFO  o.e.m.j.i.AbstractJavaProjectConfigurator - Adding resource folder /SbJdbc/src/main/resources
2026-01-29 12:05:45,986 [Worker-47: Import Getting Started Content] INFO  o.e.m.j.i.AbstractJavaProjectConfigurator - Adding source folder /SbJdbc/src/test/java
2026-01-29 12:05:45,986 [Worker-47: Import Getting Started Content] INFO  o.e.m.j.i.AbstractJavaProjectConfigurator - Adding resource folder /SbJdbc/src/test/resources
2026-01-29 12:05:46,389 [Worker-47: Import Getting Started Content] INFO  o.e.m.c.i.p.ProjectConfigurationManager - Update completed for 1 poms: local refresh takes 0.00 sec, refresh facades takes 1.00 sec, update config takes 0.00 sec 
2026-01-29 12:05:46,637 [Worker-51: Download sources and javadoc] INFO  o.e.m.c.i.e.AbstractTransferListenerAdapter - Downloaded https://repo.maven.apache.org/maven2/org/springframework/spring-aspects/6.2.15/spring-aspects-6.2.15-sources.jar
2026-01-29 12:05:46,641 [Worker-51: Download sources and javadoc] INFO  o.e.m.j.internal.DownloadSourcesJob - Downloaded sources for org.springframework:spring-aspects:6.2.15
2026-01-29 12:05:46,764 [Worker-51: Download sources and javadoc] INFO  o.e.m.c.i.e.AbstractTransferListenerAdapter - Downloading https://repo.maven.apache.org/maven2/org/aspectj/aspectjweaver/1.9.25.1/aspectjweaver-1.9.25.1-sources.jar
2026-01-29 12:05:46,931 [Worker-51: Download sources and javadoc] INFO  o.e.m.c.i.e.AbstractTransferListenerAdapter - Downloaded https://repo.maven.apache.org/maven2/org/aspectj/aspectjweaver/1.9.25.1/aspectjweaver-1.9.25.1-sources.jar
2026-01-29 12:05:46,936 [Worker-51: Download sources and javadoc] INFO  o.e.m.j.internal.DownloadSourcesJob - Downloaded sources for org.aspectj:aspectjweaver:1.9.25.1
2026-01-29 12:05:50,753 [Worker-44: Building] INFO  o.a.m.s.f.DefaultMavenResourcesFiltering - Copying 1 resource from src\main\resources to target\classes
2026-01-29 12:05:50,763 [Worker-44: Building] INFO  o.a.m.s.f.DefaultMavenResourcesFiltering - Copying 0 resource from src\main\resources to target\classes
2026-01-29 12:05:50,768 [Worker-44: Building] INFO  o.a.m.s.f.DefaultMavenResourcesFiltering - Copying 0 resource from src\test\resources to target\test-classes
2026-01-29 12:06:04,562 [Worker-45: Building] INFO  o.a.m.s.f.DefaultMavenResourcesFiltering - Copying 1 resource from src\main\resources to target\classes
2026-01-29 12:06:04,569 [Worker-45: Building] INFO  o.a.m.s.f.DefaultMavenResourcesFiltering - Copying 0 resource from src\main\resources to target\classes
2026-01-29 12:06:04,570 [Worker-45: Building] INFO  o.a.m.s.f.DefaultMavenResourcesFiltering - Copying 0 resource from src\test\resources to target\test-classes
2026-01-29 12:06:36,645 [Worker-51: Building] INFO  o.a.m.s.f.DefaultMavenResourcesFiltering - Copying 1 resource from src\main\resources to target\classes
2026-01-29 12:06:36,651 [Worker-51: Building] INFO  o.a.m.s.f.DefaultMavenResourcesFiltering - Copying 0 resource from src\main\resources to target\classes
2026-01-29 12:06:36,653 [Worker-51: Building] INFO  o.a.m.s.f.DefaultMavenResourcesFiltering - Copying 0 resource from src\test\resources to target\test-classes
2026-01-29 12:06:43,277 [Worker-47: Building] INFO  o.a.m.s.f.DefaultMavenResourcesFiltering - Copying 1 resource from src\main\resources to target\classes
2026-01-29 12:06:43,281 [Worker-47: Building] INFO  o.a.m.s.f.DefaultMavenResourcesFiltering - Copying 0 resource from src\main\resources to target\classes
2026-01-29 12:06:43,285 [Worker-47: Building] INFO  o.a.m.s.f.DefaultMavenResourcesFiltering - Copying 0 resource from src\test\resources to target\test-classes
2026-01-29 12:07:49,844 [Worker-44: Building] INFO  o.a.m.s.f.DefaultMavenResourcesFiltering - Copying 1 resource from src\main\resources to target\classes
2026-01-29 12:07:49,847 [Worker-44: Building] INFO  o.a.m.s.f.DefaultMavenResourcesFiltering - Copying 0 resource from src\main\resources to target\classes
2026-01-29 12:07:49,851 [Worker-44: Building] INFO  o.a.m.s.f.DefaultMavenResourcesFiltering - Copying 0 resource from src\test\resources to target\test-classes
2026-01-29 12:08:00,735 [Worker-52: Building] INFO  o.a.m.s.f.DefaultMavenResourcesFiltering - Copying 1 resource from src\main\resources to target\classes
2026-01-29 12:08:00,737 [Worker-52: Building] INFO  o.a.m.s.f.DefaultMavenResourcesFiltering - Copying 0 resource from src\main\resources to target\classes
2026-01-29 12:08:00,739 [Worker-52: Building] INFO  o.a.m.s.f.DefaultMavenResourcesFiltering - Copying 0 resource from src\test\resources to target\test-classes
2026-01-29 12:08:32,182 [Worker-48: Building] INFO  o.a.m.s.f.DefaultMavenResourcesFiltering - Copying 1 resource from src\main\resources to target\classes
2026-01-29 12:08:32,203 [Worker-48: Building] INFO  o.a.m.s.f.DefaultMavenResourcesFiltering - Copying 0 resource from src\main\resources to target\classes
2026-01-29 12:08:32,208 [Worker-48: Building] INFO  o.a.m.s.f.DefaultMavenResourcesFiltering - Copying 0 resource from src\test\resources to target\test-classes
2026-01-29 12:09:10,208 [Worker-47: Building] INFO  o.a.m.s.f.DefaultMavenResourcesFiltering - Copying 1 resource from src\main\resources to target\classes
2026-01-29 12:09:10,211 [Worker-47: Building] INFO  o.a.m.s.f.DefaultMavenResourcesFiltering - Copying 0 resource from src\main\resources to target\classes
2026-01-29 12:09:10,213 [Worker-47: Building] INFO  o.a.m.s.f.DefaultMavenResourcesFiltering - Copying 0 resource from src\test\resources to target\test-classes
2026-01-29 12:10:27,064 [Worker-33: Building] INFO  o.a.m.s.f.DefaultMavenResourcesFiltering - Copying 1 resource from src\main\resources to target\classes
2026-01-29 12:10:27,069 [Worker-33: Building] INFO  o.a.m.s.f.DefaultMavenResourcesFiltering - Copying 0 resource from src\main\resources to target\classes
2026-01-29 12:10:27,072 [Worker-33: Building] INFO  o.a.m.s.f.DefaultMavenResourcesFiltering - Copying 0 resource from src\test\resources to target\test-classes
2026-01-29 12:10:53,970 [Worker-47: Building] INFO  o.a.m.s.f.DefaultMavenResourcesFiltering - Copying 1 resource from src\main\resources to target\classes
2026-01-29 12:10:53,975 [Worker-47: Building] INFO  o.a.m.s.f.DefaultMavenResourcesFiltering - Copying 0 resource from src\main\resources to target\classes
2026-01-29 12:10:53,977 [Worker-47: Building] INFO  o.a.m.s.f.DefaultMavenResourcesFiltering - Copying 0 resource from src\test\resources to target\test-classes
2026-01-29 12:13:54,890 [Worker-48: Building] INFO  o.a.m.s.f.DefaultMavenResourcesFiltering - Copying 1 resource from src\main\resources to target\classes
2026-01-29 12:13:54,896 [Worker-48: Building] INFO  o.a.m.s.f.DefaultMavenResourcesFiltering - Copying 0 resource from src\main\resources to target\classes
2026-01-29 12:13:54,900 [Worker-48: Building] INFO  o.a.m.s.f.DefaultMavenResourcesFiltering - Copying 0 resource from src\test\resources to target\test-classes
2026-01-29 12:14:33,446 [Worker-41: Building] INFO  o.a.m.s.f.DefaultMavenResourcesFiltering - Copying 1 resource from src\main\resources to target\classes
2026-01-29 12:14:33,469 [Worker-41: Building] INFO  o.a.m.s.f.DefaultMavenResourcesFiltering - Copying 0 resource from src\main\resources to target\classes
2026-01-29 12:14:33,475 [Worker-41: Building] INFO  o.a.m.s.f.DefaultMavenResourcesFiltering - Copying 0 resource from src\test\resources to target\test-classes
2026-01-29 12:15:41,365 [Worker-47: Building] INFO  o.a.m.s.f.DefaultMavenResourcesFiltering - Copying 1 resource from src\main\resources to target\classes
2026-01-29 12:15:41,369 [Worker-47: Building] INFO  o.a.m.s.f.DefaultMavenResourcesFiltering - Copying 0 resource from src\main\resources to target\classes
2026-01-29 12:15:41,372 [Worker-47: Building] INFO  o.a.m.s.f.DefaultMavenResourcesFiltering - Copying 0 resource from src\test\resources to target\test-classes
2026-01-29 12:16:22,506 [Worker-52: Building] INFO  o.a.m.s.f.DefaultMavenResourcesFiltering - Copying 1 resource from src\main\resources to target\classes
2026-01-29 12:16:22,510 [Worker-52: Building] INFO  o.a.m.s.f.DefaultMavenResourcesFiltering - Copying 0 resource from src\main\resources to target\classes
2026-01-29 12:16:22,512 [Worker-52: Building] INFO  o.a.m.s.f.DefaultMavenResourcesFiltering - Copying 0 resource from src\test\resources to target\test-classes
2026-01-29 12:27:51,187 [Worker-53: Building] INFO  o.a.m.s.f.DefaultMavenResourcesFiltering - Copying 1 resource from src\main\resources to target\classes
2026-01-29 12:27:51,213 [Worker-53: Building] INFO  o.a.m.s.f.DefaultMavenResourcesFiltering - Copying 0 resource from src\main\resources to target\classes
2026-01-29 12:27:51,218 [Worker-53: Building] INFO  o.a.m.s.f.DefaultMavenResourcesFiltering - Copying 0 resource from src\test\resources to target\test-classes
2026-01-29 12:28:17,755 [Worker-45: Building] INFO  o.a.m.s.f.DefaultMavenResourcesFiltering - Copying 1 resource from src\main\resources to target\classes
2026-01-29 12:28:17,761 [Worker-45: Building] INFO  o.a.m.s.f.DefaultMavenResourcesFiltering - Copying 0 resource from src\main\resources to target\classes
2026-01-29 12:28:17,764 [Worker-45: Building] INFO  o.a.m.s.f.DefaultMavenResourcesFiltering - Copying 0 resource from src\test\resources to target\test-classes
2026-01-29 12:29:18,605 [Worker-45: Building] INFO  o.a.m.s.f.DefaultMavenResourcesFiltering - Copying 1 resource from src\main\resources to target\classes
2026-01-29 12:29:18,609 [Worker-45: Building] INFO  o.a.m.s.f.DefaultMavenResourcesFiltering - Copying 0 resource from src\main\resources to target\classes
2026-01-29 12:29:18,611 [Worker-45: Building] INFO  o.a.m.s.f.DefaultMavenResourcesFiltering - Copying 0 resource from src\test\resources to target\test-classes
2026-01-29 12:29:49,276 [Worker-54: Building] INFO  o.a.m.s.f.DefaultMavenResourcesFiltering - Copying 1 resource from src\main\resources to target\classes
2026-01-29 12:29:49,279 [Worker-54: Building] INFO  o.a.m.s.f.DefaultMavenResourcesFiltering - Copying 0 resource from src\main\resources to target\classes
2026-01-29 12:29:49,281 [Worker-54: Building] INFO  o.a.m.s.f.DefaultMavenResourcesFiltering - Copying 0 resource from src\test\resources to target\test-classes
2026-01-29 12:30:19,496 [Worker-48: Building] INFO  o.a.m.s.f.DefaultMavenResourcesFiltering - Copying 1 resource from src\main\resources to target\classes
2026-01-29 12:30:19,521 [Worker-48: Building] INFO  o.a.m.s.f.DefaultMavenResourcesFiltering - Copying 0 resource from src\main\resources to target\classes
2026-01-29 12:30:19,526 [Worker-48: Building] INFO  o.a.m.s.f.DefaultMavenResourcesFiltering - Copying 0 resource from src\test\resources to target\test-classes
2026-01-29 12:30:36,961 [Worker-45: Building] INFO  o.a.m.s.f.DefaultMavenResourcesFiltering - Copying 1 resource from src\main\resources to target\classes
2026-01-29 12:30:36,967 [Worker-45: Building] INFO  o.a.m.s.f.DefaultMavenResourcesFiltering - Copying 0 resource from src\main\resources to target\classes
2026-01-29 12:30:36,970 [Worker-45: Building] INFO  o.a.m.s.f.DefaultMavenResourcesFiltering - Copying 0 resource from src\test\resources to target\test-classes
2026-01-29 12:30:42,582 [Worker-45: Building] INFO  o.a.m.s.f.DefaultMavenResourcesFiltering - Copying 1 resource from src\main\resources to target\classes
2026-01-29 12:30:42,587 [Worker-45: Building] INFO  o.a.m.s.f.DefaultMavenResourcesFiltering - Copying 0 resource from src\main\resources to target\classes
2026-01-29 12:30:42,589 [Worker-45: Building] INFO  o.a.m.s.f.DefaultMavenResourcesFiltering - Copying 0 resource from src\test\resources to target\test-classes
2026-01-29 12:31:16,518 [Worker-48: Building] INFO  o.a.m.s.f.DefaultMavenResourcesFiltering - Copying 1 resource from src\main\resources to target\classes
2026-01-29 12:31:16,522 [Worker-48: Building] INFO  o.a.m.s.f.DefaultMavenResourcesFiltering - Copying 0 resource from src\main\resources to target\classes
2026-01-29 12:31:16,523 [Worker-48: Building] INFO  o.a.m.s.f.DefaultMavenResourcesFiltering - Copying 0 resource from src\test\resources to target\test-classes
2026-01-29 12:31:21,429 [Worker-48: Building] INFO  o.a.m.s.f.DefaultMavenResourcesFiltering - Copying 1 resource from src\main\resources to target\classes
2026-01-29 12:31:21,432 [Worker-48: Building] INFO  o.a.m.s.f.DefaultMavenResourcesFiltering - Copying 0 resource from src\main\resources to target\classes
2026-01-29 12:31:21,434 [Worker-48: Building] INFO  o.a.m.s.f.DefaultMavenResourcesFiltering - Copying 0 resource from src\test\resources to target\test-classes
2026-01-29 13:57:33,997 [Worker-57: Building] INFO  o.a.m.s.f.DefaultMavenResourcesFiltering - Copying 1 resource from src\main\resources to target\classes
2026-01-29 13:57:34,025 [Worker-57: Building] INFO  o.a.m.s.f.DefaultMavenResourcesFiltering - Copying 0 resource from src\main\resources to target\classes
2026-01-29 13:57:34,033 [Worker-57: Building] INFO  o.a.m.s.f.DefaultMavenResourcesFiltering - Copying 0 resource from src\test\resources to target\test-classes
2026-01-29 13:58:01,308 [Worker-45: Building] INFO  o.a.m.s.f.DefaultMavenResourcesFiltering - Copying 1 resource from src\main\resources to target\classes
2026-01-29 13:58:01,313 [Worker-45: Building] INFO  o.a.m.s.f.DefaultMavenResourcesFiltering - Copying 0 resource from src\main\resources to target\classes
2026-01-29 13:58:01,316 [Worker-45: Building] INFO  o.a.m.s.f.DefaultMavenResourcesFiltering - Copying 0 resource from src\test\resources to target\test-classes
2026-01-29 13:58:04,490 [Worker-58: Building] INFO  o.a.m.s.f.DefaultMavenResourcesFiltering - Copying 1 resource from src\main\resources to target\classes
2026-01-29 13:58:04,494 [Worker-58: Building] INFO  o.a.m.s.f.DefaultMavenResourcesFiltering - Copying 0 resource from src\main\resources to target\classes
2026-01-29 13:58:04,496 [Worker-58: Building] INFO  o.a.m.s.f.DefaultMavenResourcesFiltering - Copying 0 resource from src\test\resources to target\test-classes
2026-01-29 13:58:46,006 [Worker-55: Building] INFO  o.a.m.s.f.DefaultMavenResourcesFiltering - Copying 1 resource from src\main\resources to target\classes
2026-01-29 13:58:46,010 [Worker-55: Building] INFO  o.a.m.s.f.DefaultMavenResourcesFiltering - Copying 0 resource from src\main\resources to target\classes
2026-01-29 13:58:46,012 [Worker-55: Building] INFO  o.a.m.s.f.DefaultMavenResourcesFiltering - Copying 0 resource from src\test\resources to target\test-classes
2026-01-29 13:59:00,220 [Worker-53: Building] INFO  o.a.m.s.f.DefaultMavenResourcesFiltering - Copying 1 resource from src\main\resources to target\classes
2026-01-29 13:59:00,222 [Worker-53: Building] INFO  o.a.m.s.f.DefaultMavenResourcesFiltering - Copying 0 resource from src\main\resources to target\classes
2026-01-29 13:59:00,224 [Worker-53: Building] INFO  o.a.m.s.f.DefaultMavenResourcesFiltering - Copying 0 resource from src\test\resources to target\test-classes
2026-01-29 13:59:06,888 [Worker-56: Building] INFO  o.a.m.s.f.DefaultMavenResourcesFiltering - Copying 1 resource from src\main\resources to target\classes
2026-01-29 13:59:06,891 [Worker-56: Building] INFO  o.a.m.s.f.DefaultMavenResourcesFiltering - Copying 0 resource from src\main\resources to target\classes
2026-01-29 13:59:06,893 [Worker-56: Building] INFO  o.a.m.s.f.DefaultMavenResourcesFiltering - Copying 0 resource from src\test\resources to target\test-classes
2026-01-29 13:59:12,508 [Worker-55: Building] INFO  o.a.m.s.f.DefaultMavenResourcesFiltering - Copying 1 resource from src\main\resources to target\classes
2026-01-29 13:59:12,511 [Worker-55: Building] INFO  o.a.m.s.f.DefaultMavenResourcesFiltering - Copying 0 resource from src\main\resources to target\classes
2026-01-29 13:59:12,512 [Worker-55: Building] INFO  o.a.m.s.f.DefaultMavenResourcesFiltering - Copying 0 resource from src\test\resources to target\test-classes
2026-01-29 13:59:22,645 [Worker-53: Building] INFO  o.a.m.s.f.DefaultMavenResourcesFiltering - Copying 1 resource from src\main\resources to target\classes
2026-01-29 13:59:22,648 [Worker-53: Building] INFO  o.a.m.s.f.DefaultMavenResourcesFiltering - Copying 0 resource from src\main\resources to target\classes
2026-01-29 13:59:22,650 [Worker-53: Building] INFO  o.a.m.s.f.DefaultMavenResourcesFiltering - Copying 0 resource from src\test\resources to target\test-classes
2026-01-29 13:59:34,959 [Worker-56: Building] INFO  o.a.m.s.f.DefaultMavenResourcesFiltering - Copying 1 resource from src\main\resources to target\classes
2026-01-29 13:59:34,962 [Worker-56: Building] INFO  o.a.m.s.f.DefaultMavenResourcesFiltering - Copying 0 resource from src\main\resources to target\classes
2026-01-29 13:59:34,964 [Worker-56: Building] INFO  o.a.m.s.f.DefaultMavenResourcesFiltering - Copying 0 resource from src\test\resources to target\test-classes
2026-01-29 13:59:54,998 [Worker-53: Building] INFO  o.a.m.s.f.DefaultMavenResourcesFiltering - Copying 1 resource from src\main\resources to target\classes
2026-01-29 13:59:55,023 [Worker-53: Building] INFO  o.a.m.s.f.DefaultMavenResourcesFiltering - Copying 0 resource from src\main\resources to target\classes
2026-01-29 13:59:55,028 [Worker-53: Building] INFO  o.a.m.s.f.DefaultMavenResourcesFiltering - Copying 0 resource from src\test\resources to target\test-classes
2026-01-29 14:00:29,190 [Worker-55: Building] INFO  o.a.m.s.f.DefaultMavenResourcesFiltering - Copying 1 resource from src\main\resources to target\classes
2026-01-29 14:00:29,195 [Worker-55: Building] INFO  o.a.m.s.f.DefaultMavenResourcesFiltering - Copying 0 resource from src\main\resources to target\classes
2026-01-29 14:00:29,197 [Worker-55: Building] INFO  o.a.m.s.f.DefaultMavenResourcesFiltering - Copying 0 resource from src\test\resources to target\test-classes
2026-01-29 14:00:34,667 [Worker-57: Building] INFO  o.a.m.s.f.DefaultMavenResourcesFiltering - Copying 1 resource from src\main\resources to target\classes
2026-01-29 14:00:34,673 [Worker-57: Building] INFO  o.a.m.s.f.DefaultMavenResourcesFiltering - Copying 0 resource from src\main\resources to target\classes
2026-01-29 14:00:34,675 [Worker-57: Building] INFO  o.a.m.s.f.DefaultMavenResourcesFiltering - Copying 0 resource from src\test\resources to target\test-classes
2026-01-29 14:06:01,271 [Worker-45: Building] INFO  o.a.m.s.f.DefaultMavenResourcesFiltering - Copying 1 resource from src\main\resources to target\classes
2026-01-29 14:06:01,277 [Worker-45: Building] INFO  o.a.m.s.f.DefaultMavenResourcesFiltering - Copying 0 resource from src\main\resources to target\classes
2026-01-29 14:06:01,278 [Worker-45: Building] INFO  o.a.m.s.f.DefaultMavenResourcesFiltering - Copying 0 resource from src\test\resources to target\test-classes
2026-01-29 14:07:29,034 [Worker-58: Building] INFO  o.a.m.s.f.DefaultMavenResourcesFiltering - Copying 1 resource from src\main\resources to target\classes
2026-01-29 14:07:29,039 [Worker-58: Building] INFO  o.a.m.s.f.DefaultMavenResourcesFiltering - Copying 0 resource from src\main\resources to target\classes
2026-01-29 14:07:29,042 [Worker-58: Building] INFO  o.a.m.s.f.DefaultMavenResourcesFiltering - Copying 0 resource from src\test\resources to target\test-classes
2026-01-29 14:07:34,910 [Worker-57: Building] INFO  o.a.m.s.f.DefaultMavenResourcesFiltering - Copying 1 resource from src\main\resources to target\classes
2026-01-29 14:07:34,916 [Worker-57: Building] INFO  o.a.m.s.f.DefaultMavenResourcesFiltering - Copying 0 resource from src\main\resources to target\classes
2026-01-29 14:07:34,917 [Worker-57: Building] INFO  o.a.m.s.f.DefaultMavenResourcesFiltering - Copying 0 resource from src\test\resources to target\test-classes
2026-01-29 14:07:57,329 [Worker-55: Building] INFO  o.a.m.s.f.DefaultMavenResourcesFiltering - Copying 1 resource from src\main\resources to target\classes
2026-01-29 14:07:57,335 [Worker-55: Building] INFO  o.a.m.s.f.DefaultMavenResourcesFiltering - Copying 0 resource from src\main\resources to target\classes
2026-01-29 14:07:57,336 [Worker-55: Building] INFO  o.a.m.s.f.DefaultMavenResourcesFiltering - Copying 0 resource from src\test\resources to target\test-classes
2026-01-29 14:08:04,124 [Worker-57: Building] INFO  o.a.m.s.f.DefaultMavenResourcesFiltering - Copying 1 resource from src\main\resources to target\classes
2026-01-29 14:08:04,128 [Worker-57: Building] INFO  o.a.m.s.f.DefaultMavenResourcesFiltering - Copying 0 resource from src\main\resources to target\classes
2026-01-29 14:08:04,130 [Worker-57: Building] INFO  o.a.m.s.f.DefaultMavenResourcesFiltering - Copying 0 resource from src\test\resources to target\test-classes
2026-01-29 14:08:51,068 [Worker-45: Building] INFO  o.a.m.s.f.DefaultMavenResourcesFiltering - Copying 1 resource from src\main\resources to target\classes
2026-01-29 14:08:51,072 [Worker-45: Building] INFO  o.a.m.s.f.DefaultMavenResourcesFiltering - Copying 0 resource from src\main\resources to target\classes
2026-01-29 14:08:51,075 [Worker-45: Building] INFO  o.a.m.s.f.DefaultMavenResourcesFiltering - Copying 0 resource from src\test\resources to target\test-classes
2026-01-29 14:12:28,196 [Worker-56: Building] INFO  o.a.m.s.f.DefaultMavenResourcesFiltering - Copying 1 resource from src\main\resources to target\classes
2026-01-29 14:12:28,202 [Worker-56: Building] INFO  o.a.m.s.f.DefaultMavenResourcesFiltering - Copying 0 resource from src\main\resources to target\classes
2026-01-29 14:12:28,204 [Worker-56: Building] INFO  o.a.m.s.f.DefaultMavenResourcesFiltering - Copying 0 resource from src\test\resources to target\test-classes
2026-01-29 14:13:35,960 [Worker-57: Building] INFO  o.a.m.s.f.DefaultMavenResourcesFiltering - Copying 1 resource from src\main\resources to target\classes
2026-01-29 14:13:35,984 [Worker-57: Building] INFO  o.a.m.s.f.DefaultMavenResourcesFiltering - Copying 0 resource from src\main\resources to target\classes
2026-01-29 14:13:35,991 [Worker-57: Building] INFO  o.a.m.s.f.DefaultMavenResourcesFiltering - Copying 0 resource from src\test\resources to target\test-classes
2026-01-29 14:14:05,882 [Worker-58: Building] INFO  o.a.m.s.f.DefaultMavenResourcesFiltering - Copying 1 resource from src\main\resources to target\classes
2026-01-29 14:14:05,888 [Worker-58: Building] INFO  o.a.m.s.f.DefaultMavenResourcesFiltering - Copying 0 resource from src\main\resources to target\classes
2026-01-29 14:14:05,891 [Worker-58: Building] INFO  o.a.m.s.f.DefaultMavenResourcesFiltering - Copying 0 resource from src\test\resources to target\test-classes
2026-01-29 14:14:49,022 [Worker-57: Building] INFO  o.a.m.s.f.DefaultMavenResourcesFiltering - Copying 1 resource from src\main\resources to target\classes
2026-01-29 14:14:49,029 [Worker-57: Building] INFO  o.a.m.s.f.DefaultMavenResourcesFiltering - Copying 0 resource from src\main\resources to target\classes
2026-01-29 14:14:49,031 [Worker-57: Building] INFO  o.a.m.s.f.DefaultMavenResourcesFiltering - Copying 0 resource from src\test\resources to target\test-classes
2026-01-29 14:14:51,160 [Worker-55: Building] INFO  o.a.m.s.f.DefaultMavenResourcesFiltering - Copying 1 resource from src\main\resources to target\classes
2026-01-29 14:14:51,166 [Worker-55: Building] INFO  o.a.m.s.f.DefaultMavenResourcesFiltering - Copying 0 resource from src\main\resources to target\classes
2026-01-29 14:14:51,169 [Worker-55: Building] INFO  o.a.m.s.f.DefaultMavenResourcesFiltering - Copying 0 resource from src\test\resources to target\test-classes
2026-01-29 14:20:01,901 [Worker-58: Launching SbJdbc - SbJdbcApplication] INFO  o.a.m.s.f.DefaultMavenResourcesFiltering - Copying 1 resource from src\main\resources to target\classes
2026-01-29 14:20:01,907 [Worker-58: Launching SbJdbc - SbJdbcApplication] INFO  o.a.m.s.f.DefaultMavenResourcesFiltering - Copying 0 resource from src\main\resources to target\classes
2026-01-29 14:20:01,910 [Worker-58: Launching SbJdbc - SbJdbcApplication] INFO  o.a.m.s.f.DefaultMavenResourcesFiltering - Copying 0 resource from src\test\resources to target\test-classes
2026-01-29 14:21:31,406 [Worker-53: Building] INFO  o.a.m.s.f.DefaultMavenResourcesFiltering - Copying 1 resource from src\main\resources to target\classes
2026-01-29 14:21:31,412 [Worker-53: Building] INFO  o.a.m.s.f.DefaultMavenResourcesFiltering - Copying 0 resource from src\main\resources to target\classes
2026-01-29 14:21:31,415 [Worker-53: Building] INFO  o.a.m.s.f.DefaultMavenResourcesFiltering - Copying 0 resource from src\test\resources to target\test-classes
2026-01-29 14:21:59,086 [Worker-45: Building] INFO  o.a.m.s.f.DefaultMavenResourcesFiltering - Copying 1 resource from src\main\resources to target\classes
2026-01-29 14:21:59,092 [Worker-45: Building] INFO  o.a.m.s.f.DefaultMavenResourcesFiltering - Copying 0 resource from src\main\resources to target\classes
2026-01-29 14:21:59,094 [Worker-45: Building] INFO  o.a.m.s.f.DefaultMavenResourcesFiltering - Copying 0 resource from src\test\resources to target\test-classes
2026-01-29 14:36:47,602 [Worker-59: Building] INFO  o.a.m.s.f.DefaultMavenResourcesFiltering - Copying 1 resource from src\main\resources to target\classes
2026-01-29 14:36:47,608 [Worker-59: Building] INFO  o.a.m.s.f.DefaultMavenResourcesFiltering - Copying 0 resource from src\main\resources to target\classes
2026-01-29 14:36:47,611 [Worker-59: Building] INFO  o.a.m.s.f.DefaultMavenResourcesFiltering - Copying 0 resource from src\test\resources to target\test-classes
2026-01-29 14:38:09,592 [Worker-50: Building] INFO  o.a.m.s.f.DefaultMavenResourcesFiltering - Copying 1 resource from src\main\resources to target\classes
2026-01-29 14:38:09,619 [Worker-50: Building] INFO  o.a.m.s.f.DefaultMavenResourcesFiltering - Copying 0 resource from src\main\resources to target\classes
2026-01-29 14:38:09,625 [Worker-50: Building] INFO  o.a.m.s.f.DefaultMavenResourcesFiltering - Copying 0 resource from src\test\resources to target\test-classes
2026-01-29 14:40:08,151 [Worker-59: Building] INFO  o.a.m.s.f.DefaultMavenResourcesFiltering - Copying 1 resource from src\main\resources to target\classes
2026-01-29 14:40:08,156 [Worker-59: Building] INFO  o.a.m.s.f.DefaultMavenResourcesFiltering - Copying 0 resource from src\main\resources to target\classes
2026-01-29 14:40:08,158 [Worker-59: Building] INFO  o.a.m.s.f.DefaultMavenResourcesFiltering - Copying 0 resource from src\test\resources to target\test-classes
2026-01-29 14:40:43,753 [Worker-53: Building] INFO  o.a.m.s.f.DefaultMavenResourcesFiltering - Copying 1 resource from src\main\resources to target\classes
2026-01-29 14:40:43,758 [Worker-53: Building] INFO  o.a.m.s.f.DefaultMavenResourcesFiltering - Copying 0 resource from src\main\resources to target\classes
2026-01-29 14:40:43,760 [Worker-53: Building] INFO  o.a.m.s.f.DefaultMavenResourcesFiltering - Copying 0 resource from src\test\resources to target\test-classes
2026-01-29 14:41:41,705 [Worker-53: Building] INFO  o.a.m.s.f.DefaultMavenResourcesFiltering - Copying 1 resource from src\main\resources to target\classes
2026-01-29 14:41:41,711 [Worker-53: Building] INFO  o.a.m.s.f.DefaultMavenResourcesFiltering - Copying 0 resource from src\main\resources to target\classes
2026-01-29 14:41:41,713 [Worker-53: Building] INFO  o.a.m.s.f.DefaultMavenResourcesFiltering - Copying 0 resource from src\test\resources to target\test-classes
2026-01-29 14:43:52,499 [Worker-53: Building] INFO  o.a.m.s.f.DefaultMavenResourcesFiltering - Copying 1 resource from src\main\resources to target\classes
2026-01-29 14:43:52,506 [Worker-53: Building] INFO  o.a.m.s.f.DefaultMavenResourcesFiltering - Copying 0 resource from src\main\resources to target\classes
2026-01-29 14:43:52,508 [Worker-53: Building] INFO  o.a.m.s.f.DefaultMavenResourcesFiltering - Copying 0 resource from src\test\resources to target\test-classes
2026-01-29 14:44:58,671 [Worker-53: Building] INFO  o.a.m.s.f.DefaultMavenResourcesFiltering - Copying 1 resource from src\main\resources to target\classes
2026-01-29 14:44:58,676 [Worker-53: Building] INFO  o.a.m.s.f.DefaultMavenResourcesFiltering - Copying 0 resource from src\main\resources to target\classes
2026-01-29 14:44:58,678 [Worker-53: Building] INFO  o.a.m.s.f.DefaultMavenResourcesFiltering - Copying 0 resource from src\test\resources to target\test-classes
2026-01-29 14:46:13,182 [Worker-53: Building] INFO  o.a.m.s.f.DefaultMavenResourcesFiltering - Copying 1 resource from src\main\resources to target\classes
2026-01-29 14:46:13,187 [Worker-53: Building] INFO  o.a.m.s.f.DefaultMavenResourcesFiltering - Copying 0 resource from src\main\resources to target\classes
2026-01-29 14:46:13,189 [Worker-53: Building] INFO  o.a.m.s.f.DefaultMavenResourcesFiltering - Copying 0 resource from src\test\resources to target\test-classes
2026-01-29 14:46:21,139 [Worker-45: Building] INFO  o.a.m.s.f.DefaultMavenResourcesFiltering - Copying 1 resource from src\main\resources to target\classes
2026-01-29 14:46:21,158 [Worker-45: Building] INFO  o.a.m.s.f.DefaultMavenResourcesFiltering - Copying 0 resource from src\main\resources to target\classes
2026-01-29 14:46:21,164 [Worker-45: Building] INFO  o.a.m.s.f.DefaultMavenResourcesFiltering - Copying 0 resource from src\test\resources to target\test-classes
2026-01-29 14:48:55,746 [Worker-56: Building] INFO  o.a.m.s.f.DefaultMavenResourcesFiltering - Copying 1 resource from src\main\resources to target\classes
2026-01-29 14:48:55,750 [Worker-56: Building] INFO  o.a.m.s.f.DefaultMavenResourcesFiltering - Copying 0 resource from src\main\resources to target\classes
2026-01-29 14:48:55,752 [Worker-56: Building] INFO  o.a.m.s.f.DefaultMavenResourcesFiltering - Copying 0 resource from src\test\resources to target\test-classes
2026-01-29 14:49:16,394 [Worker-45: Building] INFO  o.a.m.s.f.DefaultMavenResourcesFiltering - Copying 1 resource from src\main\resources to target\classes
2026-01-29 14:49:16,398 [Worker-45: Building] INFO  o.a.m.s.f.DefaultMavenResourcesFiltering - Copying 0 resource from src\main\resources to target\classes
2026-01-29 14:49:16,401 [Worker-45: Building] INFO  o.a.m.s.f.DefaultMavenResourcesFiltering - Copying 0 resource from src\test\resources to target\test-classes
2026-01-29 14:51:03,854 [Worker-55: Building] INFO  o.a.m.s.f.DefaultMavenResourcesFiltering - Copying 1 resource from src\main\resources to target\classes
2026-01-29 14:51:03,859 [Worker-55: Building] INFO  o.a.m.s.f.DefaultMavenResourcesFiltering - Copying 0 resource from src\main\resources to target\classes
2026-01-29 14:51:03,861 [Worker-55: Building] INFO  o.a.m.s.f.DefaultMavenResourcesFiltering - Copying 0 resource from src\test\resources to target\test-classes
2026-01-29 14:52:48,355 [Worker-55: Building] INFO  o.a.m.s.f.DefaultMavenResourcesFiltering - Copying 1 resource from src\main\resources to target\classes
2026-01-29 14:52:48,361 [Worker-55: Building] INFO  o.a.m.s.f.DefaultMavenResourcesFiltering - Copying 0 resource from src\main\resources to target\classes
2026-01-29 14:52:48,363 [Worker-55: Building] INFO  o.a.m.s.f.DefaultMavenResourcesFiltering - Copying 0 resource from src\test\resources to target\test-classes
2026-01-29 15:34:57,580 [Worker-59: Import Getting Started Content] INFO  o.e.m.c.i.l.LifecycleMappingFactory - Using org.eclipse.m2e.jdt.JarLifecycleMapping lifecycle mapping for MavenProject: com.example:SbSecurity1:0.0.1-SNAPSHOT @ D:\Mphasis\sb\SbSecurity1\pom.xml.
2026-01-29 15:34:57,789 [Worker-59: Import Getting Started Content] INFO  o.e.m.c.i.e.AbstractTransferListenerAdapter - Downloading https://repo.maven.apache.org/maven2/org/springframework/boot/spring-boot-starter-security/3.5.10/spring-boot-starter-security-3.5.10.pom
2026-01-29 15:34:57,817 [Worker-59: Import Getting Started Content] INFO  o.e.m.c.i.e.AbstractTransferListenerAdapter - Downloaded https://repo.maven.apache.org/maven2/org/springframework/boot/spring-boot-starter-security/3.5.10/spring-boot-starter-security-3.5.10.pom
2026-01-29 15:35:00,238 [Worker-59: Import Getting Started Content] INFO  o.e.m.c.i.e.AbstractTransferListenerAdapter - Downloading https://repo.maven.apache.org/maven2/org/springframework/boot/spring-boot-starter-security/3.5.10/spring-boot-starter-security-3.5.10.jar
2026-01-29 15:35:00,337 [Worker-59: Import Getting Started Content] INFO  o.e.m.c.i.e.AbstractTransferListenerAdapter - Downloaded https://repo.maven.apache.org/maven2/org/springframework/boot/spring-boot-starter-security/3.5.10/spring-boot-starter-security-3.5.10.jar
2026-01-29 15:35:00,901 [Worker-59: Import Getting Started Content] INFO  o.e.m.j.i.AbstractJavaProjectConfigurator - Adding source folder /SbSecurity1/src/main/java
2026-01-29 15:35:00,902 [Worker-59: Import Getting Started Content] INFO  o.e.m.j.i.AbstractJavaProjectConfigurator - Adding resource folder /SbSecurity1/src/main/resources
2026-01-29 15:35:00,904 [Worker-59: Import Getting Started Content] INFO  o.e.m.j.i.AbstractJavaProjectConfigurator - Adding resource folder /SbSecurity1/src/main/resources
2026-01-29 15:35:00,915 [Worker-59: Import Getting Started Content] INFO  o.e.m.j.i.AbstractJavaProjectConfigurator - Adding source folder /SbSecurity1/src/test/java
2026-01-29 15:35:00,915 [Worker-59: Import Getting Started Content] INFO  o.e.m.j.i.AbstractJavaProjectConfigurator - Adding resource folder /SbSecurity1/src/test/resources
2026-01-29 15:35:01,913 [Worker-52: Download sources and javadoc] INFO  o.e.m.c.i.e.AbstractTransferListenerAdapter - Downloading https://repo.maven.apache.org/maven2/org/springframework/boot/spring-boot-starter-security/3.5.10/spring-boot-starter-security-3.5.10-sources.jar
2026-01-29 15:35:02,013 [Worker-52: Download sources and javadoc] INFO  o.e.m.c.i.e.AbstractTransferListenerAdapter - Downloaded https://repo.maven.apache.org/maven2/org/springframework/boot/spring-boot-starter-security/3.5.10/spring-boot-starter-security-3.5.10-sources.jar
2026-01-29 15:35:02,018 [Worker-52: Download sources and javadoc] INFO  o.e.m.j.internal.DownloadSourcesJob - Downloaded sources for org.springframework.boot:spring-boot-starter-security:3.5.10
2026-01-29 15:35:02,135 [Worker-52: Download sources and javadoc] INFO  o.e.m.c.i.e.AbstractTransferListenerAdapter - Downloading https://repo.maven.apache.org/maven2/org/springframework/security/spring-security-config/6.5.7/spring-security-config-6.5.7-sources.jar
2026-01-29 15:35:02,351 [Worker-52: Download sources and javadoc] INFO  o.e.m.c.i.e.AbstractTransferListenerAdapter - Downloaded https://repo.maven.apache.org/maven2/org/springframework/security/spring-security-config/6.5.7/spring-security-config-6.5.7-sources.jar
2026-01-29 15:35:02,356 [Worker-52: Download sources and javadoc] INFO  o.e.m.j.internal.DownloadSourcesJob - Downloaded sources for org.springframework.security:spring-security-config:6.5.7
2026-01-29 15:35:02,464 [Worker-52: Download sources and javadoc] INFO  o.e.m.c.i.e.AbstractTransferListenerAdapter - Downloading https://repo.maven.apache.org/maven2/org/springframework/security/spring-security-web/6.5.7/spring-security-web-6.5.7-sources.jar
2026-01-29 15:35:02,670 [Worker-52: Download sources and javadoc] INFO  o.e.m.c.i.e.AbstractTransferListenerAdapter - Downloaded https://repo.maven.apache.org/maven2/org/springframework/security/spring-security-web/6.5.7/spring-security-web-6.5.7-sources.jar
2026-01-29 15:35:02,675 [Worker-52: Download sources and javadoc] INFO  o.e.m.j.internal.DownloadSourcesJob - Downloaded sources for org.springframework.security:spring-security-web:6.5.7
2026-01-29 15:35:02,770 [Worker-52: Download sources and javadoc] INFO  o.e.m.c.i.e.AbstractTransferListenerAdapter - Downloading https://repo.maven.apache.org/maven2/org/springframework/security/spring-security-test/6.5.7/spring-security-test-6.5.7-sources.jar
2026-01-29 15:35:02,839 [Worker-52: Download sources and javadoc] INFO  o.e.m.c.i.e.AbstractTransferListenerAdapter - Downloaded https://repo.maven.apache.org/maven2/org/springframework/security/spring-security-test/6.5.7/spring-security-test-6.5.7-sources.jar
2026-01-29 15:35:02,845 [Worker-52: Download sources and javadoc] INFO  o.e.m.j.internal.DownloadSourcesJob - Downloaded sources for org.springframework.security:spring-security-test:6.5.7
2026-01-29 15:35:02,970 [Worker-52: Download sources and javadoc] INFO  o.e.m.c.i.e.AbstractTransferListenerAdapter - Downloading https://repo.maven.apache.org/maven2/org/springframework/security/spring-security-core/6.5.7/spring-security-core-6.5.7-sources.jar
2026-01-29 15:35:03,118 [Worker-52: Download sources and javadoc] INFO  o.e.m.c.i.e.AbstractTransferListenerAdapter - Downloaded https://repo.maven.apache.org/maven2/org/springframework/security/spring-security-core/6.5.7/spring-security-core-6.5.7-sources.jar
2026-01-29 15:35:03,123 [Worker-52: Download sources and javadoc] INFO  o.e.m.j.internal.DownloadSourcesJob - Downloaded sources for org.springframework.security:spring-security-core:6.5.7
2026-01-29 15:35:05,098 [Worker-59: Import Getting Started Content] INFO  o.e.m.c.i.p.ProjectConfigurationManager - Imported and configured 1 project(s) in 10 sec
2026-01-29 15:35:05,102 [Worker-59: Import Getting Started Content] INFO  o.e.m.c.i.p.ProjectConfigurationManager - Update started
2026-01-29 15:35:05,648 [Worker-59: Import Getting Started Content] INFO  o.e.m.c.i.l.LifecycleMappingFactory - Using org.eclipse.m2e.jdt.JarLifecycleMapping lifecycle mapping for MavenProject: com.example:SbSecurity1:0.0.1-SNAPSHOT @ D:\Mphasis\sb\SbSecurity1\pom.xml.
2026-01-29 15:35:06,308 [Worker-59: Import Getting Started Content] INFO  o.e.m.j.i.AbstractJavaProjectConfigurator - Adding source folder /SbSecurity1/src/main/java
2026-01-29 15:35:06,308 [Worker-59: Import Getting Started Content] INFO  o.e.m.j.i.AbstractJavaProjectConfigurator - Adding resource folder /SbSecurity1/src/main/resources
2026-01-29 15:35:06,308 [Worker-59: Import Getting Started Content] INFO  o.e.m.j.i.AbstractJavaProjectConfigurator - Adding resource folder /SbSecurity1/src/main/resources
2026-01-29 15:35:06,308 [Worker-59: Import Getting Started Content] INFO  o.e.m.j.i.AbstractJavaProjectConfigurator - Adding source folder /SbSecurity1/src/test/java
2026-01-29 15:35:06,309 [Worker-59: Import Getting Started Content] INFO  o.e.m.j.i.AbstractJavaProjectConfigurator - Adding resource folder /SbSecurity1/src/test/resources
2026-01-29 15:35:06,679 [Worker-59: Import Getting Started Content] INFO  o.e.m.c.i.p.ProjectConfigurationManager - Update completed for 1 poms: local refresh takes 0.00 sec, refresh facades takes 1.00 sec, update config takes 0.00 sec 
2026-01-29 15:35:08,633 [Worker-62: Building] INFO  o.a.m.s.f.DefaultMavenResourcesFiltering - Copying 1 resource from src\main\resources to target\classes
2026-01-29 15:35:08,672 [Worker-62: Building] INFO  o.a.m.s.f.DefaultMavenResourcesFiltering - Copying 0 resource from src\main\resources to target\classes
2026-01-29 15:35:08,677 [Worker-62: Building] INFO  o.a.m.s.f.DefaultMavenResourcesFiltering - Copying 0 resource from src\test\resources to target\test-classes
2026-01-29 15:35:15,215 [Worker-64: Building] INFO  o.a.m.s.f.DefaultMavenResourcesFiltering - Copying 1 resource from src\main\resources to target\classes
2026-01-29 15:35:15,258 [Worker-64: Building] INFO  o.a.m.s.f.DefaultMavenResourcesFiltering - Copying 0 resource from src\main\resources to target\classes
2026-01-29 15:35:15,266 [Worker-64: Building] INFO  o.a.m.s.f.DefaultMavenResourcesFiltering - Copying 0 resource from src\test\resources to target\test-classes
2026-01-29 15:35:33,991 [Worker-60: Building] INFO  o.a.m.s.f.DefaultMavenResourcesFiltering - Copying 1 resource from src\main\resources to target\classes
2026-01-29 15:35:33,996 [Worker-60: Building] INFO  o.a.m.s.f.DefaultMavenResourcesFiltering - Copying 0 resource from src\main\resources to target\classes
2026-01-29 15:35:33,999 [Worker-60: Building] INFO  o.a.m.s.f.DefaultMavenResourcesFiltering - Copying 0 resource from src\test\resources to target\test-classes
2026-01-29 15:35:52,309 [Worker-64: Building] INFO  o.a.m.s.f.DefaultMavenResourcesFiltering - Copying 1 resource from src\main\resources to target\classes
2026-01-29 15:35:52,314 [Worker-64: Building] INFO  o.a.m.s.f.DefaultMavenResourcesFiltering - Copying 0 resource from src\main\resources to target\classes
2026-01-29 15:35:52,316 [Worker-64: Building] INFO  o.a.m.s.f.DefaultMavenResourcesFiltering - Copying 0 resource from src\test\resources to target\test-classes
2026-01-30 09:22:07,649 [Worker-7: Loading available Gradle versions] INFO  o.e.b.c.i.u.g.PublishedGradleVersions - Gradle version information cache is up-to-date. Trying to read.
2026-01-30 09:25:20,376 [Worker-4: Launching mavenrun-27872678-cab4-49b9-8b2b-8af4ffa395a2] INFO  o.eclipse.m2e.core.internal.Bundles - getClasspathEntries(Bundle=org.eclipse.m2e.maven.runtime_3.9.900.20250220-2013 [637])
2026-01-30 09:25:20,379 [Worker-4: Launching mavenrun-27872678-cab4-49b9-8b2b-8af4ffa395a2] INFO  o.eclipse.m2e.core.internal.Bundles - 	Entry: C:\Users\dell\.p2\pool\plugins\org.eclipse.m2e.maven.runtime_3.9.900.20250220-2013
2026-01-30 09:25:20,379 [Worker-4: Launching mavenrun-27872678-cab4-49b9-8b2b-8af4ffa395a2] INFO  o.eclipse.m2e.core.internal.Bundles - 	Entry: C:\Users\dell\.p2\pool\plugins\org.eclipse.m2e.maven.runtime_3.9.900.20250220-2013\jars\aopalliance-1.0.jar
2026-01-30 09:25:20,379 [Worker-4: Launching mavenrun-27872678-cab4-49b9-8b2b-8af4ffa395a2] INFO  o.eclipse.m2e.core.internal.Bundles - 	Entry: C:\Users\dell\.p2\pool\plugins\org.eclipse.m2e.maven.runtime_3.9.900.20250220-2013\jars\guice-5.1.0.jar
2026-01-30 09:25:20,380 [Worker-4: Launching mavenrun-27872678-cab4-49b9-8b2b-8af4ffa395a2] INFO  o.eclipse.m2e.core.internal.Bundles - 	Entry: C:\Users\dell\.p2\pool\plugins\org.eclipse.m2e.maven.runtime_3.9.900.20250220-2013\jars\httpclient-4.5.14.jar
2026-01-30 09:25:20,380 [Worker-4: Launching mavenrun-27872678-cab4-49b9-8b2b-8af4ffa395a2] INFO  o.eclipse.m2e.core.internal.Bundles - 	Entry: C:\Users\dell\.p2\pool\plugins\org.eclipse.m2e.maven.runtime_3.9.900.20250220-2013\jars\httpcore-4.4.16.jar
2026-01-30 09:25:20,380 [Worker-4: Launching mavenrun-27872678-cab4-49b9-8b2b-8af4ffa395a2] INFO  o.eclipse.m2e.core.internal.Bundles - 	Entry: C:\Users\dell\.p2\pool\plugins\org.eclipse.m2e.maven.runtime_3.9.900.20250220-2013\jars\jansi-2.4.1.jar
2026-01-30 09:25:20,380 [Worker-4: Launching mavenrun-27872678-cab4-49b9-8b2b-8af4ffa395a2] INFO  o.eclipse.m2e.core.internal.Bundles - 	Entry: C:\Users\dell\.p2\pool\plugins\org.eclipse.m2e.maven.runtime_3.9.900.20250220-2013\jars\jcl-over-slf4j-1.7.36.jar
2026-01-30 09:25:20,380 [Worker-4: Launching mavenrun-27872678-cab4-49b9-8b2b-8af4ffa395a2] INFO  o.eclipse.m2e.core.internal.Bundles - 	Entry: C:\Users\dell\.p2\pool\plugins\org.eclipse.m2e.maven.runtime_3.9.900.20250220-2013\jars\maven-artifact-3.9.9.jar
2026-01-30 09:25:20,380 [Worker-4: Launching mavenrun-27872678-cab4-49b9-8b2b-8af4ffa395a2] INFO  o.eclipse.m2e.core.internal.Bundles - 	Entry: C:\Users\dell\.p2\pool\plugins\org.eclipse.m2e.maven.runtime_3.9.900.20250220-2013\jars\maven-builder-support-3.9.9.jar
2026-01-30 09:25:20,380 [Worker-4: Launching mavenrun-27872678-cab4-49b9-8b2b-8af4ffa395a2] INFO  o.eclipse.m2e.core.internal.Bundles - 	Entry: C:\Users\dell\.p2\pool\plugins\org.eclipse.m2e.maven.runtime_3.9.900.20250220-2013\jars\maven-compat-3.9.9.jar
2026-01-30 09:25:20,380 [Worker-4: Launching mavenrun-27872678-cab4-49b9-8b2b-8af4ffa395a2] INFO  o.eclipse.m2e.core.internal.Bundles - 	Entry: C:\Users\dell\.p2\pool\plugins\org.eclipse.m2e.maven.runtime_3.9.900.20250220-2013\jars\maven-core-3.9.9.jar
2026-01-30 09:25:20,381 [Worker-4: Launching mavenrun-27872678-cab4-49b9-8b2b-8af4ffa395a2] INFO  o.eclipse.m2e.core.internal.Bundles - 	Entry: C:\Users\dell\.p2\pool\plugins\org.eclipse.m2e.maven.runtime_3.9.900.20250220-2013\jars\maven-embedder-3.9.9.jar
2026-01-30 09:25:20,381 [Worker-4: Launching mavenrun-27872678-cab4-49b9-8b2b-8af4ffa395a2] INFO  o.eclipse.m2e.core.internal.Bundles - 	Entry: C:\Users\dell\.p2\pool\plugins\org.eclipse.m2e.maven.runtime_3.9.900.20250220-2013\jars\maven-model-3.9.9.jar
2026-01-30 09:25:20,381 [Worker-4: Launching mavenrun-27872678-cab4-49b9-8b2b-8af4ffa395a2] INFO  o.eclipse.m2e.core.internal.Bundles - 	Entry: C:\Users\dell\.p2\pool\plugins\org.eclipse.m2e.maven.runtime_3.9.900.20250220-2013\jars\maven-model-builder-3.9.9.jar
2026-01-30 09:25:20,381 [Worker-4: Launching mavenrun-27872678-cab4-49b9-8b2b-8af4ffa395a2] INFO  o.eclipse.m2e.core.internal.Bundles - 	Entry: C:\Users\dell\.p2\pool\plugins\org.eclipse.m2e.maven.runtime_3.9.900.20250220-2013\jars\maven-plugin-api-3.9.9.jar
2026-01-30 09:25:20,381 [Worker-4: Launching mavenrun-27872678-cab4-49b9-8b2b-8af4ffa395a2] INFO  o.eclipse.m2e.core.internal.Bundles - 	Entry: C:\Users\dell\.p2\pool\plugins\org.eclipse.m2e.maven.runtime_3.9.900.20250220-2013\jars\maven-repository-metadata-3.9.9.jar
2026-01-30 09:25:20,381 [Worker-4: Launching mavenrun-27872678-cab4-49b9-8b2b-8af4ffa395a2] INFO  o.eclipse.m2e.core.internal.Bundles - 	Entry: C:\Users\dell\.p2\pool\plugins\org.eclipse.m2e.maven.runtime_3.9.900.20250220-2013\jars\maven-resolver-api-1.9.22.jar
2026-01-30 09:25:20,381 [Worker-4: Launching mavenrun-27872678-cab4-49b9-8b2b-8af4ffa395a2] INFO  o.eclipse.m2e.core.internal.Bundles - 	Entry: C:\Users\dell\.p2\pool\plugins\org.eclipse.m2e.maven.runtime_3.9.900.20250220-2013\jars\maven-resolver-connector-basic-1.9.22.jar
2026-01-30 09:25:20,382 [Worker-4: Launching mavenrun-27872678-cab4-49b9-8b2b-8af4ffa395a2] INFO  o.eclipse.m2e.core.internal.Bundles - 	Entry: C:\Users\dell\.p2\pool\plugins\org.eclipse.m2e.maven.runtime_3.9.900.20250220-2013\jars\maven-resolver-impl-1.9.22.jar
2026-01-30 09:25:20,382 [Worker-4: Launching mavenrun-27872678-cab4-49b9-8b2b-8af4ffa395a2] INFO  o.eclipse.m2e.core.internal.Bundles - 	Entry: C:\Users\dell\.p2\pool\plugins\org.eclipse.m2e.maven.runtime_3.9.900.20250220-2013\jars\maven-resolver-named-locks-1.9.22.jar
2026-01-30 09:25:20,382 [Worker-4: Launching mavenrun-27872678-cab4-49b9-8b2b-8af4ffa395a2] INFO  o.eclipse.m2e.core.internal.Bundles - 	Entry: C:\Users\dell\.p2\pool\plugins\org.eclipse.m2e.maven.runtime_3.9.900.20250220-2013\jars\maven-resolver-provider-3.9.9.jar
2026-01-30 09:25:20,382 [Worker-4: Launching mavenrun-27872678-cab4-49b9-8b2b-8af4ffa395a2] INFO  o.eclipse.m2e.core.internal.Bundles - 	Entry: C:\Users\dell\.p2\pool\plugins\org.eclipse.m2e.maven.runtime_3.9.900.20250220-2013\jars\maven-resolver-spi-1.9.22.jar
2026-01-30 09:25:20,382 [Worker-4: Launching mavenrun-27872678-cab4-49b9-8b2b-8af4ffa395a2] INFO  o.eclipse.m2e.core.internal.Bundles - 	Entry: C:\Users\dell\.p2\pool\plugins\org.eclipse.m2e.maven.runtime_3.9.900.20250220-2013\jars\maven-resolver-transport-file-1.9.22.jar
2026-01-30 09:25:20,382 [Worker-4: Launching mavenrun-27872678-cab4-49b9-8b2b-8af4ffa395a2] INFO  o.eclipse.m2e.core.internal.Bundles - 	Entry: C:\Users\dell\.p2\pool\plugins\org.eclipse.m2e.maven.runtime_3.9.900.20250220-2013\jars\maven-resolver-transport-http-1.9.22.jar
2026-01-30 09:25:20,382 [Worker-4: Launching mavenrun-27872678-cab4-49b9-8b2b-8af4ffa395a2] INFO  o.eclipse.m2e.core.internal.Bundles - 	Entry: C:\Users\dell\.p2\pool\plugins\org.eclipse.m2e.maven.runtime_3.9.900.20250220-2013\jars\maven-resolver-transport-wagon-1.9.22.jar
2026-01-30 09:25:20,382 [Worker-4: Launching mavenrun-27872678-cab4-49b9-8b2b-8af4ffa395a2] INFO  o.eclipse.m2e.core.internal.Bundles - 	Entry: C:\Users\dell\.p2\pool\plugins\org.eclipse.m2e.maven.runtime_3.9.900.20250220-2013\jars\maven-resolver-util-1.9.22.jar
2026-01-30 09:25:20,382 [Worker-4: Launching mavenrun-27872678-cab4-49b9-8b2b-8af4ffa395a2] INFO  o.eclipse.m2e.core.internal.Bundles - 	Entry: C:\Users\dell\.p2\pool\plugins\org.eclipse.m2e.maven.runtime_3.9.900.20250220-2013\jars\maven-settings-3.9.9.jar
2026-01-30 09:25:20,383 [Worker-4: Launching mavenrun-27872678-cab4-49b9-8b2b-8af4ffa395a2] INFO  o.eclipse.m2e.core.internal.Bundles - 	Entry: C:\Users\dell\.p2\pool\plugins\org.eclipse.m2e.maven.runtime_3.9.900.20250220-2013\jars\maven-settings-builder-3.9.9.jar
2026-01-30 09:25:20,383 [Worker-4: Launching mavenrun-27872678-cab4-49b9-8b2b-8af4ffa395a2] INFO  o.eclipse.m2e.core.internal.Bundles - 	Entry: C:\Users\dell\.p2\pool\plugins\org.eclipse.m2e.maven.runtime_3.9.900.20250220-2013\jars\maven-shared-utils-3.4.2.jar
2026-01-30 09:25:20,383 [Worker-4: Launching mavenrun-27872678-cab4-49b9-8b2b-8af4ffa395a2] INFO  o.eclipse.m2e.core.internal.Bundles - 	Entry: C:\Users\dell\.p2\pool\plugins\org.eclipse.m2e.maven.runtime_3.9.900.20250220-2013\jars\org.eclipse.sisu.inject-0.9.0.M3.jar
2026-01-30 09:25:20,383 [Worker-4: Launching mavenrun-27872678-cab4-49b9-8b2b-8af4ffa395a2] INFO  o.eclipse.m2e.core.internal.Bundles - 	Entry: C:\Users\dell\.p2\pool\plugins\org.eclipse.m2e.maven.runtime_3.9.900.20250220-2013\jars\org.eclipse.sisu.plexus-0.9.0.M3.jar
2026-01-30 09:25:20,383 [Worker-4: Launching mavenrun-27872678-cab4-49b9-8b2b-8af4ffa395a2] INFO  o.eclipse.m2e.core.internal.Bundles - 	Entry: C:\Users\dell\.p2\pool\plugins\org.eclipse.m2e.maven.runtime_3.9.900.20250220-2013\jars\plexus-build-api-0.0.7.jar
2026-01-30 09:25:20,383 [Worker-4: Launching mavenrun-27872678-cab4-49b9-8b2b-8af4ffa395a2] INFO  o.eclipse.m2e.core.internal.Bundles - 	Entry: C:\Users\dell\.p2\pool\plugins\org.eclipse.m2e.maven.runtime_3.9.900.20250220-2013\jars\plexus-build-api-1.2.0.jar
2026-01-30 09:25:20,383 [Worker-4: Launching mavenrun-27872678-cab4-49b9-8b2b-8af4ffa395a2] INFO  o.eclipse.m2e.core.internal.Bundles - 	Entry: C:\Users\dell\.p2\pool\plugins\org.eclipse.m2e.maven.runtime_3.9.900.20250220-2013\jars\plexus-cipher-2.0.jar
2026-01-30 09:25:20,383 [Worker-4: Launching mavenrun-27872678-cab4-49b9-8b2b-8af4ffa395a2] INFO  o.eclipse.m2e.core.internal.Bundles - 	Entry: C:\Users\dell\.p2\pool\plugins\org.eclipse.m2e.maven.runtime_3.9.900.20250220-2013\jars\plexus-classworlds-2.8.0.jar
2026-01-30 09:25:20,383 [Worker-4: Launching mavenrun-27872678-cab4-49b9-8b2b-8af4ffa395a2] INFO  o.eclipse.m2e.core.internal.Bundles - 	Entry: C:\Users\dell\.p2\pool\plugins\org.eclipse.m2e.maven.runtime_3.9.900.20250220-2013\jars\plexus-component-annotations-2.1.0.jar
2026-01-30 09:25:20,384 [Worker-4: Launching mavenrun-27872678-cab4-49b9-8b2b-8af4ffa395a2] INFO  o.eclipse.m2e.core.internal.Bundles - 	Entry: C:\Users\dell\.p2\pool\plugins\org.eclipse.m2e.maven.runtime_3.9.900.20250220-2013\jars\plexus-interpolation-1.27.jar
2026-01-30 09:25:20,384 [Worker-4: Launching mavenrun-27872678-cab4-49b9-8b2b-8af4ffa395a2] INFO  o.eclipse.m2e.core.internal.Bundles - 	Entry: C:\Users\dell\.p2\pool\plugins\org.eclipse.m2e.maven.runtime_3.9.900.20250220-2013\jars\plexus-sec-dispatcher-2.0.jar
2026-01-30 09:25:20,384 [Worker-4: Launching mavenrun-27872678-cab4-49b9-8b2b-8af4ffa395a2] INFO  o.eclipse.m2e.core.internal.Bundles - 	Entry: C:\Users\dell\.p2\pool\plugins\org.eclipse.m2e.maven.runtime_3.9.900.20250220-2013\jars\plexus-utils-3.5.1.jar
2026-01-30 09:25:20,384 [Worker-4: Launching mavenrun-27872678-cab4-49b9-8b2b-8af4ffa395a2] INFO  o.eclipse.m2e.core.internal.Bundles - 	Entry: C:\Users\dell\.p2\pool\plugins\org.eclipse.m2e.maven.runtime_3.9.900.20250220-2013\jars\plexus-xml-3.0.1.jar
2026-01-30 09:25:20,384 [Worker-4: Launching mavenrun-27872678-cab4-49b9-8b2b-8af4ffa395a2] INFO  o.eclipse.m2e.core.internal.Bundles - 	Entry: C:\Users\dell\.p2\pool\plugins\org.eclipse.m2e.maven.runtime_3.9.900.20250220-2013\jars\wagon-file-3.5.3.jar
2026-01-30 09:25:20,384 [Worker-4: Launching mavenrun-27872678-cab4-49b9-8b2b-8af4ffa395a2] INFO  o.eclipse.m2e.core.internal.Bundles - 	Entry: C:\Users\dell\.p2\pool\plugins\org.eclipse.m2e.maven.runtime_3.9.900.20250220-2013\jars\wagon-http-3.5.3.jar
2026-01-30 09:25:20,384 [Worker-4: Launching mavenrun-27872678-cab4-49b9-8b2b-8af4ffa395a2] INFO  o.eclipse.m2e.core.internal.Bundles - 	Entry: C:\Users\dell\.p2\pool\plugins\org.eclipse.m2e.maven.runtime_3.9.900.20250220-2013\jars\wagon-http-shared-3.5.3.jar
2026-01-30 09:25:20,384 [Worker-4: Launching mavenrun-27872678-cab4-49b9-8b2b-8af4ffa395a2] INFO  o.eclipse.m2e.core.internal.Bundles - 	Entry: C:\Users\dell\.p2\pool\plugins\org.eclipse.m2e.maven.runtime_3.9.900.20250220-2013\jars\wagon-provider-api-3.5.3.jar
2026-01-30 09:25:20,387 [Worker-4: Launching mavenrun-27872678-cab4-49b9-8b2b-8af4ffa395a2] INFO  o.eclipse.m2e.core.internal.Bundles - getClasspathEntries(Bundle=com.google.guava_33.4.0.jre [16])
2026-01-30 09:25:20,387 [Worker-4: Launching mavenrun-27872678-cab4-49b9-8b2b-8af4ffa395a2] INFO  o.eclipse.m2e.core.internal.Bundles - 	Entry: C:\Users\dell\.p2\pool\plugins\com.google.guava_33.4.0.jre.jar
2026-01-30 09:25:20,387 [Worker-4: Launching mavenrun-27872678-cab4-49b9-8b2b-8af4ffa395a2] INFO  o.eclipse.m2e.core.internal.Bundles - getClasspathEntries(Bundle=slf4j.api_2.0.17 [1001])
2026-01-30 09:25:20,387 [Worker-4: Launching mavenrun-27872678-cab4-49b9-8b2b-8af4ffa395a2] INFO  o.eclipse.m2e.core.internal.Bundles - 	Entry: C:\Users\dell\.p2\pool\plugins\slf4j.api_2.0.17.jar
2026-01-30 09:25:20,388 [Worker-4: Launching mavenrun-27872678-cab4-49b9-8b2b-8af4ffa395a2] INFO  o.eclipse.m2e.core.internal.Bundles - getClasspathEntries(Bundle=javax.inject_1.0.0.v20220405-0441 [1010])
2026-01-30 09:25:20,388 [Worker-4: Launching mavenrun-27872678-cab4-49b9-8b2b-8af4ffa395a2] INFO  o.eclipse.m2e.core.internal.Bundles - 	Entry: C:\Users\dell\.p2\pool\plugins\javax.inject_1.0.0.v20220405-0441.jar
2026-01-30 09:25:20,388 [Worker-4: Launching mavenrun-27872678-cab4-49b9-8b2b-8af4ffa395a2] INFO  o.eclipse.m2e.core.internal.Bundles - getClasspathEntries(Bundle=javax.annotation_1.3.5.v20230504-0748 [1009])
2026-01-30 09:25:20,389 [Worker-4: Launching mavenrun-27872678-cab4-49b9-8b2b-8af4ffa395a2] INFO  o.eclipse.m2e.core.internal.Bundles - 	Entry: C:\Users\dell\.p2\pool\plugins\javax.annotation_1.3.5.v20230504-0748.jar
2026-01-30 09:25:20,389 [Worker-4: Launching mavenrun-27872678-cab4-49b9-8b2b-8af4ffa395a2] INFO  o.eclipse.m2e.core.internal.Bundles - getClasspathEntries(Bundle=org.apache.commons.cli_1.9.0 [74])
2026-01-30 09:25:20,391 [Worker-4: Launching mavenrun-27872678-cab4-49b9-8b2b-8af4ffa395a2] INFO  o.eclipse.m2e.core.internal.Bundles - 	Entry: C:\Users\dell\.p2\pool\plugins\org.apache.commons.cli_1.9.0.jar
2026-01-30 09:25:20,391 [Worker-4: Launching mavenrun-27872678-cab4-49b9-8b2b-8af4ffa395a2] INFO  o.eclipse.m2e.core.internal.Bundles - getClasspathEntries(Bundle=org.apache.commons.commons-codec_1.16.0 [76])
2026-01-30 09:25:20,391 [Worker-4: Launching mavenrun-27872678-cab4-49b9-8b2b-8af4ffa395a2] INFO  o.eclipse.m2e.core.internal.Bundles - 	Entry: C:\Users\dell\.p2\pool\plugins\org.apache.commons.commons-codec_1.16.0.jar
2026-01-30 09:25:20,391 [Worker-4: Launching mavenrun-27872678-cab4-49b9-8b2b-8af4ffa395a2] INFO  o.eclipse.m2e.core.internal.Bundles - getClasspathEntries(Bundle=com.google.guava.failureaccess_1.0.2 [17])
2026-01-30 09:25:20,391 [Worker-4: Launching mavenrun-27872678-cab4-49b9-8b2b-8af4ffa395a2] INFO  o.eclipse.m2e.core.internal.Bundles - 	Entry: C:\Users\dell\.p2\pool\plugins\com.google.guava.failureaccess_1.0.2.jar
2026-01-30 09:25:20,394 [Worker-4: Launching mavenrun-27872678-cab4-49b9-8b2b-8af4ffa395a2] INFO  o.e.m.i.launch.MavenLaunchDelegate - Run build in "C:\Users\dell\AppData\Local\Temp\m2e-archetypeGenerator14843677899492858504":
2026-01-30 09:25:20,401 [Worker-4: Launching mavenrun-27872678-cab4-49b9-8b2b-8af4ffa395a2] INFO  o.e.m.i.launch.MavenLaunchDelegate -  mvn  -DarchetypeGroupId=org.glassfish.jersey.archetypes -DarchetypeArtifactId=jersey-quickstart-webapp -DarchetypeVersion=4.0.0 -DgroupId=mphasis -DartifactId=SpringHibernateEx -Dversion=0.0.1-SNAPSHOT -Dpackage=com.java.hib -DoutputDirectory=D:\Mphasis\sb -B -Dstyle.color=always -U archetype:generate
2026-01-30 09:25:32,246 [Worker-0: Creating jersey-quickstart-webapp] INFO  o.e.m.c.i.p.ProjectConfigurationManager - Collecting project info '/pom.xml' D:\Mphasis\sb\SpringHibernateEx\pom.xml
2026-01-30 09:25:34,210 [Worker-0: Creating jersey-quickstart-webapp] INFO  o.e.m.c.i.l.LifecycleMappingFactory - Using org.maven.ide.eclipse.wtp.WarLifecycleMapping lifecycle mapping for MavenProject: mphasis:SpringHibernateEx:0.0.1-SNAPSHOT @ D:\Mphasis\sb\SpringHibernateEx\pom.xml.
2026-01-30 09:25:37,929 [Worker-0: Creating jersey-quickstart-webapp] INFO  o.e.m.j.i.AbstractJavaProjectConfigurator - Adding source folder /SpringHibernateEx/src/main/java
2026-01-30 09:25:37,930 [Worker-0: Creating jersey-quickstart-webapp] INFO  o.e.m.j.i.AbstractJavaProjectConfigurator - Adding resource folder /SpringHibernateEx/src/main/resources
2026-01-30 09:25:37,931 [Worker-0: Creating jersey-quickstart-webapp] INFO  o.e.m.j.i.AbstractJavaProjectConfigurator - Adding source folder /SpringHibernateEx/src/test/java
2026-01-30 09:25:37,931 [Worker-0: Creating jersey-quickstart-webapp] INFO  o.e.m.j.i.AbstractJavaProjectConfigurator - Adding resource folder /SpringHibernateEx/src/test/resources
2026-01-30 09:25:40,379 [Worker-0: Creating jersey-quickstart-webapp] INFO  o.e.m.c.i.p.ProjectConfigurationManager - Imported and configured 1 project(s) in 8 sec
2026-01-30 09:25:41,473 [Worker-6: Building] INFO  o.a.m.s.f.DefaultMavenResourcesFiltering - skip non existing resourceDirectory D:\Mphasis\sb\SpringHibernateEx\src\main\resources
2026-01-30 09:25:41,477 [Worker-6: Building] INFO  o.a.m.s.f.DefaultMavenResourcesFiltering - skip non existing resourceDirectory D:\Mphasis\sb\SpringHibernateEx\src\test\resources
2026-01-30 09:26:22,616 [Worker-3: Building] INFO  o.a.m.s.f.DefaultMavenResourcesFiltering - skip non existing resourceDirectory D:\Mphasis\sb\SpringHibernateEx\src\main\resources
2026-01-30 09:26:22,619 [Worker-3: Building] INFO  o.a.m.s.f.DefaultMavenResourcesFiltering - skip non existing resourceDirectory D:\Mphasis\sb\SpringHibernateEx\src\test\resources
2026-01-30 09:27:12,422 [Worker-3: Building] INFO  o.a.m.s.f.DefaultMavenResourcesFiltering - skip non existing resourceDirectory D:\Mphasis\sb\SpringHibernateEx\src\main\resources
2026-01-30 09:27:12,424 [Worker-3: Building] INFO  o.a.m.s.f.DefaultMavenResourcesFiltering - skip non existing resourceDirectory D:\Mphasis\sb\SpringHibernateEx\src\test\resources
2026-01-30 09:27:24,791 [Worker-15: reload maven project] WARN  o.e.m.c.i.embedder.EclipseLogger - The artifact mysql:mysql-connector-java:jar:8.0.33 has been relocated to com.mysql:mysql-connector-j:jar:8.0.33: MySQL Connector/J artifacts moved to reverse-DNS compliant Maven 2+ coordinates.
2026-01-30 09:28:45,650 [Worker-14: Building] INFO  o.e.m.c.i.l.LifecycleMappingFactory - Using org.maven.ide.eclipse.wtp.WarLifecycleMapping lifecycle mapping for MavenProject: mphasis:SpringHibernateEx:0.0.1-SNAPSHOT @ D:\Mphasis\sb\SpringHibernateEx\pom.xml.
2026-01-30 09:28:47,593 [Worker-14: Building] WARN  o.e.m.c.i.embedder.EclipseLogger - The artifact mysql:mysql-connector-java:jar:8.0.33 has been relocated to com.mysql:mysql-connector-j:jar:8.0.33: MySQL Connector/J artifacts moved to reverse-DNS compliant Maven 2+ coordinates.
2026-01-30 09:28:47,720 [Worker-14: Building] WARN  o.e.m.c.i.embedder.EclipseLogger - The artifact mysql:mysql-connector-java:jar:8.0.33 has been relocated to com.mysql:mysql-connector-j:jar:8.0.33: MySQL Connector/J artifacts moved to reverse-DNS compliant Maven 2+ coordinates.
2026-01-30 09:28:55,731 [Worker-14: Building] INFO  o.a.m.s.f.DefaultMavenResourcesFiltering - skip non existing resourceDirectory D:\Mphasis\sb\SpringHibernateEx\src\main\resources
2026-01-30 09:28:55,735 [Worker-14: Building] INFO  o.a.m.s.f.DefaultMavenResourcesFiltering - skip non existing resourceDirectory D:\Mphasis\sb\SpringHibernateEx\src\test\resources
2026-01-30 09:28:55,735 [Worker-14: Building] INFO  o.e.m.w.i.f.ResourceFilteringBuildParticipant - Changed resources require a complete clean of filtered resources of SpringHibernateEx
2026-01-30 09:28:55,762 [Worker-14: Building] INFO  o.e.m.w.i.f.ResourceFilteringBuildParticipant - Executing resource filtering for SpringHibernateEx
2026-01-30 09:40:34,819 [Worker-30: Building] INFO  o.a.m.s.f.DefaultMavenResourcesFiltering - skip non existing resourceDirectory D:\Mphasis\sb\SpringHibernateEx\src\main\resources
2026-01-30 09:40:34,821 [Worker-30: Building] INFO  o.a.m.s.f.DefaultMavenResourcesFiltering - skip non existing resourceDirectory D:\Mphasis\sb\SpringHibernateEx\src\test\resources
2026-01-30 09:40:48,765 [Worker-36: Building] INFO  o.a.m.s.f.DefaultMavenResourcesFiltering - skip non existing resourceDirectory D:\Mphasis\sb\SpringHibernateEx\src\main\resources
2026-01-30 09:40:48,770 [Worker-36: Building] INFO  o.a.m.s.f.DefaultMavenResourcesFiltering - skip non existing resourceDirectory D:\Mphasis\sb\SpringHibernateEx\src\test\resources
2026-01-30 09:41:15,449 [Worker-36: Building Workspace] INFO  o.a.m.s.f.DefaultMavenResourcesFiltering - skip non existing resourceDirectory D:\Mphasis\sb\SpringHibernateEx\src\main\resources
2026-01-30 09:41:15,452 [Worker-36: Building Workspace] INFO  o.a.m.s.f.DefaultMavenResourcesFiltering - skip non existing resourceDirectory D:\Mphasis\sb\SpringHibernateEx\src\test\resources
2026-01-30 09:41:23,545 [Worker-34: Building] INFO  o.a.m.s.f.DefaultMavenResourcesFiltering - skip non existing resourceDirectory D:\Mphasis\sb\SpringHibernateEx\src\main\resources
2026-01-30 09:41:23,547 [Worker-34: Building] INFO  o.a.m.s.f.DefaultMavenResourcesFiltering - skip non existing resourceDirectory D:\Mphasis\sb\SpringHibernateEx\src\test\resources
2026-01-30 09:45:14,245 [Worker-14: Building] INFO  o.a.m.s.f.DefaultMavenResourcesFiltering - skip non existing resourceDirectory D:\Mphasis\sb\SpringHibernateEx\src\main\resources
2026-01-30 09:45:14,247 [Worker-14: Building] INFO  o.a.m.s.f.DefaultMavenResourcesFiltering - skip non existing resourceDirectory D:\Mphasis\sb\SpringHibernateEx\src\test\resources
2026-01-30 09:45:59,680 [Worker-30: Building] INFO  o.a.m.s.f.DefaultMavenResourcesFiltering - skip non existing resourceDirectory D:\Mphasis\sb\SpringHibernateEx\src\main\resources
2026-01-30 09:45:59,682 [Worker-30: Building] INFO  o.a.m.s.f.DefaultMavenResourcesFiltering - skip non existing resourceDirectory D:\Mphasis\sb\SpringHibernateEx\src\test\resources
2026-01-30 09:46:53,533 [Worker-34: Building] INFO  o.a.m.s.f.DefaultMavenResourcesFiltering - skip non existing resourceDirectory D:\Mphasis\sb\SpringHibernateEx\src\main\resources
2026-01-30 09:46:53,536 [Worker-34: Building] INFO  o.a.m.s.f.DefaultMavenResourcesFiltering - skip non existing resourceDirectory D:\Mphasis\sb\SpringHibernateEx\src\test\resources
2026-01-30 09:47:05,799 [Worker-30: Building] INFO  o.a.m.s.f.DefaultMavenResourcesFiltering - skip non existing resourceDirectory D:\Mphasis\sb\SpringHibernateEx\src\main\resources
2026-01-30 09:47:05,801 [Worker-30: Building] INFO  o.a.m.s.f.DefaultMavenResourcesFiltering - skip non existing resourceDirectory D:\Mphasis\sb\SpringHibernateEx\src\test\resources
2026-01-30 09:48:46,696 [Worker-37: Building] INFO  o.a.m.s.f.DefaultMavenResourcesFiltering - skip non existing resourceDirectory D:\Mphasis\sb\SpringHibernateEx\src\main\resources
2026-01-30 09:48:46,698 [Worker-37: Building] INFO  o.a.m.s.f.DefaultMavenResourcesFiltering - skip non existing resourceDirectory D:\Mphasis\sb\SpringHibernateEx\src\test\resources
2026-01-30 09:50:24,658 [Worker-34: Building] INFO  o.a.m.s.f.DefaultMavenResourcesFiltering - skip non existing resourceDirectory D:\Mphasis\sb\SpringHibernateEx\src\main\resources
2026-01-30 09:50:24,661 [Worker-34: Building] INFO  o.a.m.s.f.DefaultMavenResourcesFiltering - skip non existing resourceDirectory D:\Mphasis\sb\SpringHibernateEx\src\test\resources
2026-01-30 09:51:02,827 [Worker-37: Building] INFO  o.a.m.s.f.DefaultMavenResourcesFiltering - skip non existing resourceDirectory D:\Mphasis\sb\SpringHibernateEx\src\main\resources
2026-01-30 09:51:02,829 [Worker-37: Building] INFO  o.a.m.s.f.DefaultMavenResourcesFiltering - skip non existing resourceDirectory D:\Mphasis\sb\SpringHibernateEx\src\test\resources
2026-01-30 09:51:36,096 [Worker-37: Building] INFO  o.a.m.s.f.DefaultMavenResourcesFiltering - skip non existing resourceDirectory D:\Mphasis\sb\SpringHibernateEx\src\main\resources
2026-01-30 09:51:36,099 [Worker-37: Building] INFO  o.a.m.s.f.DefaultMavenResourcesFiltering - skip non existing resourceDirectory D:\Mphasis\sb\SpringHibernateEx\src\test\resources
2026-01-30 09:51:44,929 [Worker-14: Building] INFO  o.a.m.s.f.DefaultMavenResourcesFiltering - skip non existing resourceDirectory D:\Mphasis\sb\SpringHibernateEx\src\main\resources
2026-01-30 09:51:44,932 [Worker-14: Building] INFO  o.a.m.s.f.DefaultMavenResourcesFiltering - skip non existing resourceDirectory D:\Mphasis\sb\SpringHibernateEx\src\test\resources
2026-01-30 09:52:32,828 [Worker-35: Building] INFO  o.a.m.s.f.DefaultMavenResourcesFiltering - skip non existing resourceDirectory D:\Mphasis\sb\SpringHibernateEx\src\main\resources
2026-01-30 09:52:32,830 [Worker-35: Building] INFO  o.a.m.s.f.DefaultMavenResourcesFiltering - skip non existing resourceDirectory D:\Mphasis\sb\SpringHibernateEx\src\test\resources
2026-01-30 09:52:42,970 [Worker-36: Building] INFO  o.a.m.s.f.DefaultMavenResourcesFiltering - skip non existing resourceDirectory D:\Mphasis\sb\SpringHibernateEx\src\main\resources
2026-01-30 09:52:42,972 [Worker-36: Building] INFO  o.a.m.s.f.DefaultMavenResourcesFiltering - skip non existing resourceDirectory D:\Mphasis\sb\SpringHibernateEx\src\test\resources
2026-01-30 09:55:54,470 [Worker-35: Building] INFO  o.a.m.s.f.DefaultMavenResourcesFiltering - skip non existing resourceDirectory D:\Mphasis\sb\SpringHibernateEx\src\main\resources
2026-01-30 09:55:54,472 [Worker-35: Building] INFO  o.a.m.s.f.DefaultMavenResourcesFiltering - skip non existing resourceDirectory D:\Mphasis\sb\SpringHibernateEx\src\test\resources
2026-01-30 09:56:13,035 [Worker-30: Building] INFO  o.a.m.s.f.DefaultMavenResourcesFiltering - skip non existing resourceDirectory D:\Mphasis\sb\SpringHibernateEx\src\main\resources
2026-01-30 09:56:13,037 [Worker-30: Building] INFO  o.a.m.s.f.DefaultMavenResourcesFiltering - skip non existing resourceDirectory D:\Mphasis\sb\SpringHibernateEx\src\test\resources
2026-01-30 09:56:20,762 [Worker-35: Building] INFO  o.a.m.s.f.DefaultMavenResourcesFiltering - skip non existing resourceDirectory D:\Mphasis\sb\SpringHibernateEx\src\main\resources
2026-01-30 09:56:20,764 [Worker-35: Building] INFO  o.a.m.s.f.DefaultMavenResourcesFiltering - skip non existing resourceDirectory D:\Mphasis\sb\SpringHibernateEx\src\test\resources
2026-01-30 09:56:26,984 [Worker-34: Building] INFO  o.a.m.s.f.DefaultMavenResourcesFiltering - skip non existing resourceDirectory D:\Mphasis\sb\SpringHibernateEx\src\main\resources
2026-01-30 09:56:26,986 [Worker-34: Building] INFO  o.a.m.s.f.DefaultMavenResourcesFiltering - skip non existing resourceDirectory D:\Mphasis\sb\SpringHibernateEx\src\test\resources
2026-01-30 10:06:29,544 [Worker-36: Building] INFO  o.a.m.s.f.DefaultMavenResourcesFiltering - skip non existing resourceDirectory D:\Mphasis\sb\SpringHibernateEx\src\main\resources
2026-01-30 10:06:29,547 [Worker-36: Building] INFO  o.a.m.s.f.DefaultMavenResourcesFiltering - skip non existing resourceDirectory D:\Mphasis\sb\SpringHibernateEx\src\test\resources
2026-01-30 10:06:50,324 [Worker-30: Building] INFO  o.a.m.s.f.DefaultMavenResourcesFiltering - skip non existing resourceDirectory D:\Mphasis\sb\SpringHibernateEx\src\main\resources
2026-01-30 10:06:50,326 [Worker-30: Building] INFO  o.a.m.s.f.DefaultMavenResourcesFiltering - skip non existing resourceDirectory D:\Mphasis\sb\SpringHibernateEx\src\test\resources
2026-01-30 10:07:33,045 [Worker-37: Building] INFO  o.a.m.s.f.DefaultMavenResourcesFiltering - skip non existing resourceDirectory D:\Mphasis\sb\SpringHibernateEx\src\main\resources
2026-01-30 10:07:33,049 [Worker-37: Building] INFO  o.a.m.s.f.DefaultMavenResourcesFiltering - skip non existing resourceDirectory D:\Mphasis\sb\SpringHibernateEx\src\test\resources
2026-01-30 10:08:28,057 [Worker-38: Building] INFO  o.a.m.s.f.DefaultMavenResourcesFiltering - skip non existing resourceDirectory D:\Mphasis\sb\SpringHibernateEx\src\main\resources
2026-01-30 10:08:28,059 [Worker-38: Building] INFO  o.a.m.s.f.DefaultMavenResourcesFiltering - skip non existing resourceDirectory D:\Mphasis\sb\SpringHibernateEx\src\test\resources
2026-01-30 10:14:19,051 [Worker-36: Building] INFO  o.a.m.s.f.DefaultMavenResourcesFiltering - skip non existing resourceDirectory D:\Mphasis\sb\SpringHibernateEx\src\main\resources
2026-01-30 10:14:19,052 [Worker-36: Building] INFO  o.a.m.s.f.DefaultMavenResourcesFiltering - skip non existing resourceDirectory D:\Mphasis\sb\SpringHibernateEx\src\test\resources
2026-01-30 10:14:35,081 [Worker-30: Building] INFO  o.a.m.s.f.DefaultMavenResourcesFiltering - skip non existing resourceDirectory D:\Mphasis\sb\SpringHibernateEx\src\main\resources
2026-01-30 10:14:35,083 [Worker-30: Building] INFO  o.a.m.s.f.DefaultMavenResourcesFiltering - skip non existing resourceDirectory D:\Mphasis\sb\SpringHibernateEx\src\test\resources
2026-01-30 10:15:29,759 [Worker-35: Building] INFO  o.a.m.s.f.DefaultMavenResourcesFiltering - skip non existing resourceDirectory D:\Mphasis\sb\SpringHibernateEx\src\main\resources
2026-01-30 10:15:29,761 [Worker-35: Building] INFO  o.a.m.s.f.DefaultMavenResourcesFiltering - skip non existing resourceDirectory D:\Mphasis\sb\SpringHibernateEx\src\test\resources
2026-01-30 10:16:26,003 [Worker-37: Building] INFO  o.a.m.s.f.DefaultMavenResourcesFiltering - skip non existing resourceDirectory D:\Mphasis\sb\SpringHibernateEx\src\main\resources
2026-01-30 10:16:26,005 [Worker-37: Building] INFO  o.a.m.s.f.DefaultMavenResourcesFiltering - skip non existing resourceDirectory D:\Mphasis\sb\SpringHibernateEx\src\test\resources
2026-01-30 10:16:42,545 [Worker-34: Building] INFO  o.a.m.s.f.DefaultMavenResourcesFiltering - skip non existing resourceDirectory D:\Mphasis\sb\SpringHibernateEx\src\main\resources
2026-01-30 10:16:42,547 [Worker-34: Building] INFO  o.a.m.s.f.DefaultMavenResourcesFiltering - skip non existing resourceDirectory D:\Mphasis\sb\SpringHibernateEx\src\test\resources
2026-01-30 10:16:46,520 [Worker-30: Building] INFO  o.a.m.s.f.DefaultMavenResourcesFiltering - skip non existing resourceDirectory D:\Mphasis\sb\SpringHibernateEx\src\main\resources
2026-01-30 10:16:46,523 [Worker-30: Building] INFO  o.a.m.s.f.DefaultMavenResourcesFiltering - skip non existing resourceDirectory D:\Mphasis\sb\SpringHibernateEx\src\test\resources
2026-01-30 10:17:27,538 [Worker-37: Building] INFO  o.a.m.s.f.DefaultMavenResourcesFiltering - skip non existing resourceDirectory D:\Mphasis\sb\SpringHibernateEx\src\main\resources
2026-01-30 10:17:27,539 [Worker-37: Building] INFO  o.a.m.s.f.DefaultMavenResourcesFiltering - skip non existing resourceDirectory D:\Mphasis\sb\SpringHibernateEx\src\test\resources
2026-01-30 10:17:44,291 [Worker-35: Building] INFO  o.a.m.s.f.DefaultMavenResourcesFiltering - skip non existing resourceDirectory D:\Mphasis\sb\SpringHibernateEx\src\main\resources
2026-01-30 10:17:44,294 [Worker-35: Building] INFO  o.a.m.s.f.DefaultMavenResourcesFiltering - skip non existing resourceDirectory D:\Mphasis\sb\SpringHibernateEx\src\test\resources
2026-01-30 10:18:18,285 [Worker-30: Building] INFO  o.a.m.s.f.DefaultMavenResourcesFiltering - skip non existing resourceDirectory D:\Mphasis\sb\SpringHibernateEx\src\main\resources
2026-01-30 10:18:18,287 [Worker-30: Building] INFO  o.a.m.s.f.DefaultMavenResourcesFiltering - skip non existing resourceDirectory D:\Mphasis\sb\SpringHibernateEx\src\test\resources
2026-01-30 10:18:52,876 [Worker-37: Building] INFO  o.a.m.s.f.DefaultMavenResourcesFiltering - skip non existing resourceDirectory D:\Mphasis\sb\SpringHibernateEx\src\main\resources
2026-01-30 10:18:52,878 [Worker-37: Building] INFO  o.a.m.s.f.DefaultMavenResourcesFiltering - skip non existing resourceDirectory D:\Mphasis\sb\SpringHibernateEx\src\test\resources
2026-01-30 10:19:02,683 [Worker-35: Building] INFO  o.a.m.s.f.DefaultMavenResourcesFiltering - skip non existing resourceDirectory D:\Mphasis\sb\SpringHibernateEx\src\main\resources
2026-01-30 10:19:02,684 [Worker-35: Building] INFO  o.a.m.s.f.DefaultMavenResourcesFiltering - skip non existing resourceDirectory D:\Mphasis\sb\SpringHibernateEx\src\test\resources
2026-01-30 10:19:35,181 [Worker-30: Building] INFO  o.a.m.s.f.DefaultMavenResourcesFiltering - skip non existing resourceDirectory D:\Mphasis\sb\SpringHibernateEx\src\main\resources
2026-01-30 10:19:35,183 [Worker-30: Building] INFO  o.a.m.s.f.DefaultMavenResourcesFiltering - skip non existing resourceDirectory D:\Mphasis\sb\SpringHibernateEx\src\test\resources
2026-01-30 10:20:58,020 [Worker-37: Building] INFO  o.a.m.s.f.DefaultMavenResourcesFiltering - skip non existing resourceDirectory D:\Mphasis\sb\SpringHibernateEx\src\main\resources
2026-01-30 10:20:58,021 [Worker-37: Building] INFO  o.a.m.s.f.DefaultMavenResourcesFiltering - skip non existing resourceDirectory D:\Mphasis\sb\SpringHibernateEx\src\test\resources
2026-01-30 10:24:34,252 [Worker-38: Building] INFO  o.a.m.s.f.DefaultMavenResourcesFiltering - skip non existing resourceDirectory D:\Mphasis\sb\SpringHibernateEx\src\main\resources
2026-01-30 10:24:34,253 [Worker-38: Building] INFO  o.a.m.s.f.DefaultMavenResourcesFiltering - skip non existing resourceDirectory D:\Mphasis\sb\SpringHibernateEx\src\test\resources
2026-01-30 11:38:13,103 [Worker-39: Import Getting Started Content] INFO  o.e.m.c.i.l.LifecycleMappingFactory - Using org.eclipse.m2e.jdt.JarLifecycleMapping lifecycle mapping for MavenProject: com.example:SbSecurityNew:0.0.1-SNAPSHOT @ D:\Mphasis\sb\SbSecurityNew\pom.xml.
2026-01-30 11:38:17,003 [Worker-39: Import Getting Started Content] INFO  o.e.m.j.i.AbstractJavaProjectConfigurator - Adding source folder /SbSecurityNew/src/main/java
2026-01-30 11:38:17,004 [Worker-39: Import Getting Started Content] INFO  o.e.m.j.i.AbstractJavaProjectConfigurator - Adding resource folder /SbSecurityNew/src/main/resources
2026-01-30 11:38:17,020 [Worker-39: Import Getting Started Content] INFO  o.e.m.j.i.AbstractJavaProjectConfigurator - Adding resource folder /SbSecurityNew/src/main/resources
2026-01-30 11:38:17,032 [Worker-39: Import Getting Started Content] INFO  o.e.m.j.i.AbstractJavaProjectConfigurator - Adding source folder /SbSecurityNew/src/test/java
2026-01-30 11:38:17,033 [Worker-39: Import Getting Started Content] INFO  o.e.m.j.i.AbstractJavaProjectConfigurator - Adding resource folder /SbSecurityNew/src/test/resources
2026-01-30 11:38:19,104 [Worker-39: Import Getting Started Content] INFO  o.e.m.c.i.p.ProjectConfigurationManager - Imported and configured 1 project(s) in 9 sec
2026-01-30 11:38:19,110 [Worker-39: Import Getting Started Content] INFO  o.e.m.c.i.p.ProjectConfigurationManager - Update started
2026-01-30 11:38:19,630 [Worker-39: Import Getting Started Content] INFO  o.e.m.c.i.l.LifecycleMappingFactory - Using org.eclipse.m2e.jdt.JarLifecycleMapping lifecycle mapping for MavenProject: com.example:SbSecurityNew:0.0.1-SNAPSHOT @ D:\Mphasis\sb\SbSecurityNew\pom.xml.
2026-01-30 11:38:20,027 [Worker-39: Import Getting Started Content] INFO  o.e.m.j.i.AbstractJavaProjectConfigurator - Adding source folder /SbSecurityNew/src/main/java
2026-01-30 11:38:20,027 [Worker-39: Import Getting Started Content] INFO  o.e.m.j.i.AbstractJavaProjectConfigurator - Adding resource folder /SbSecurityNew/src/main/resources
2026-01-30 11:38:20,028 [Worker-39: Import Getting Started Content] INFO  o.e.m.j.i.AbstractJavaProjectConfigurator - Adding resource folder /SbSecurityNew/src/main/resources
2026-01-30 11:38:20,028 [Worker-39: Import Getting Started Content] INFO  o.e.m.j.i.AbstractJavaProjectConfigurator - Adding source folder /SbSecurityNew/src/test/java
2026-01-30 11:38:20,028 [Worker-39: Import Getting Started Content] INFO  o.e.m.j.i.AbstractJavaProjectConfigurator - Adding resource folder /SbSecurityNew/src/test/resources
2026-01-30 11:38:20,465 [Worker-39: Import Getting Started Content] INFO  o.e.m.c.i.p.ProjectConfigurationManager - Update completed for 1 poms: local refresh takes 0.00 sec, refresh facades takes 0.00 sec, update config takes 0.00 sec 
2026-01-30 11:38:20,540 [Worker-40: Updating Maven Project] INFO  o.e.m.c.i.p.ProjectConfigurationManager - Update started
2026-01-30 11:38:20,989 [Worker-40: Updating Maven Project] INFO  o.e.m.c.i.l.LifecycleMappingFactory - Using org.eclipse.m2e.jdt.JarLifecycleMapping lifecycle mapping for MavenProject: com.example:SbSecurityNew:0.0.1-SNAPSHOT @ D:\Mphasis\sb\SbSecurityNew\pom.xml.
2026-01-30 11:38:21,438 [Worker-40: Updating Maven Project] INFO  o.e.m.j.i.AbstractJavaProjectConfigurator - Adding source folder /SbSecurityNew/src/main/java
2026-01-30 11:38:21,438 [Worker-40: Updating Maven Project] INFO  o.e.m.j.i.AbstractJavaProjectConfigurator - Adding resource folder /SbSecurityNew/src/main/resources
2026-01-30 11:38:21,438 [Worker-40: Updating Maven Project] INFO  o.e.m.j.i.AbstractJavaProjectConfigurator - Adding resource folder /SbSecurityNew/src/main/resources
2026-01-30 11:38:21,439 [Worker-40: Updating Maven Project] INFO  o.e.m.j.i.AbstractJavaProjectConfigurator - Adding source folder /SbSecurityNew/src/test/java
2026-01-30 11:38:21,439 [Worker-40: Updating Maven Project] INFO  o.e.m.j.i.AbstractJavaProjectConfigurator - Adding resource folder /SbSecurityNew/src/test/resources
2026-01-30 11:38:21,685 [Worker-40: Updating Maven Project] INFO  o.e.m.c.i.p.ProjectConfigurationManager - Update completed for 1 poms: local refresh takes 0.00 sec, refresh facades takes 0.00 sec, update config takes 0.00 sec 
2026-01-30 11:38:22,550 [Worker-42: Building] INFO  o.a.m.s.f.DefaultMavenResourcesFiltering - Copying 1 resource from src\main\resources to target\classes
2026-01-30 11:38:22,564 [Worker-42: Building] INFO  o.a.m.s.f.DefaultMavenResourcesFiltering - Copying 0 resource from src\main\resources to target\classes
2026-01-30 11:38:22,568 [Worker-42: Building] INFO  o.a.m.s.f.DefaultMavenResourcesFiltering - Copying 0 resource from src\test\resources to target\test-classes
2026-01-30 11:38:27,205 [Worker-42: Building] INFO  o.a.m.s.f.DefaultMavenResourcesFiltering - Copying 1 resource from src\main\resources to target\classes
2026-01-30 11:38:27,213 [Worker-42: Building] INFO  o.a.m.s.f.DefaultMavenResourcesFiltering - Copying 0 resource from src\main\resources to target\classes
2026-01-30 11:38:27,216 [Worker-42: Building] INFO  o.a.m.s.f.DefaultMavenResourcesFiltering - Copying 0 resource from src\test\resources to target\test-classes
2026-01-30 11:44:05,339 [Worker-41: Building] INFO  o.a.m.s.f.DefaultMavenResourcesFiltering - Copying 1 resource from src\main\resources to target\classes
2026-01-30 11:44:05,344 [Worker-41: Building] INFO  o.a.m.s.f.DefaultMavenResourcesFiltering - Copying 0 resource from src\main\resources to target\classes
2026-01-30 11:44:05,347 [Worker-41: Building] INFO  o.a.m.s.f.DefaultMavenResourcesFiltering - Copying 0 resource from src\test\resources to target\test-classes
2026-01-30 11:50:39,286 [Worker-40: Launching mavenrun-c08505ca-ef96-4970-99fa-3f91808aeaba] INFO  o.eclipse.m2e.core.internal.Bundles - getClasspathEntries(Bundle=org.eclipse.m2e.maven.runtime_3.9.900.20250220-2013 [637])
2026-01-30 11:50:39,287 [Worker-40: Launching mavenrun-c08505ca-ef96-4970-99fa-3f91808aeaba] INFO  o.eclipse.m2e.core.internal.Bundles - 	Entry: C:\Users\dell\.p2\pool\plugins\org.eclipse.m2e.maven.runtime_3.9.900.20250220-2013
2026-01-30 11:50:39,287 [Worker-40: Launching mavenrun-c08505ca-ef96-4970-99fa-3f91808aeaba] INFO  o.eclipse.m2e.core.internal.Bundles - 	Entry: C:\Users\dell\.p2\pool\plugins\org.eclipse.m2e.maven.runtime_3.9.900.20250220-2013\jars\aopalliance-1.0.jar
2026-01-30 11:50:39,288 [Worker-40: Launching mavenrun-c08505ca-ef96-4970-99fa-3f91808aeaba] INFO  o.eclipse.m2e.core.internal.Bundles - 	Entry: C:\Users\dell\.p2\pool\plugins\org.eclipse.m2e.maven.runtime_3.9.900.20250220-2013\jars\guice-5.1.0.jar
2026-01-30 11:50:39,288 [Worker-40: Launching mavenrun-c08505ca-ef96-4970-99fa-3f91808aeaba] INFO  o.eclipse.m2e.core.internal.Bundles - 	Entry: C:\Users\dell\.p2\pool\plugins\org.eclipse.m2e.maven.runtime_3.9.900.20250220-2013\jars\httpclient-4.5.14.jar
2026-01-30 11:50:39,288 [Worker-40: Launching mavenrun-c08505ca-ef96-4970-99fa-3f91808aeaba] INFO  o.eclipse.m2e.core.internal.Bundles - 	Entry: C:\Users\dell\.p2\pool\plugins\org.eclipse.m2e.maven.runtime_3.9.900.20250220-2013\jars\httpcore-4.4.16.jar
2026-01-30 11:50:39,288 [Worker-40: Launching mavenrun-c08505ca-ef96-4970-99fa-3f91808aeaba] INFO  o.eclipse.m2e.core.internal.Bundles - 	Entry: C:\Users\dell\.p2\pool\plugins\org.eclipse.m2e.maven.runtime_3.9.900.20250220-2013\jars\jansi-2.4.1.jar
2026-01-30 11:50:39,288 [Worker-40: Launching mavenrun-c08505ca-ef96-4970-99fa-3f91808aeaba] INFO  o.eclipse.m2e.core.internal.Bundles - 	Entry: C:\Users\dell\.p2\pool\plugins\org.eclipse.m2e.maven.runtime_3.9.900.20250220-2013\jars\jcl-over-slf4j-1.7.36.jar
2026-01-30 11:50:39,289 [Worker-40: Launching mavenrun-c08505ca-ef96-4970-99fa-3f91808aeaba] INFO  o.eclipse.m2e.core.internal.Bundles - 	Entry: C:\Users\dell\.p2\pool\plugins\org.eclipse.m2e.maven.runtime_3.9.900.20250220-2013\jars\maven-artifact-3.9.9.jar
2026-01-30 11:50:39,289 [Worker-40: Launching mavenrun-c08505ca-ef96-4970-99fa-3f91808aeaba] INFO  o.eclipse.m2e.core.internal.Bundles - 	Entry: C:\Users\dell\.p2\pool\plugins\org.eclipse.m2e.maven.runtime_3.9.900.20250220-2013\jars\maven-builder-support-3.9.9.jar
2026-01-30 11:50:39,289 [Worker-40: Launching mavenrun-c08505ca-ef96-4970-99fa-3f91808aeaba] INFO  o.eclipse.m2e.core.internal.Bundles - 	Entry: C:\Users\dell\.p2\pool\plugins\org.eclipse.m2e.maven.runtime_3.9.900.20250220-2013\jars\maven-compat-3.9.9.jar
2026-01-30 11:50:39,289 [Worker-40: Launching mavenrun-c08505ca-ef96-4970-99fa-3f91808aeaba] INFO  o.eclipse.m2e.core.internal.Bundles - 	Entry: C:\Users\dell\.p2\pool\plugins\org.eclipse.m2e.maven.runtime_3.9.900.20250220-2013\jars\maven-core-3.9.9.jar
2026-01-30 11:50:39,290 [Worker-40: Launching mavenrun-c08505ca-ef96-4970-99fa-3f91808aeaba] INFO  o.eclipse.m2e.core.internal.Bundles - 	Entry: C:\Users\dell\.p2\pool\plugins\org.eclipse.m2e.maven.runtime_3.9.900.20250220-2013\jars\maven-embedder-3.9.9.jar
2026-01-30 11:50:39,290 [Worker-40: Launching mavenrun-c08505ca-ef96-4970-99fa-3f91808aeaba] INFO  o.eclipse.m2e.core.internal.Bundles - 	Entry: C:\Users\dell\.p2\pool\plugins\org.eclipse.m2e.maven.runtime_3.9.900.20250220-2013\jars\maven-model-3.9.9.jar
2026-01-30 11:50:39,290 [Worker-40: Launching mavenrun-c08505ca-ef96-4970-99fa-3f91808aeaba] INFO  o.eclipse.m2e.core.internal.Bundles - 	Entry: C:\Users\dell\.p2\pool\plugins\org.eclipse.m2e.maven.runtime_3.9.900.20250220-2013\jars\maven-model-builder-3.9.9.jar
2026-01-30 11:50:39,290 [Worker-40: Launching mavenrun-c08505ca-ef96-4970-99fa-3f91808aeaba] INFO  o.eclipse.m2e.core.internal.Bundles - 	Entry: C:\Users\dell\.p2\pool\plugins\org.eclipse.m2e.maven.runtime_3.9.900.20250220-2013\jars\maven-plugin-api-3.9.9.jar
2026-01-30 11:50:39,291 [Worker-40: Launching mavenrun-c08505ca-ef96-4970-99fa-3f91808aeaba] INFO  o.eclipse.m2e.core.internal.Bundles - 	Entry: C:\Users\dell\.p2\pool\plugins\org.eclipse.m2e.maven.runtime_3.9.900.20250220-2013\jars\maven-repository-metadata-3.9.9.jar
2026-01-30 11:50:39,291 [Worker-40: Launching mavenrun-c08505ca-ef96-4970-99fa-3f91808aeaba] INFO  o.eclipse.m2e.core.internal.Bundles - 	Entry: C:\Users\dell\.p2\pool\plugins\org.eclipse.m2e.maven.runtime_3.9.900.20250220-2013\jars\maven-resolver-api-1.9.22.jar
2026-01-30 11:50:39,291 [Worker-40: Launching mavenrun-c08505ca-ef96-4970-99fa-3f91808aeaba] INFO  o.eclipse.m2e.core.internal.Bundles - 	Entry: C:\Users\dell\.p2\pool\plugins\org.eclipse.m2e.maven.runtime_3.9.900.20250220-2013\jars\maven-resolver-connector-basic-1.9.22.jar
2026-01-30 11:50:39,292 [Worker-40: Launching mavenrun-c08505ca-ef96-4970-99fa-3f91808aeaba] INFO  o.eclipse.m2e.core.internal.Bundles - 	Entry: C:\Users\dell\.p2\pool\plugins\org.eclipse.m2e.maven.runtime_3.9.900.20250220-2013\jars\maven-resolver-impl-1.9.22.jar
2026-01-30 11:50:39,292 [Worker-40: Launching mavenrun-c08505ca-ef96-4970-99fa-3f91808aeaba] INFO  o.eclipse.m2e.core.internal.Bundles - 	Entry: C:\Users\dell\.p2\pool\plugins\org.eclipse.m2e.maven.runtime_3.9.900.20250220-2013\jars\maven-resolver-named-locks-1.9.22.jar
2026-01-30 11:50:39,292 [Worker-40: Launching mavenrun-c08505ca-ef96-4970-99fa-3f91808aeaba] INFO  o.eclipse.m2e.core.internal.Bundles - 	Entry: C:\Users\dell\.p2\pool\plugins\org.eclipse.m2e.maven.runtime_3.9.900.20250220-2013\jars\maven-resolver-provider-3.9.9.jar
2026-01-30 11:50:39,292 [Worker-40: Launching mavenrun-c08505ca-ef96-4970-99fa-3f91808aeaba] INFO  o.eclipse.m2e.core.internal.Bundles - 	Entry: C:\Users\dell\.p2\pool\plugins\org.eclipse.m2e.maven.runtime_3.9.900.20250220-2013\jars\maven-resolver-spi-1.9.22.jar
2026-01-30 11:50:39,293 [Worker-40: Launching mavenrun-c08505ca-ef96-4970-99fa-3f91808aeaba] INFO  o.eclipse.m2e.core.internal.Bundles - 	Entry: C:\Users\dell\.p2\pool\plugins\org.eclipse.m2e.maven.runtime_3.9.900.20250220-2013\jars\maven-resolver-transport-file-1.9.22.jar
2026-01-30 11:50:39,293 [Worker-40: Launching mavenrun-c08505ca-ef96-4970-99fa-3f91808aeaba] INFO  o.eclipse.m2e.core.internal.Bundles - 	Entry: C:\Users\dell\.p2\pool\plugins\org.eclipse.m2e.maven.runtime_3.9.900.20250220-2013\jars\maven-resolver-transport-http-1.9.22.jar
2026-01-30 11:50:39,293 [Worker-40: Launching mavenrun-c08505ca-ef96-4970-99fa-3f91808aeaba] INFO  o.eclipse.m2e.core.internal.Bundles - 	Entry: C:\Users\dell\.p2\pool\plugins\org.eclipse.m2e.maven.runtime_3.9.900.20250220-2013\jars\maven-resolver-transport-wagon-1.9.22.jar
2026-01-30 11:50:39,293 [Worker-40: Launching mavenrun-c08505ca-ef96-4970-99fa-3f91808aeaba] INFO  o.eclipse.m2e.core.internal.Bundles - 	Entry: C:\Users\dell\.p2\pool\plugins\org.eclipse.m2e.maven.runtime_3.9.900.20250220-2013\jars\maven-resolver-util-1.9.22.jar
2026-01-30 11:50:39,293 [Worker-40: Launching mavenrun-c08505ca-ef96-4970-99fa-3f91808aeaba] INFO  o.eclipse.m2e.core.internal.Bundles - 	Entry: C:\Users\dell\.p2\pool\plugins\org.eclipse.m2e.maven.runtime_3.9.900.20250220-2013\jars\maven-settings-3.9.9.jar
2026-01-30 11:50:39,294 [Worker-40: Launching mavenrun-c08505ca-ef96-4970-99fa-3f91808aeaba] INFO  o.eclipse.m2e.core.internal.Bundles - 	Entry: C:\Users\dell\.p2\pool\plugins\org.eclipse.m2e.maven.runtime_3.9.900.20250220-2013\jars\maven-settings-builder-3.9.9.jar
2026-01-30 11:50:39,294 [Worker-40: Launching mavenrun-c08505ca-ef96-4970-99fa-3f91808aeaba] INFO  o.eclipse.m2e.core.internal.Bundles - 	Entry: C:\Users\dell\.p2\pool\plugins\org.eclipse.m2e.maven.runtime_3.9.900.20250220-2013\jars\maven-shared-utils-3.4.2.jar
2026-01-30 11:50:39,294 [Worker-40: Launching mavenrun-c08505ca-ef96-4970-99fa-3f91808aeaba] INFO  o.eclipse.m2e.core.internal.Bundles - 	Entry: C:\Users\dell\.p2\pool\plugins\org.eclipse.m2e.maven.runtime_3.9.900.20250220-2013\jars\org.eclipse.sisu.inject-0.9.0.M3.jar
2026-01-30 11:50:39,294 [Worker-40: Launching mavenrun-c08505ca-ef96-4970-99fa-3f91808aeaba] INFO  o.eclipse.m2e.core.internal.Bundles - 	Entry: C:\Users\dell\.p2\pool\plugins\org.eclipse.m2e.maven.runtime_3.9.900.20250220-2013\jars\org.eclipse.sisu.plexus-0.9.0.M3.jar
2026-01-30 11:50:39,294 [Worker-40: Launching mavenrun-c08505ca-ef96-4970-99fa-3f91808aeaba] INFO  o.eclipse.m2e.core.internal.Bundles - 	Entry: C:\Users\dell\.p2\pool\plugins\org.eclipse.m2e.maven.runtime_3.9.900.20250220-2013\jars\plexus-build-api-0.0.7.jar
2026-01-30 11:50:39,295 [Worker-40: Launching mavenrun-c08505ca-ef96-4970-99fa-3f91808aeaba] INFO  o.eclipse.m2e.core.internal.Bundles - 	Entry: C:\Users\dell\.p2\pool\plugins\org.eclipse.m2e.maven.runtime_3.9.900.20250220-2013\jars\plexus-build-api-1.2.0.jar
2026-01-30 11:50:39,295 [Worker-40: Launching mavenrun-c08505ca-ef96-4970-99fa-3f91808aeaba] INFO  o.eclipse.m2e.core.internal.Bundles - 	Entry: C:\Users\dell\.p2\pool\plugins\org.eclipse.m2e.maven.runtime_3.9.900.20250220-2013\jars\plexus-cipher-2.0.jar
2026-01-30 11:50:39,295 [Worker-40: Launching mavenrun-c08505ca-ef96-4970-99fa-3f91808aeaba] INFO  o.eclipse.m2e.core.internal.Bundles - 	Entry: C:\Users\dell\.p2\pool\plugins\org.eclipse.m2e.maven.runtime_3.9.900.20250220-2013\jars\plexus-classworlds-2.8.0.jar
2026-01-30 11:50:39,295 [Worker-40: Launching mavenrun-c08505ca-ef96-4970-99fa-3f91808aeaba] INFO  o.eclipse.m2e.core.internal.Bundles - 	Entry: C:\Users\dell\.p2\pool\plugins\org.eclipse.m2e.maven.runtime_3.9.900.20250220-2013\jars\plexus-component-annotations-2.1.0.jar
2026-01-30 11:50:39,295 [Worker-40: Launching mavenrun-c08505ca-ef96-4970-99fa-3f91808aeaba] INFO  o.eclipse.m2e.core.internal.Bundles - 	Entry: C:\Users\dell\.p2\pool\plugins\org.eclipse.m2e.maven.runtime_3.9.900.20250220-2013\jars\plexus-interpolation-1.27.jar
2026-01-30 11:50:39,296 [Worker-40: Launching mavenrun-c08505ca-ef96-4970-99fa-3f91808aeaba] INFO  o.eclipse.m2e.core.internal.Bundles - 	Entry: C:\Users\dell\.p2\pool\plugins\org.eclipse.m2e.maven.runtime_3.9.900.20250220-2013\jars\plexus-sec-dispatcher-2.0.jar
2026-01-30 11:50:39,296 [Worker-40: Launching mavenrun-c08505ca-ef96-4970-99fa-3f91808aeaba] INFO  o.eclipse.m2e.core.internal.Bundles - 	Entry: C:\Users\dell\.p2\pool\plugins\org.eclipse.m2e.maven.runtime_3.9.900.20250220-2013\jars\plexus-utils-3.5.1.jar
2026-01-30 11:50:39,296 [Worker-40: Launching mavenrun-c08505ca-ef96-4970-99fa-3f91808aeaba] INFO  o.eclipse.m2e.core.internal.Bundles - 	Entry: C:\Users\dell\.p2\pool\plugins\org.eclipse.m2e.maven.runtime_3.9.900.20250220-2013\jars\plexus-xml-3.0.1.jar
2026-01-30 11:50:39,296 [Worker-40: Launching mavenrun-c08505ca-ef96-4970-99fa-3f91808aeaba] INFO  o.eclipse.m2e.core.internal.Bundles - 	Entry: C:\Users\dell\.p2\pool\plugins\org.eclipse.m2e.maven.runtime_3.9.900.20250220-2013\jars\wagon-file-3.5.3.jar
2026-01-30 11:50:39,297 [Worker-40: Launching mavenrun-c08505ca-ef96-4970-99fa-3f91808aeaba] INFO  o.eclipse.m2e.core.internal.Bundles - 	Entry: C:\Users\dell\.p2\pool\plugins\org.eclipse.m2e.maven.runtime_3.9.900.20250220-2013\jars\wagon-http-3.5.3.jar
2026-01-30 11:50:39,297 [Worker-40: Launching mavenrun-c08505ca-ef96-4970-99fa-3f91808aeaba] INFO  o.eclipse.m2e.core.internal.Bundles - 	Entry: C:\Users\dell\.p2\pool\plugins\org.eclipse.m2e.maven.runtime_3.9.900.20250220-2013\jars\wagon-http-shared-3.5.3.jar
2026-01-30 11:50:39,297 [Worker-40: Launching mavenrun-c08505ca-ef96-4970-99fa-3f91808aeaba] INFO  o.eclipse.m2e.core.internal.Bundles - 	Entry: C:\Users\dell\.p2\pool\plugins\org.eclipse.m2e.maven.runtime_3.9.900.20250220-2013\jars\wagon-provider-api-3.5.3.jar
2026-01-30 11:50:39,297 [Worker-40: Launching mavenrun-c08505ca-ef96-4970-99fa-3f91808aeaba] INFO  o.eclipse.m2e.core.internal.Bundles - getClasspathEntries(Bundle=com.google.guava_33.4.0.jre [16])
2026-01-30 11:50:39,298 [Worker-40: Launching mavenrun-c08505ca-ef96-4970-99fa-3f91808aeaba] INFO  o.eclipse.m2e.core.internal.Bundles - 	Entry: C:\Users\dell\.p2\pool\plugins\com.google.guava_33.4.0.jre.jar
2026-01-30 11:50:39,298 [Worker-40: Launching mavenrun-c08505ca-ef96-4970-99fa-3f91808aeaba] INFO  o.eclipse.m2e.core.internal.Bundles - getClasspathEntries(Bundle=slf4j.api_2.0.17 [1001])
2026-01-30 11:50:39,298 [Worker-40: Launching mavenrun-c08505ca-ef96-4970-99fa-3f91808aeaba] INFO  o.eclipse.m2e.core.internal.Bundles - 	Entry: C:\Users\dell\.p2\pool\plugins\slf4j.api_2.0.17.jar
2026-01-30 11:50:39,298 [Worker-40: Launching mavenrun-c08505ca-ef96-4970-99fa-3f91808aeaba] INFO  o.eclipse.m2e.core.internal.Bundles - getClasspathEntries(Bundle=javax.inject_1.0.0.v20220405-0441 [1010])
2026-01-30 11:50:39,299 [Worker-40: Launching mavenrun-c08505ca-ef96-4970-99fa-3f91808aeaba] INFO  o.eclipse.m2e.core.internal.Bundles - 	Entry: C:\Users\dell\.p2\pool\plugins\javax.inject_1.0.0.v20220405-0441.jar
2026-01-30 11:50:39,299 [Worker-40: Launching mavenrun-c08505ca-ef96-4970-99fa-3f91808aeaba] INFO  o.eclipse.m2e.core.internal.Bundles - getClasspathEntries(Bundle=javax.annotation_1.3.5.v20230504-0748 [1009])
2026-01-30 11:50:39,300 [Worker-40: Launching mavenrun-c08505ca-ef96-4970-99fa-3f91808aeaba] INFO  o.eclipse.m2e.core.internal.Bundles - 	Entry: C:\Users\dell\.p2\pool\plugins\javax.annotation_1.3.5.v20230504-0748.jar
2026-01-30 11:50:39,300 [Worker-40: Launching mavenrun-c08505ca-ef96-4970-99fa-3f91808aeaba] INFO  o.eclipse.m2e.core.internal.Bundles - getClasspathEntries(Bundle=org.apache.commons.cli_1.9.0 [74])
2026-01-30 11:50:39,300 [Worker-40: Launching mavenrun-c08505ca-ef96-4970-99fa-3f91808aeaba] INFO  o.eclipse.m2e.core.internal.Bundles - 	Entry: C:\Users\dell\.p2\pool\plugins\org.apache.commons.cli_1.9.0.jar
2026-01-30 11:50:39,300 [Worker-40: Launching mavenrun-c08505ca-ef96-4970-99fa-3f91808aeaba] INFO  o.eclipse.m2e.core.internal.Bundles - getClasspathEntries(Bundle=org.apache.commons.commons-codec_1.16.0 [76])
2026-01-30 11:50:39,301 [Worker-40: Launching mavenrun-c08505ca-ef96-4970-99fa-3f91808aeaba] INFO  o.eclipse.m2e.core.internal.Bundles - 	Entry: C:\Users\dell\.p2\pool\plugins\org.apache.commons.commons-codec_1.16.0.jar
2026-01-30 11:50:39,301 [Worker-40: Launching mavenrun-c08505ca-ef96-4970-99fa-3f91808aeaba] INFO  o.eclipse.m2e.core.internal.Bundles - getClasspathEntries(Bundle=com.google.guava.failureaccess_1.0.2 [17])
2026-01-30 11:50:39,302 [Worker-40: Launching mavenrun-c08505ca-ef96-4970-99fa-3f91808aeaba] INFO  o.eclipse.m2e.core.internal.Bundles - 	Entry: C:\Users\dell\.p2\pool\plugins\com.google.guava.failureaccess_1.0.2.jar
2026-01-30 11:50:39,303 [Worker-40: Launching mavenrun-c08505ca-ef96-4970-99fa-3f91808aeaba] INFO  o.e.m.i.launch.MavenLaunchDelegate - Run build in "C:\Users\dell\AppData\Local\Temp\m2e-archetypeGenerator12050817836727104686":
2026-01-30 11:50:39,303 [Worker-40: Launching mavenrun-c08505ca-ef96-4970-99fa-3f91808aeaba] INFO  o.e.m.i.launch.MavenLaunchDelegate -  mvn  -DarchetypeGroupId=de.bripkens -DarchetypeArtifactId=java-quickstart -DarchetypeVersion=0.2.0 -DgroupId=mphasis -DartifactId=MailCode -Dversion=0.0.1-SNAPSHOT -Dpackage=com.java.mail -DoutputDirectory=D:\Mphasis\sb -B -Dstyle.color=always -U archetype:generate
2026-01-30 11:50:48,479 [Worker-43: Creating java-quickstart] INFO  o.e.m.c.i.p.ProjectConfigurationManager - Collecting project info '/pom.xml' D:\Mphasis\sb\MailCode\pom.xml
2026-01-30 11:50:52,875 [Worker-43: Creating java-quickstart] INFO  o.e.m.c.i.l.LifecycleMappingFactory - Using org.eclipse.m2e.jdt.JarLifecycleMapping lifecycle mapping for MavenProject: mphasis:MailCode:0.0.1-SNAPSHOT @ D:\Mphasis\sb\MailCode\pom.xml.
2026-01-30 11:50:53,376 [Worker-43: Creating java-quickstart] INFO  o.e.m.j.i.AbstractJavaProjectConfigurator - Adding source folder /MailCode/src/main/java
2026-01-30 11:50:53,377 [Worker-43: Creating java-quickstart] INFO  o.e.m.j.i.AbstractJavaProjectConfigurator - Adding resource folder /MailCode/src/main/resources
2026-01-30 11:50:53,380 [Worker-43: Creating java-quickstart] INFO  o.e.m.j.i.AbstractJavaProjectConfigurator - Adding source folder /MailCode/src/test/java
2026-01-30 11:50:53,381 [Worker-43: Creating java-quickstart] INFO  o.e.m.j.i.AbstractJavaProjectConfigurator - Adding resource folder /MailCode/src/test/resources
2026-01-30 11:50:53,920 [Worker-43: Creating java-quickstart] INFO  o.e.m.c.i.p.ProjectConfigurationManager - Imported and configured 1 project(s) in 5 sec
2026-01-30 11:50:54,265 [Worker-43: Building] INFO  o.a.m.s.f.DefaultMavenResourcesFiltering - skip non existing resourceDirectory D:\Mphasis\sb\MailCode\src\main\resources
2026-01-30 11:50:54,268 [Worker-43: Building] INFO  o.a.m.s.f.DefaultMavenResourcesFiltering - skip non existing resourceDirectory D:\Mphasis\sb\MailCode\src\test\resources
2026-01-30 11:51:18,842 [Worker-35: Building] INFO  o.e.m.c.i.l.LifecycleMappingFactory - Using org.eclipse.m2e.jdt.JarLifecycleMapping lifecycle mapping for MavenProject: mphasis:MailCode:0.0.1-SNAPSHOT @ D:\Mphasis\sb\MailCode\pom.xml.
2026-01-30 11:51:18,938 [Worker-35: Building] INFO  o.a.m.s.f.DefaultMavenResourcesFiltering - skip non existing resourceDirectory D:\Mphasis\sb\MailCode\src\main\resources
2026-01-30 11:51:18,940 [Worker-35: Building] INFO  o.a.m.s.f.DefaultMavenResourcesFiltering - skip non existing resourceDirectory D:\Mphasis\sb\MailCode\src\test\resources
2026-01-30 11:51:20,514 [Worker-36: Building] INFO  o.a.m.s.f.DefaultMavenResourcesFiltering - skip non existing resourceDirectory D:\Mphasis\sb\MailCode\src\main\resources
2026-01-30 11:51:20,516 [Worker-36: Building] INFO  o.a.m.s.f.DefaultMavenResourcesFiltering - skip non existing resourceDirectory D:\Mphasis\sb\MailCode\src\test\resources
2026-01-30 11:51:29,669 [Worker-43: Building] INFO  o.a.m.s.f.DefaultMavenResourcesFiltering - skip non existing resourceDirectory D:\Mphasis\sb\MailCode\src\main\resources
2026-01-30 11:51:29,670 [Worker-43: Building] INFO  o.a.m.s.f.DefaultMavenResourcesFiltering - skip non existing resourceDirectory D:\Mphasis\sb\MailCode\src\test\resources
2026-01-30 11:51:34,207 [Worker-43: Building] INFO  o.a.m.s.f.DefaultMavenResourcesFiltering - skip non existing resourceDirectory D:\Mphasis\sb\MailCode\src\main\resources
2026-01-30 11:51:34,209 [Worker-43: Building] INFO  o.a.m.s.f.DefaultMavenResourcesFiltering - skip non existing resourceDirectory D:\Mphasis\sb\MailCode\src\test\resources
2026-01-30 11:51:42,369 [Worker-35: Building] INFO  o.a.m.s.f.DefaultMavenResourcesFiltering - skip non existing resourceDirectory D:\Mphasis\sb\MailCode\src\main\resources
2026-01-30 11:51:42,371 [Worker-35: Building] INFO  o.a.m.s.f.DefaultMavenResourcesFiltering - skip non existing resourceDirectory D:\Mphasis\sb\MailCode\src\test\resources
2026-01-30 11:51:58,289 [Worker-40: Building] INFO  o.a.m.s.f.DefaultMavenResourcesFiltering - skip non existing resourceDirectory D:\Mphasis\sb\MailCode\src\main\resources
2026-01-30 11:51:58,291 [Worker-40: Building] INFO  o.a.m.s.f.DefaultMavenResourcesFiltering - skip non existing resourceDirectory D:\Mphasis\sb\MailCode\src\test\resources
2026-01-30 11:52:41,234 [Worker-39: Building] INFO  o.a.m.s.f.DefaultMavenResourcesFiltering - skip non existing resourceDirectory D:\Mphasis\sb\MailCode\src\main\resources
2026-01-30 11:52:41,236 [Worker-39: Building] INFO  o.a.m.s.f.DefaultMavenResourcesFiltering - skip non existing resourceDirectory D:\Mphasis\sb\MailCode\src\test\resources
2026-01-30 12:00:38,156 [Worker-42: Building] INFO  o.a.m.s.f.DefaultMavenResourcesFiltering - skip non existing resourceDirectory D:\Mphasis\sb\MailCode\src\main\resources
2026-01-30 12:00:38,157 [Worker-42: Building] INFO  o.a.m.s.f.DefaultMavenResourcesFiltering - skip non existing resourceDirectory D:\Mphasis\sb\MailCode\src\test\resources
2026-01-30 12:03:07,839 [Worker-35: Building] INFO  o.a.m.s.f.DefaultMavenResourcesFiltering - skip non existing resourceDirectory D:\Mphasis\sb\MailCode\src\main\resources
2026-01-30 12:03:07,841 [Worker-35: Building] INFO  o.a.m.s.f.DefaultMavenResourcesFiltering - skip non existing resourceDirectory D:\Mphasis\sb\MailCode\src\test\resources
2026-01-30 12:07:47,996 [Worker-43: Building] INFO  o.a.m.s.f.DefaultMavenResourcesFiltering - skip non existing resourceDirectory D:\Mphasis\sb\MailCode\src\main\resources
2026-01-30 12:07:47,998 [Worker-43: Building] INFO  o.a.m.s.f.DefaultMavenResourcesFiltering - skip non existing resourceDirectory D:\Mphasis\sb\MailCode\src\test\resources
2026-01-30 12:08:01,094 [Worker-42: Building] INFO  o.a.m.s.f.DefaultMavenResourcesFiltering - skip non existing resourceDirectory D:\Mphasis\sb\MailCode\src\main\resources
2026-01-30 12:08:01,096 [Worker-42: Building] INFO  o.a.m.s.f.DefaultMavenResourcesFiltering - skip non existing resourceDirectory D:\Mphasis\sb\MailCode\src\test\resources
2026-01-30 14:12:13,361 [Worker-40: Import Getting Started Content] INFO  o.e.m.c.i.l.LifecycleMappingFactory - Using org.eclipse.m2e.jdt.JarLifecycleMapping lifecycle mapping for MavenProject: com.example:SbCms:0.0.1-SNAPSHOT @ D:\Mphasis\sb\SbCms\pom.xml.
2026-01-30 14:12:15,008 [Worker-40: Import Getting Started Content] INFO  o.e.m.j.i.AbstractJavaProjectConfigurator - Adding source folder /SbCms/src/main/java
2026-01-30 14:12:15,008 [Worker-40: Import Getting Started Content] INFO  o.e.m.j.i.AbstractJavaProjectConfigurator - Adding resource folder /SbCms/src/main/resources
2026-01-30 14:12:15,025 [Worker-40: Import Getting Started Content] INFO  o.e.m.j.i.AbstractJavaProjectConfigurator - Adding resource folder /SbCms/src/main/resources
2026-01-30 14:12:15,042 [Worker-40: Import Getting Started Content] INFO  o.e.m.j.i.AbstractJavaProjectConfigurator - Adding source folder /SbCms/src/test/java
2026-01-30 14:12:15,043 [Worker-40: Import Getting Started Content] INFO  o.e.m.j.i.AbstractJavaProjectConfigurator - Adding resource folder /SbCms/src/test/resources
2026-01-30 14:12:16,044 [Worker-40: Import Getting Started Content] INFO  o.e.m.c.i.p.ProjectConfigurationManager - Imported and configured 1 project(s) in 3 sec
2026-01-30 14:12:16,046 [Worker-40: Import Getting Started Content] INFO  o.e.m.c.i.p.ProjectConfigurationManager - Update started
2026-01-30 14:12:16,514 [Worker-40: Import Getting Started Content] INFO  o.e.m.c.i.l.LifecycleMappingFactory - Using org.eclipse.m2e.jdt.JarLifecycleMapping lifecycle mapping for MavenProject: com.example:SbCms:0.0.1-SNAPSHOT @ D:\Mphasis\sb\SbCms\pom.xml.
2026-01-30 14:12:17,145 [Worker-40: Import Getting Started Content] INFO  o.e.m.j.i.AbstractJavaProjectConfigurator - Adding source folder /SbCms/src/main/java
2026-01-30 14:12:17,145 [Worker-40: Import Getting Started Content] INFO  o.e.m.j.i.AbstractJavaProjectConfigurator - Adding resource folder /SbCms/src/main/resources
2026-01-30 14:12:17,146 [Worker-40: Import Getting Started Content] INFO  o.e.m.j.i.AbstractJavaProjectConfigurator - Adding resource folder /SbCms/src/main/resources
2026-01-30 14:12:17,146 [Worker-40: Import Getting Started Content] INFO  o.e.m.j.i.AbstractJavaProjectConfigurator - Adding source folder /SbCms/src/test/java
2026-01-30 14:12:17,146 [Worker-40: Import Getting Started Content] INFO  o.e.m.j.i.AbstractJavaProjectConfigurator - Adding resource folder /SbCms/src/test/resources
2026-01-30 14:12:17,504 [Worker-40: Import Getting Started Content] INFO  o.e.m.c.i.p.ProjectConfigurationManager - Update completed for 1 poms: local refresh takes 0.00 sec, refresh facades takes 1.00 sec, update config takes 0.00 sec 
2026-01-30 14:12:18,032 [Worker-44: Building] INFO  o.a.m.s.f.DefaultMavenResourcesFiltering - Copying 1 resource from src\main\resources to target\classes
2026-01-30 14:12:18,042 [Worker-44: Building] INFO  o.a.m.s.f.DefaultMavenResourcesFiltering - Copying 0 resource from src\main\resources to target\classes
2026-01-30 14:12:18,045 [Worker-44: Building] INFO  o.a.m.s.f.DefaultMavenResourcesFiltering - Copying 0 resource from src\test\resources to target\test-classes
2026-01-30 14:13:13,170 [Worker-43: Building] INFO  o.a.m.s.f.DefaultMavenResourcesFiltering - Copying 1 resource from src\main\resources to target\classes
2026-01-30 14:13:13,190 [Worker-43: Building] INFO  o.a.m.s.f.DefaultMavenResourcesFiltering - Copying 0 resource from src\main\resources to target\classes
2026-01-30 14:13:13,196 [Worker-43: Building] INFO  o.a.m.s.f.DefaultMavenResourcesFiltering - Copying 0 resource from src\test\resources to target\test-classes
2026-01-30 14:14:16,779 [Worker-39: Building] INFO  o.a.m.s.f.DefaultMavenResourcesFiltering - Copying 1 resource from src\main\resources to target\classes
2026-01-30 14:14:16,786 [Worker-39: Building] INFO  o.a.m.s.f.DefaultMavenResourcesFiltering - Copying 0 resource from src\main\resources to target\classes
2026-01-30 14:14:16,791 [Worker-39: Building] INFO  o.a.m.s.f.DefaultMavenResourcesFiltering - Copying 0 resource from src\test\resources to target\test-classes
2026-01-30 14:15:42,091 [Worker-43: Building] INFO  o.a.m.s.f.DefaultMavenResourcesFiltering - Copying 1 resource from src\main\resources to target\classes
2026-01-30 14:15:42,094 [Worker-43: Building] INFO  o.a.m.s.f.DefaultMavenResourcesFiltering - Copying 0 resource from src\main\resources to target\classes
2026-01-30 14:15:42,097 [Worker-43: Building] INFO  o.a.m.s.f.DefaultMavenResourcesFiltering - Copying 0 resource from src\test\resources to target\test-classes
2026-01-30 14:15:50,737 [Worker-44: Building] INFO  o.a.m.s.f.DefaultMavenResourcesFiltering - Copying 1 resource from src\main\resources to target\classes
2026-01-30 14:15:50,740 [Worker-44: Building] INFO  o.a.m.s.f.DefaultMavenResourcesFiltering - Copying 0 resource from src\main\resources to target\classes
2026-01-30 14:15:50,742 [Worker-44: Building] INFO  o.a.m.s.f.DefaultMavenResourcesFiltering - Copying 0 resource from src\test\resources to target\test-classes
2026-01-30 14:16:02,427 [Worker-43: Building] INFO  o.a.m.s.f.DefaultMavenResourcesFiltering - Copying 1 resource from src\main\resources to target\classes
2026-01-30 14:16:02,430 [Worker-43: Building] INFO  o.a.m.s.f.DefaultMavenResourcesFiltering - Copying 0 resource from src\main\resources to target\classes
2026-01-30 14:16:02,432 [Worker-43: Building] INFO  o.a.m.s.f.DefaultMavenResourcesFiltering - Copying 0 resource from src\test\resources to target\test-classes
2026-01-30 14:16:12,912 [Worker-43: Building] INFO  o.a.m.s.f.DefaultMavenResourcesFiltering - Copying 1 resource from src\main\resources to target\classes
2026-01-30 14:16:12,938 [Worker-43: Building] INFO  o.a.m.s.f.DefaultMavenResourcesFiltering - Copying 0 resource from src\main\resources to target\classes
2026-01-30 14:16:12,945 [Worker-43: Building] INFO  o.a.m.s.f.DefaultMavenResourcesFiltering - Copying 0 resource from src\test\resources to target\test-classes
2026-01-30 14:16:22,770 [Worker-46: Building] INFO  o.a.m.s.f.DefaultMavenResourcesFiltering - Copying 1 resource from src\main\resources to target\classes
2026-01-30 14:16:22,776 [Worker-46: Building] INFO  o.a.m.s.f.DefaultMavenResourcesFiltering - Copying 0 resource from src\main\resources to target\classes
2026-01-30 14:16:22,780 [Worker-46: Building] INFO  o.a.m.s.f.DefaultMavenResourcesFiltering - Copying 0 resource from src\test\resources to target\test-classes
2026-01-30 14:18:26,145 [Worker-45: Building] INFO  o.a.m.s.f.DefaultMavenResourcesFiltering - Copying 1 resource from src\main\resources to target\classes
2026-01-30 14:18:26,153 [Worker-45: Building] INFO  o.a.m.s.f.DefaultMavenResourcesFiltering - Copying 0 resource from src\main\resources to target\classes
2026-01-30 14:18:26,156 [Worker-45: Building] INFO  o.a.m.s.f.DefaultMavenResourcesFiltering - Copying 0 resource from src\test\resources to target\test-classes
2026-01-30 14:19:01,286 [Worker-45: Building] INFO  o.a.m.s.f.DefaultMavenResourcesFiltering - Copying 1 resource from src\main\resources to target\classes
2026-01-30 14:19:01,290 [Worker-45: Building] INFO  o.a.m.s.f.DefaultMavenResourcesFiltering - Copying 0 resource from src\main\resources to target\classes
2026-01-30 14:19:01,293 [Worker-45: Building] INFO  o.a.m.s.f.DefaultMavenResourcesFiltering - Copying 0 resource from src\test\resources to target\test-classes
2026-01-30 14:19:07,456 [Worker-36: Building] INFO  o.a.m.s.f.DefaultMavenResourcesFiltering - Copying 1 resource from src\main\resources to target\classes
2026-01-30 14:19:07,477 [Worker-36: Building] INFO  o.a.m.s.f.DefaultMavenResourcesFiltering - Copying 0 resource from src\main\resources to target\classes
2026-01-30 14:19:07,483 [Worker-36: Building] INFO  o.a.m.s.f.DefaultMavenResourcesFiltering - Copying 0 resource from src\test\resources to target\test-classes
2026-01-30 14:19:15,516 [Worker-39: Building] INFO  o.a.m.s.f.DefaultMavenResourcesFiltering - Copying 1 resource from src\main\resources to target\classes
2026-01-30 14:19:15,520 [Worker-39: Building] INFO  o.a.m.s.f.DefaultMavenResourcesFiltering - Copying 0 resource from src\main\resources to target\classes
2026-01-30 14:19:15,522 [Worker-39: Building] INFO  o.a.m.s.f.DefaultMavenResourcesFiltering - Copying 0 resource from src\test\resources to target\test-classes
2026-01-30 14:20:54,523 [Worker-45: Building] INFO  o.a.m.s.f.DefaultMavenResourcesFiltering - Copying 1 resource from src\main\resources to target\classes
2026-01-30 14:20:54,527 [Worker-45: Building] INFO  o.a.m.s.f.DefaultMavenResourcesFiltering - Copying 0 resource from src\main\resources to target\classes
2026-01-30 14:20:54,529 [Worker-45: Building] INFO  o.a.m.s.f.DefaultMavenResourcesFiltering - Copying 0 resource from src\test\resources to target\test-classes
2026-01-30 14:21:43,513 [Worker-42: Building] INFO  o.a.m.s.f.DefaultMavenResourcesFiltering - Copying 1 resource from src\main\resources to target\classes
2026-01-30 14:21:43,542 [Worker-42: Building] INFO  o.a.m.s.f.DefaultMavenResourcesFiltering - Copying 0 resource from src\main\resources to target\classes
2026-01-30 14:21:43,548 [Worker-42: Building] INFO  o.a.m.s.f.DefaultMavenResourcesFiltering - Copying 0 resource from src\test\resources to target\test-classes
2026-01-30 14:21:56,418 [Worker-45: Building] INFO  o.a.m.s.f.DefaultMavenResourcesFiltering - Copying 1 resource from src\main\resources to target\classes
2026-01-30 14:21:56,423 [Worker-45: Building] INFO  o.a.m.s.f.DefaultMavenResourcesFiltering - Copying 0 resource from src\main\resources to target\classes
2026-01-30 14:21:56,425 [Worker-45: Building] INFO  o.a.m.s.f.DefaultMavenResourcesFiltering - Copying 0 resource from src\test\resources to target\test-classes
2026-01-30 14:22:14,660 [Worker-42: Building] INFO  o.a.m.s.f.DefaultMavenResourcesFiltering - Copying 1 resource from src\main\resources to target\classes
2026-01-30 14:22:14,665 [Worker-42: Building] INFO  o.a.m.s.f.DefaultMavenResourcesFiltering - Copying 0 resource from src\main\resources to target\classes
2026-01-30 14:22:14,668 [Worker-42: Building] INFO  o.a.m.s.f.DefaultMavenResourcesFiltering - Copying 0 resource from src\test\resources to target\test-classes
2026-01-30 14:23:32,642 [Worker-46: Building] INFO  o.a.m.s.f.DefaultMavenResourcesFiltering - Copying 1 resource from src\main\resources to target\classes
2026-01-30 14:23:32,645 [Worker-46: Building] INFO  o.a.m.s.f.DefaultMavenResourcesFiltering - Copying 0 resource from src\main\resources to target\classes
2026-01-30 14:23:32,648 [Worker-46: Building] INFO  o.a.m.s.f.DefaultMavenResourcesFiltering - Copying 0 resource from src\test\resources to target\test-classes
2026-01-30 14:25:10,934 [Worker-43: Building] INFO  o.a.m.s.f.DefaultMavenResourcesFiltering - Copying 1 resource from src\main\resources to target\classes
2026-01-30 14:25:10,937 [Worker-43: Building] INFO  o.a.m.s.f.DefaultMavenResourcesFiltering - Copying 0 resource from src\main\resources to target\classes
2026-01-30 14:25:10,940 [Worker-43: Building] INFO  o.a.m.s.f.DefaultMavenResourcesFiltering - Copying 0 resource from src\test\resources to target\test-classes
2026-01-30 14:25:57,154 [Worker-36: Building] INFO  o.a.m.s.f.DefaultMavenResourcesFiltering - Copying 1 resource from src\main\resources to target\classes
2026-01-30 14:25:57,158 [Worker-36: Building] INFO  o.a.m.s.f.DefaultMavenResourcesFiltering - Copying 0 resource from src\main\resources to target\classes
2026-01-30 14:25:57,160 [Worker-36: Building] INFO  o.a.m.s.f.DefaultMavenResourcesFiltering - Copying 0 resource from src\test\resources to target\test-classes
2026-01-30 14:26:41,393 [Worker-35: Building] INFO  o.a.m.s.f.DefaultMavenResourcesFiltering - Copying 1 resource from src\main\resources to target\classes
2026-01-30 14:26:41,396 [Worker-35: Building] INFO  o.a.m.s.f.DefaultMavenResourcesFiltering - Copying 0 resource from src\main\resources to target\classes
2026-01-30 14:26:41,398 [Worker-35: Building] INFO  o.a.m.s.f.DefaultMavenResourcesFiltering - Copying 0 resource from src\test\resources to target\test-classes
2026-01-30 14:28:24,156 [Worker-45: Building] INFO  o.a.m.s.f.DefaultMavenResourcesFiltering - Copying 1 resource from src\main\resources to target\classes
2026-01-30 14:28:24,185 [Worker-45: Building] INFO  o.a.m.s.f.DefaultMavenResourcesFiltering - Copying 0 resource from src\main\resources to target\classes
2026-01-30 14:28:24,192 [Worker-45: Building] INFO  o.a.m.s.f.DefaultMavenResourcesFiltering - Copying 0 resource from src\test\resources to target\test-classes
2026-01-30 14:28:38,834 [Worker-45: Building] INFO  o.a.m.s.f.DefaultMavenResourcesFiltering - Copying 1 resource from src\main\resources to target\classes
2026-01-30 14:28:38,839 [Worker-45: Building] INFO  o.a.m.s.f.DefaultMavenResourcesFiltering - Copying 0 resource from src\main\resources to target\classes
2026-01-30 14:28:38,841 [Worker-45: Building] INFO  o.a.m.s.f.DefaultMavenResourcesFiltering - Copying 0 resource from src\test\resources to target\test-classes
2026-01-30 14:28:46,427 [Worker-47: Building] INFO  o.a.m.s.f.DefaultMavenResourcesFiltering - Copying 1 resource from src\main\resources to target\classes
2026-01-30 14:28:46,432 [Worker-47: Building] INFO  o.a.m.s.f.DefaultMavenResourcesFiltering - Copying 0 resource from src\main\resources to target\classes
2026-01-30 14:28:46,434 [Worker-47: Building] INFO  o.a.m.s.f.DefaultMavenResourcesFiltering - Copying 0 resource from src\test\resources to target\test-classes
2026-01-30 14:29:28,102 [Worker-40: Building] INFO  o.a.m.s.f.DefaultMavenResourcesFiltering - Copying 1 resource from src\main\resources to target\classes
2026-01-30 14:29:28,105 [Worker-40: Building] INFO  o.a.m.s.f.DefaultMavenResourcesFiltering - Copying 0 resource from src\main\resources to target\classes
2026-01-30 14:29:28,108 [Worker-40: Building] INFO  o.a.m.s.f.DefaultMavenResourcesFiltering - Copying 0 resource from src\test\resources to target\test-classes
2026-01-30 14:29:38,700 [Worker-42: Building] INFO  o.a.m.s.f.DefaultMavenResourcesFiltering - Copying 1 resource from src\main\resources to target\classes
2026-01-30 14:29:38,704 [Worker-42: Building] INFO  o.a.m.s.f.DefaultMavenResourcesFiltering - Copying 0 resource from src\main\resources to target\classes
2026-01-30 14:29:38,706 [Worker-42: Building] INFO  o.a.m.s.f.DefaultMavenResourcesFiltering - Copying 0 resource from src\test\resources to target\test-classes
2026-01-30 14:30:16,708 [Worker-40: Building] INFO  o.a.m.s.f.DefaultMavenResourcesFiltering - Copying 1 resource from src\main\resources to target\classes
2026-01-30 14:30:16,729 [Worker-40: Building] INFO  o.a.m.s.f.DefaultMavenResourcesFiltering - Copying 0 resource from src\main\resources to target\classes
2026-01-30 14:30:16,734 [Worker-40: Building] INFO  o.a.m.s.f.DefaultMavenResourcesFiltering - Copying 0 resource from src\test\resources to target\test-classes
2026-01-30 14:31:09,224 [Worker-45: Building] INFO  o.a.m.s.f.DefaultMavenResourcesFiltering - Copying 1 resource from src\main\resources to target\classes
2026-01-30 14:31:09,228 [Worker-45: Building] INFO  o.a.m.s.f.DefaultMavenResourcesFiltering - Copying 0 resource from src\main\resources to target\classes
2026-01-30 14:31:09,230 [Worker-45: Building] INFO  o.a.m.s.f.DefaultMavenResourcesFiltering - Copying 0 resource from src\test\resources to target\test-classes
2026-01-30 14:31:35,135 [Worker-39: Building] INFO  o.a.m.s.f.DefaultMavenResourcesFiltering - Copying 1 resource from src\main\resources to target\classes
2026-01-30 14:31:35,138 [Worker-39: Building] INFO  o.a.m.s.f.DefaultMavenResourcesFiltering - Copying 0 resource from src\main\resources to target\classes
2026-01-30 14:31:35,140 [Worker-39: Building] INFO  o.a.m.s.f.DefaultMavenResourcesFiltering - Copying 0 resource from src\test\resources to target\test-classes
2026-01-30 14:32:12,100 [Worker-44: Building] INFO  o.a.m.s.f.DefaultMavenResourcesFiltering - Copying 1 resource from src\main\resources to target\classes
2026-01-30 14:32:12,102 [Worker-44: Building] INFO  o.a.m.s.f.DefaultMavenResourcesFiltering - Copying 0 resource from src\main\resources to target\classes
2026-01-30 14:32:12,104 [Worker-44: Building] INFO  o.a.m.s.f.DefaultMavenResourcesFiltering - Copying 0 resource from src\test\resources to target\test-classes
2026-01-30 14:39:36,537 [Worker-46: Building] INFO  o.a.m.s.f.DefaultMavenResourcesFiltering - Copying 1 resource from src\main\resources to target\classes
2026-01-30 14:39:36,559 [Worker-46: Building] INFO  o.a.m.s.f.DefaultMavenResourcesFiltering - Copying 0 resource from src\main\resources to target\classes
2026-01-30 14:39:36,565 [Worker-46: Building] INFO  o.a.m.s.f.DefaultMavenResourcesFiltering - Copying 0 resource from src\test\resources to target\test-classes
2026-01-30 14:42:41,613 [Worker-35: Building] INFO  o.a.m.s.f.DefaultMavenResourcesFiltering - Copying 1 resource from src\main\resources to target\classes
2026-01-30 14:42:41,617 [Worker-35: Building] INFO  o.a.m.s.f.DefaultMavenResourcesFiltering - Copying 0 resource from src\main\resources to target\classes
2026-01-30 14:42:41,620 [Worker-35: Building] INFO  o.a.m.s.f.DefaultMavenResourcesFiltering - Copying 0 resource from src\test\resources to target\test-classes
2026-01-30 14:42:48,132 [Worker-39: Building] INFO  o.a.m.s.f.DefaultMavenResourcesFiltering - Copying 1 resource from src\main\resources to target\classes
2026-01-30 14:42:48,136 [Worker-39: Building] INFO  o.a.m.s.f.DefaultMavenResourcesFiltering - Copying 0 resource from src\main\resources to target\classes
2026-01-30 14:42:48,139 [Worker-39: Building] INFO  o.a.m.s.f.DefaultMavenResourcesFiltering - Copying 0 resource from src\test\resources to target\test-classes
2026-01-30 14:42:58,669 [Worker-39: Building] INFO  o.a.m.s.f.DefaultMavenResourcesFiltering - Copying 1 resource from src\main\resources to target\classes
2026-01-30 14:42:58,686 [Worker-39: Building] INFO  o.a.m.s.f.DefaultMavenResourcesFiltering - Copying 0 resource from src\main\resources to target\classes
2026-01-30 14:42:58,694 [Worker-39: Building] INFO  o.a.m.s.f.DefaultMavenResourcesFiltering - Copying 0 resource from src\test\resources to target\test-classes
2026-01-30 14:43:14,919 [Worker-35: Building] INFO  o.a.m.s.f.DefaultMavenResourcesFiltering - Copying 1 resource from src\main\resources to target\classes
2026-01-30 14:43:14,923 [Worker-35: Building] INFO  o.a.m.s.f.DefaultMavenResourcesFiltering - Copying 0 resource from src\main\resources to target\classes
2026-01-30 14:43:14,926 [Worker-35: Building] INFO  o.a.m.s.f.DefaultMavenResourcesFiltering - Copying 0 resource from src\test\resources to target\test-classes
2026-01-30 14:43:38,628 [Worker-44: Building] INFO  o.a.m.s.f.DefaultMavenResourcesFiltering - Copying 1 resource from src\main\resources to target\classes
2026-01-30 14:43:38,631 [Worker-44: Building] INFO  o.a.m.s.f.DefaultMavenResourcesFiltering - Copying 0 resource from src\main\resources to target\classes
2026-01-30 14:43:38,633 [Worker-44: Building] INFO  o.a.m.s.f.DefaultMavenResourcesFiltering - Copying 0 resource from src\test\resources to target\test-classes
2026-01-30 14:43:49,217 [Worker-42: Building] INFO  o.a.m.s.f.DefaultMavenResourcesFiltering - Copying 1 resource from src\main\resources to target\classes
2026-01-30 14:43:49,222 [Worker-42: Building] INFO  o.a.m.s.f.DefaultMavenResourcesFiltering - Copying 0 resource from src\main\resources to target\classes
2026-01-30 14:43:49,225 [Worker-42: Building] INFO  o.a.m.s.f.DefaultMavenResourcesFiltering - Copying 0 resource from src\test\resources to target\test-classes
2026-01-30 14:44:08,839 [Worker-47: Building] INFO  o.a.m.s.f.DefaultMavenResourcesFiltering - Copying 1 resource from src\main\resources to target\classes
2026-01-30 14:44:08,860 [Worker-47: Building] INFO  o.a.m.s.f.DefaultMavenResourcesFiltering - Copying 0 resource from src\main\resources to target\classes
2026-01-30 14:44:08,865 [Worker-47: Building] INFO  o.a.m.s.f.DefaultMavenResourcesFiltering - Copying 0 resource from src\test\resources to target\test-classes
2026-01-30 14:44:25,265 [Worker-43: Building] INFO  o.a.m.s.f.DefaultMavenResourcesFiltering - Copying 1 resource from src\main\resources to target\classes
2026-01-30 14:44:25,270 [Worker-43: Building] INFO  o.a.m.s.f.DefaultMavenResourcesFiltering - Copying 0 resource from src\main\resources to target\classes
2026-01-30 14:44:25,272 [Worker-43: Building] INFO  o.a.m.s.f.DefaultMavenResourcesFiltering - Copying 0 resource from src\test\resources to target\test-classes
2026-01-30 14:45:08,540 [Worker-35: Building] INFO  o.a.m.s.f.DefaultMavenResourcesFiltering - Copying 1 resource from src\main\resources to target\classes
2026-01-30 14:45:08,544 [Worker-35: Building] INFO  o.a.m.s.f.DefaultMavenResourcesFiltering - Copying 0 resource from src\main\resources to target\classes
2026-01-30 14:45:08,547 [Worker-35: Building] INFO  o.a.m.s.f.DefaultMavenResourcesFiltering - Copying 0 resource from src\test\resources to target\test-classes
2026-01-30 14:45:22,061 [Worker-40: Building] INFO  o.a.m.s.f.DefaultMavenResourcesFiltering - Copying 1 resource from src\main\resources to target\classes
2026-01-30 14:45:22,081 [Worker-40: Building] INFO  o.a.m.s.f.DefaultMavenResourcesFiltering - Copying 0 resource from src\main\resources to target\classes
2026-01-30 14:45:22,088 [Worker-40: Building] INFO  o.a.m.s.f.DefaultMavenResourcesFiltering - Copying 0 resource from src\test\resources to target\test-classes
2026-01-30 14:45:31,473 [Worker-46: Building] INFO  o.a.m.s.f.DefaultMavenResourcesFiltering - Copying 1 resource from src\main\resources to target\classes
2026-01-30 14:45:31,477 [Worker-46: Building] INFO  o.a.m.s.f.DefaultMavenResourcesFiltering - Copying 0 resource from src\main\resources to target\classes
2026-01-30 14:45:31,479 [Worker-46: Building] INFO  o.a.m.s.f.DefaultMavenResourcesFiltering - Copying 0 resource from src\test\resources to target\test-classes
2026-01-30 14:45:39,384 [Worker-40: Building] INFO  o.a.m.s.f.DefaultMavenResourcesFiltering - Copying 1 resource from src\main\resources to target\classes
2026-01-30 14:45:39,387 [Worker-40: Building] INFO  o.a.m.s.f.DefaultMavenResourcesFiltering - Copying 0 resource from src\main\resources to target\classes
2026-01-30 14:45:39,389 [Worker-40: Building] INFO  o.a.m.s.f.DefaultMavenResourcesFiltering - Copying 0 resource from src\test\resources to target\test-classes
2026-01-30 14:46:37,418 [Worker-36: Building] INFO  o.a.m.s.f.DefaultMavenResourcesFiltering - Copying 1 resource from src\main\resources to target\classes
2026-01-30 14:46:37,434 [Worker-36: Building] INFO  o.a.m.s.f.DefaultMavenResourcesFiltering - Copying 0 resource from src\main\resources to target\classes
2026-01-30 14:46:37,439 [Worker-36: Building] INFO  o.a.m.s.f.DefaultMavenResourcesFiltering - Copying 0 resource from src\test\resources to target\test-classes
2026-01-30 14:50:23,680 [Worker-39: Building] INFO  o.a.m.s.f.DefaultMavenResourcesFiltering - Copying 1 resource from src\main\resources to target\classes
2026-01-30 14:50:23,686 [Worker-39: Building] INFO  o.a.m.s.f.DefaultMavenResourcesFiltering - Copying 0 resource from src\main\resources to target\classes
2026-01-30 14:50:23,689 [Worker-39: Building] INFO  o.a.m.s.f.DefaultMavenResourcesFiltering - Copying 0 resource from src\test\resources to target\test-classes
2026-01-30 14:50:31,643 [Worker-39: Building] INFO  o.a.m.s.f.DefaultMavenResourcesFiltering - Copying 1 resource from src\main\resources to target\classes
2026-01-30 14:50:31,649 [Worker-39: Building] INFO  o.a.m.s.f.DefaultMavenResourcesFiltering - Copying 0 resource from src\main\resources to target\classes
2026-01-30 14:50:31,650 [Worker-39: Building] INFO  o.a.m.s.f.DefaultMavenResourcesFiltering - Copying 0 resource from src\test\resources to target\test-classes
2026-01-30 14:51:50,058 [Worker-45: Building] INFO  o.a.m.s.f.DefaultMavenResourcesFiltering - Copying 1 resource from src\main\resources to target\classes
2026-01-30 14:51:50,061 [Worker-45: Building] INFO  o.a.m.s.f.DefaultMavenResourcesFiltering - Copying 0 resource from src\main\resources to target\classes
2026-01-30 14:51:50,063 [Worker-45: Building] INFO  o.a.m.s.f.DefaultMavenResourcesFiltering - Copying 0 resource from src\test\resources to target\test-classes
2026-01-30 14:52:48,386 [Worker-36: Building] INFO  o.a.m.s.f.DefaultMavenResourcesFiltering - Copying 1 resource from src\main\resources to target\classes
2026-01-30 14:52:48,403 [Worker-36: Building] INFO  o.a.m.s.f.DefaultMavenResourcesFiltering - Copying 0 resource from src\main\resources to target\classes
2026-01-30 14:52:48,409 [Worker-36: Building] INFO  o.a.m.s.f.DefaultMavenResourcesFiltering - Copying 0 resource from src\test\resources to target\test-classes
2026-01-30 14:53:27,492 [Worker-35: Building] INFO  o.a.m.s.f.DefaultMavenResourcesFiltering - Copying 1 resource from src\main\resources to target\classes
2026-01-30 14:53:27,495 [Worker-35: Building] INFO  o.a.m.s.f.DefaultMavenResourcesFiltering - Copying 0 resource from src\main\resources to target\classes
2026-01-30 14:53:27,497 [Worker-35: Building] INFO  o.a.m.s.f.DefaultMavenResourcesFiltering - Copying 0 resource from src\test\resources to target\test-classes
2026-01-30 14:54:06,876 [Worker-39: Building] INFO  o.a.m.s.f.DefaultMavenResourcesFiltering - Copying 1 resource from src\main\resources to target\classes
2026-01-30 14:54:06,879 [Worker-39: Building] INFO  o.a.m.s.f.DefaultMavenResourcesFiltering - Copying 0 resource from src\main\resources to target\classes
2026-01-30 14:54:06,881 [Worker-39: Building] INFO  o.a.m.s.f.DefaultMavenResourcesFiltering - Copying 0 resource from src\test\resources to target\test-classes
2026-01-30 14:55:48,350 [Worker-45: Building] INFO  o.a.m.s.f.DefaultMavenResourcesFiltering - Copying 1 resource from src\main\resources to target\classes
2026-01-30 14:55:48,373 [Worker-45: Building] INFO  o.a.m.s.f.DefaultMavenResourcesFiltering - Copying 0 resource from src\main\resources to target\classes
2026-01-30 14:55:48,378 [Worker-45: Building] INFO  o.a.m.s.f.DefaultMavenResourcesFiltering - Copying 0 resource from src\test\resources to target\test-classes
2026-01-30 14:58:48,468 [Worker-39: Building] INFO  o.a.m.s.f.DefaultMavenResourcesFiltering - Copying 1 resource from src\main\resources to target\classes
2026-01-30 14:58:48,474 [Worker-39: Building] INFO  o.a.m.s.f.DefaultMavenResourcesFiltering - Copying 0 resource from src\main\resources to target\classes
2026-01-30 14:58:48,475 [Worker-39: Building] INFO  o.a.m.s.f.DefaultMavenResourcesFiltering - Copying 0 resource from src\test\resources to target\test-classes
2026-01-30 14:58:57,926 [Worker-42: Building] INFO  o.a.m.s.f.DefaultMavenResourcesFiltering - Copying 1 resource from src\main\resources to target\classes
2026-01-30 14:58:57,930 [Worker-42: Building] INFO  o.a.m.s.f.DefaultMavenResourcesFiltering - Copying 0 resource from src\main\resources to target\classes
2026-01-30 14:58:57,932 [Worker-42: Building] INFO  o.a.m.s.f.DefaultMavenResourcesFiltering - Copying 0 resource from src\test\resources to target\test-classes
2026-01-30 14:59:10,042 [Worker-43: Building] INFO  o.a.m.s.f.DefaultMavenResourcesFiltering - Copying 1 resource from src\main\resources to target\classes
2026-01-30 14:59:10,045 [Worker-43: Building] INFO  o.a.m.s.f.DefaultMavenResourcesFiltering - Copying 0 resource from src\main\resources to target\classes
2026-01-30 14:59:10,048 [Worker-43: Building] INFO  o.a.m.s.f.DefaultMavenResourcesFiltering - Copying 0 resource from src\test\resources to target\test-classes
2026-01-30 15:00:27,938 [Worker-41: Building] INFO  o.a.m.s.f.DefaultMavenResourcesFiltering - Copying 1 resource from src\main\resources to target\classes
2026-01-30 15:00:27,941 [Worker-41: Building] INFO  o.a.m.s.f.DefaultMavenResourcesFiltering - Copying 0 resource from src\main\resources to target\classes
2026-01-30 15:00:27,943 [Worker-41: Building] INFO  o.a.m.s.f.DefaultMavenResourcesFiltering - Copying 0 resource from src\test\resources to target\test-classes
2026-01-30 15:01:58,505 [Worker-45: Building] INFO  o.a.m.s.f.DefaultMavenResourcesFiltering - Copying 1 resource from src\main\resources to target\classes
2026-01-30 15:01:58,510 [Worker-45: Building] INFO  o.a.m.s.f.DefaultMavenResourcesFiltering - Copying 0 resource from src\main\resources to target\classes
2026-01-30 15:01:58,512 [Worker-45: Building] INFO  o.a.m.s.f.DefaultMavenResourcesFiltering - Copying 0 resource from src\test\resources to target\test-classes
2026-01-30 15:02:09,017 [Worker-43: Building] INFO  o.a.m.s.f.DefaultMavenResourcesFiltering - Copying 1 resource from src\main\resources to target\classes
2026-01-30 15:02:09,022 [Worker-43: Building] INFO  o.a.m.s.f.DefaultMavenResourcesFiltering - Copying 0 resource from src\main\resources to target\classes
2026-01-30 15:02:09,024 [Worker-43: Building] INFO  o.a.m.s.f.DefaultMavenResourcesFiltering - Copying 0 resource from src\test\resources to target\test-classes
2026-01-30 15:04:22,425 [Worker-36: Building] INFO  o.a.m.s.f.DefaultMavenResourcesFiltering - Copying 1 resource from src\main\resources to target\classes
2026-01-30 15:04:22,440 [Worker-36: Building] INFO  o.a.m.s.f.DefaultMavenResourcesFiltering - Copying 0 resource from src\main\resources to target\classes
2026-01-30 15:04:22,444 [Worker-36: Building] INFO  o.a.m.s.f.DefaultMavenResourcesFiltering - Copying 0 resource from src\test\resources to target\test-classes
2026-01-30 15:05:03,169 [Worker-47: Building] INFO  o.a.m.s.f.DefaultMavenResourcesFiltering - Copying 1 resource from src\main\resources to target\classes
2026-01-30 15:05:03,173 [Worker-47: Building] INFO  o.a.m.s.f.DefaultMavenResourcesFiltering - Copying 0 resource from src\main\resources to target\classes
2026-01-30 15:05:03,175 [Worker-47: Building] INFO  o.a.m.s.f.DefaultMavenResourcesFiltering - Copying 0 resource from src\test\resources to target\test-classes
2026-01-30 15:06:57,942 [Worker-35: Building] INFO  o.a.m.s.f.DefaultMavenResourcesFiltering - Copying 1 resource from src\main\resources to target\classes
2026-01-30 15:06:57,958 [Worker-35: Building] INFO  o.a.m.s.f.DefaultMavenResourcesFiltering - Copying 0 resource from src\main\resources to target\classes
2026-01-30 15:06:57,962 [Worker-35: Building] INFO  o.a.m.s.f.DefaultMavenResourcesFiltering - Copying 0 resource from src\test\resources to target\test-classes
2026-01-30 15:07:04,104 [Worker-39: Building] INFO  o.a.m.s.f.DefaultMavenResourcesFiltering - Copying 1 resource from src\main\resources to target\classes
2026-01-30 15:07:04,109 [Worker-39: Building] INFO  o.a.m.s.f.DefaultMavenResourcesFiltering - Copying 0 resource from src\main\resources to target\classes
2026-01-30 15:07:04,111 [Worker-39: Building] INFO  o.a.m.s.f.DefaultMavenResourcesFiltering - Copying 0 resource from src\test\resources to target\test-classes
2026-01-30 15:07:11,042 [Worker-40: Building] INFO  o.a.m.s.f.DefaultMavenResourcesFiltering - Copying 1 resource from src\main\resources to target\classes
2026-01-30 15:07:11,047 [Worker-40: Building] INFO  o.a.m.s.f.DefaultMavenResourcesFiltering - Copying 0 resource from src\main\resources to target\classes
2026-01-30 15:07:11,050 [Worker-40: Building] INFO  o.a.m.s.f.DefaultMavenResourcesFiltering - Copying 0 resource from src\test\resources to target\test-classes
2026-01-30 15:40:13,951 [Worker-39: Building] INFO  o.e.m.c.i.l.LifecycleMappingFactory - Using org.eclipse.m2e.jdt.JarLifecycleMapping lifecycle mapping for MavenProject: com.example:SbCms:0.0.1-SNAPSHOT @ D:\Mphasis\sb\SbCms\pom.xml.
2026-01-30 15:40:17,234 [Worker-39: Building] INFO  o.e.m.c.i.e.AbstractTransferListenerAdapter - Downloading https://repo.maven.apache.org/maven2/io/springfox/springfox-swagger2/2.6.1/springfox-swagger2-2.6.1.pom
2026-01-30 15:40:17,315 [Worker-39: Building] INFO  o.e.m.c.i.e.AbstractTransferListenerAdapter - Downloaded https://repo.maven.apache.org/maven2/io/springfox/springfox-swagger2/2.6.1/springfox-swagger2-2.6.1.pom
2026-01-30 15:40:17,437 [Worker-39: Building] INFO  o.e.m.c.i.e.AbstractTransferListenerAdapter - Downloading https://repo.maven.apache.org/maven2/io/swagger/swagger-annotations/1.5.10/swagger-annotations-1.5.10.pom
2026-01-30 15:40:17,501 [Worker-39: Building] INFO  o.e.m.c.i.e.AbstractTransferListenerAdapter - Downloaded https://repo.maven.apache.org/maven2/io/swagger/swagger-annotations/1.5.10/swagger-annotations-1.5.10.pom
2026-01-30 15:40:17,573 [Worker-39: Building] INFO  o.e.m.c.i.e.AbstractTransferListenerAdapter - Downloading https://repo.maven.apache.org/maven2/io/swagger/swagger-project/1.5.10/swagger-project-1.5.10.pom
2026-01-30 15:40:17,686 [Worker-39: Building] INFO  o.e.m.c.i.e.AbstractTransferListenerAdapter - Downloaded https://repo.maven.apache.org/maven2/io/swagger/swagger-project/1.5.10/swagger-project-1.5.10.pom
2026-01-30 15:40:18,000 [Worker-39: Building] INFO  o.e.m.c.i.e.AbstractTransferListenerAdapter - Downloading https://repo.maven.apache.org/maven2/io/swagger/swagger-models/1.5.10/swagger-models-1.5.10.pom
2026-01-30 15:40:18,066 [Worker-39: Building] INFO  o.e.m.c.i.e.AbstractTransferListenerAdapter - Downloaded https://repo.maven.apache.org/maven2/io/swagger/swagger-models/1.5.10/swagger-models-1.5.10.pom
2026-01-30 15:40:18,156 [Worker-39: Building] INFO  o.e.m.c.i.e.AbstractTransferListenerAdapter - Downloading https://repo.maven.apache.org/maven2/io/springfox/springfox-spi/2.6.1/springfox-spi-2.6.1.pom
2026-01-30 15:40:18,235 [Worker-39: Building] INFO  o.e.m.c.i.e.AbstractTransferListenerAdapter - Downloaded https://repo.maven.apache.org/maven2/io/springfox/springfox-spi/2.6.1/springfox-spi-2.6.1.pom
2026-01-30 15:40:18,337 [Worker-39: Building] INFO  o.e.m.c.i.e.AbstractTransferListenerAdapter - Downloading https://repo.maven.apache.org/maven2/io/springfox/springfox-core/2.6.1/springfox-core-2.6.1.pom
2026-01-30 15:40:18,521 [Worker-39: Building] INFO  o.e.m.c.i.e.AbstractTransferListenerAdapter - Downloaded https://repo.maven.apache.org/maven2/io/springfox/springfox-core/2.6.1/springfox-core-2.6.1.pom
2026-01-30 15:40:18,588 [Worker-39: Building] INFO  o.e.m.c.i.e.AbstractTransferListenerAdapter - Downloading https://repo.maven.apache.org/maven2/com/google/guava/guava/18.0/guava-18.0.pom
2026-01-30 15:40:18,636 [Worker-39: Building] INFO  o.e.m.c.i.e.AbstractTransferListenerAdapter - Downloaded https://repo.maven.apache.org/maven2/com/google/guava/guava/18.0/guava-18.0.pom
2026-01-30 15:40:18,698 [Worker-39: Building] INFO  o.e.m.c.i.e.AbstractTransferListenerAdapter - Downloading https://repo.maven.apache.org/maven2/com/google/guava/guava-parent/18.0/guava-parent-18.0.pom
2026-01-30 15:40:18,767 [Worker-39: Building] INFO  o.e.m.c.i.e.AbstractTransferListenerAdapter - Downloaded https://repo.maven.apache.org/maven2/com/google/guava/guava-parent/18.0/guava-parent-18.0.pom
2026-01-30 15:40:18,832 [Worker-39: Building] INFO  o.e.m.c.i.e.AbstractTransferListenerAdapter - Downloading https://repo.maven.apache.org/maven2/org/springframework/plugin/spring-plugin-core/1.2.0.RELEASE/spring-plugin-core-1.2.0.RELEASE.pom
2026-01-30 15:40:18,872 [Worker-39: Building] INFO  o.e.m.c.i.e.AbstractTransferListenerAdapter - Downloaded https://repo.maven.apache.org/maven2/org/springframework/plugin/spring-plugin-core/1.2.0.RELEASE/spring-plugin-core-1.2.0.RELEASE.pom
2026-01-30 15:40:18,936 [Worker-39: Building] INFO  o.e.m.c.i.e.AbstractTransferListenerAdapter - Downloading https://repo.maven.apache.org/maven2/org/springframework/plugin/spring-plugin/1.2.0.RELEASE/spring-plugin-1.2.0.RELEASE.pom
2026-01-30 15:40:18,972 [Worker-39: Building] INFO  o.e.m.c.i.e.AbstractTransferListenerAdapter - Downloaded https://repo.maven.apache.org/maven2/org/springframework/plugin/spring-plugin/1.2.0.RELEASE/spring-plugin-1.2.0.RELEASE.pom
2026-01-30 15:40:19,048 [Worker-39: Building] INFO  o.e.m.c.i.e.AbstractTransferListenerAdapter - Downloading https://repo.maven.apache.org/maven2/org/springframework/plugin/spring-plugin-metadata/1.2.0.RELEASE/spring-plugin-metadata-1.2.0.RELEASE.pom
2026-01-30 15:40:19,097 [Worker-39: Building] INFO  o.e.m.c.i.e.AbstractTransferListenerAdapter - Downloaded https://repo.maven.apache.org/maven2/org/springframework/plugin/spring-plugin-metadata/1.2.0.RELEASE/spring-plugin-metadata-1.2.0.RELEASE.pom
2026-01-30 15:40:19,184 [Worker-39: Building] INFO  o.e.m.c.i.e.AbstractTransferListenerAdapter - Downloading https://repo.maven.apache.org/maven2/io/springfox/springfox-schema/2.6.1/springfox-schema-2.6.1.pom
2026-01-30 15:40:19,242 [Worker-39: Building] INFO  o.e.m.c.i.e.AbstractTransferListenerAdapter - Downloaded https://repo.maven.apache.org/maven2/io/springfox/springfox-schema/2.6.1/springfox-schema-2.6.1.pom
2026-01-30 15:40:19,327 [Worker-39: Building] INFO  o.e.m.c.i.e.AbstractTransferListenerAdapter - Downloading https://repo.maven.apache.org/maven2/io/springfox/springfox-swagger-common/2.6.1/springfox-swagger-common-2.6.1.pom
2026-01-30 15:40:19,369 [Worker-39: Building] INFO  o.e.m.c.i.e.AbstractTransferListenerAdapter - Downloaded https://repo.maven.apache.org/maven2/io/springfox/springfox-swagger-common/2.6.1/springfox-swagger-common-2.6.1.pom
2026-01-30 15:40:19,456 [Worker-39: Building] INFO  o.e.m.c.i.e.AbstractTransferListenerAdapter - Downloading https://repo.maven.apache.org/maven2/io/springfox/springfox-spring-web/2.6.1/springfox-spring-web-2.6.1.pom
2026-01-30 15:40:19,596 [Worker-39: Building] INFO  o.e.m.c.i.e.AbstractTransferListenerAdapter - Downloaded https://repo.maven.apache.org/maven2/io/springfox/springfox-spring-web/2.6.1/springfox-spring-web-2.6.1.pom
2026-01-30 15:40:19,690 [Worker-39: Building] INFO  o.e.m.c.i.e.AbstractTransferListenerAdapter - Downloading https://repo.maven.apache.org/maven2/org/mapstruct/mapstruct/1.0.0.Final/mapstruct-1.0.0.Final.pom
2026-01-30 15:40:19,781 [Worker-39: Building] INFO  o.e.m.c.i.e.AbstractTransferListenerAdapter - Downloaded https://repo.maven.apache.org/maven2/org/mapstruct/mapstruct/1.0.0.Final/mapstruct-1.0.0.Final.pom
2026-01-30 15:40:19,926 [Worker-39: Building] INFO  o.e.m.c.i.e.AbstractTransferListenerAdapter - Downloading https://repo.maven.apache.org/maven2/org/mapstruct/mapstruct-parent/1.0.0.Final/mapstruct-parent-1.0.0.Final.pom
2026-01-30 15:40:19,998 [Worker-39: Building] INFO  o.e.m.c.i.e.AbstractTransferListenerAdapter - Downloaded https://repo.maven.apache.org/maven2/org/mapstruct/mapstruct-parent/1.0.0.Final/mapstruct-parent-1.0.0.Final.pom
2026-01-30 15:40:20,142 [Worker-39: Building] INFO  o.e.m.c.i.e.AbstractTransferListenerAdapter - Downloading https://repo.maven.apache.org/maven2/org/jboss/arquillian/arquillian-bom/1.0.2.Final/arquillian-bom-1.0.2.Final.pom
2026-01-30 15:40:20,203 [Worker-39: Building] INFO  o.e.m.c.i.e.AbstractTransferListenerAdapter - Downloaded https://repo.maven.apache.org/maven2/org/jboss/arquillian/arquillian-bom/1.0.2.Final/arquillian-bom-1.0.2.Final.pom
2026-01-30 15:40:20,321 [Worker-39: Building] INFO  o.e.m.c.i.e.AbstractTransferListenerAdapter - Downloading https://repo.maven.apache.org/maven2/org/jboss/shrinkwrap/shrinkwrap-bom/1.0.1/shrinkwrap-bom-1.0.1.pom
2026-01-30 15:40:20,375 [Worker-39: Building] INFO  o.e.m.c.i.e.AbstractTransferListenerAdapter - Downloaded https://repo.maven.apache.org/maven2/org/jboss/shrinkwrap/shrinkwrap-bom/1.0.1/shrinkwrap-bom-1.0.1.pom
2026-01-30 15:40:20,447 [Worker-39: Building] INFO  o.e.m.c.i.e.AbstractTransferListenerAdapter - Downloading https://repo.maven.apache.org/maven2/org/jboss/shrinkwrap/resolver/shrinkwrap-resolver-bom/1.0.0-beta-7/shrinkwrap-resolver-bom-1.0.0-beta-7.pom
2026-01-30 15:40:20,487 [Worker-39: Building] INFO  o.e.m.c.i.e.AbstractTransferListenerAdapter - Downloaded https://repo.maven.apache.org/maven2/org/jboss/shrinkwrap/resolver/shrinkwrap-resolver-bom/1.0.0-beta-7/shrinkwrap-resolver-bom-1.0.0-beta-7.pom
2026-01-30 15:40:20,556 [Worker-39: Building] INFO  o.e.m.c.i.e.AbstractTransferListenerAdapter - Downloading https://repo.maven.apache.org/maven2/org/jboss/shrinkwrap/descriptors/shrinkwrap-descriptors-bom/2.0.0-alpha-3/shrinkwrap-descriptors-bom-2.0.0-alpha-3.pom
2026-01-30 15:40:20,605 [Worker-39: Building] INFO  o.e.m.c.i.e.AbstractTransferListenerAdapter - Downloaded https://repo.maven.apache.org/maven2/org/jboss/shrinkwrap/descriptors/shrinkwrap-descriptors-bom/2.0.0-alpha-3/shrinkwrap-descriptors-bom-2.0.0-alpha-3.pom
2026-01-30 15:40:20,663 [Worker-39: Building] INFO  o.e.m.c.i.e.AbstractTransferListenerAdapter - Downloading https://repo.maven.apache.org/maven2/io/springfox/springfox-swagger-ui/2.6.1/springfox-swagger-ui-2.6.1.pom
2026-01-30 15:40:20,705 [Worker-39: Building] INFO  o.e.m.c.i.e.AbstractTransferListenerAdapter - Downloaded https://repo.maven.apache.org/maven2/io/springfox/springfox-swagger-ui/2.6.1/springfox-swagger-ui-2.6.1.pom
2026-01-30 15:40:21,995 [Worker-39: Building] INFO  o.e.m.c.i.e.AbstractTransferListenerAdapter - Downloading https://repo.maven.apache.org/maven2/io/springfox/springfox-swagger2/2.6.1/springfox-swagger2-2.6.1.jar
2026-01-30 15:40:22,103 [Worker-39: Building] INFO  o.e.m.c.i.e.AbstractTransferListenerAdapter - Downloaded https://repo.maven.apache.org/maven2/io/springfox/springfox-swagger2/2.6.1/springfox-swagger2-2.6.1.jar
2026-01-30 15:40:22,170 [BasicRepositoryConnector-repo.maven.apache.org-0-0] INFO  o.e.m.c.i.e.AbstractTransferListenerAdapter - Downloading https://repo.maven.apache.org/maven2/io/swagger/swagger-annotations/1.5.10/swagger-annotations-1.5.10.jar
2026-01-30 15:40:22,349 [BasicRepositoryConnector-repo.maven.apache.org-0-1] INFO  o.e.m.c.i.e.AbstractTransferListenerAdapter - Downloading https://repo.maven.apache.org/maven2/io/swagger/swagger-models/1.5.10/swagger-models-1.5.10.jar
2026-01-30 15:40:22,434 [BasicRepositoryConnector-repo.maven.apache.org-0-4] INFO  o.e.m.c.i.e.AbstractTransferListenerAdapter - Downloading https://repo.maven.apache.org/maven2/io/springfox/springfox-schema/2.6.1/springfox-schema-2.6.1.jar
2026-01-30 15:40:22,461 [BasicRepositoryConnector-repo.maven.apache.org-0-3] INFO  o.e.m.c.i.e.AbstractTransferListenerAdapter - Downloading https://repo.maven.apache.org/maven2/io/springfox/springfox-core/2.6.1/springfox-core-2.6.1.jar
2026-01-30 15:40:22,489 [BasicRepositoryConnector-repo.maven.apache.org-0-2] INFO  o.e.m.c.i.e.AbstractTransferListenerAdapter - Downloading https://repo.maven.apache.org/maven2/io/springfox/springfox-spi/2.6.1/springfox-spi-2.6.1.jar
2026-01-30 15:40:22,631 [BasicRepositoryConnector-repo.maven.apache.org-0-4] INFO  o.e.m.c.i.e.AbstractTransferListenerAdapter - Downloaded https://repo.maven.apache.org/maven2/io/springfox/springfox-schema/2.6.1/springfox-schema-2.6.1.jar
2026-01-30 15:40:22,743 [BasicRepositoryConnector-repo.maven.apache.org-0-3] INFO  o.e.m.c.i.e.AbstractTransferListenerAdapter - Downloaded https://repo.maven.apache.org/maven2/io/springfox/springfox-core/2.6.1/springfox-core-2.6.1.jar
2026-01-30 15:40:22,783 [BasicRepositoryConnector-repo.maven.apache.org-0-4] INFO  o.e.m.c.i.e.AbstractTransferListenerAdapter - Downloading https://repo.maven.apache.org/maven2/io/springfox/springfox-swagger-common/2.6.1/springfox-swagger-common-2.6.1.jar
2026-01-30 15:40:22,813 [BasicRepositoryConnector-repo.maven.apache.org-0-1] INFO  o.e.m.c.i.e.AbstractTransferListenerAdapter - Downloaded https://repo.maven.apache.org/maven2/io/swagger/swagger-models/1.5.10/swagger-models-1.5.10.jar
2026-01-30 15:40:22,837 [BasicRepositoryConnector-repo.maven.apache.org-0-3] INFO  o.e.m.c.i.e.AbstractTransferListenerAdapter - Downloading https://repo.maven.apache.org/maven2/io/springfox/springfox-spring-web/2.6.1/springfox-spring-web-2.6.1.jar
2026-01-30 15:40:22,902 [BasicRepositoryConnector-repo.maven.apache.org-0-1] INFO  o.e.m.c.i.e.AbstractTransferListenerAdapter - Downloading https://repo.maven.apache.org/maven2/com/google/guava/guava/18.0/guava-18.0.jar
2026-01-30 15:40:22,995 [BasicRepositoryConnector-repo.maven.apache.org-0-4] INFO  o.e.m.c.i.e.AbstractTransferListenerAdapter - Downloaded https://repo.maven.apache.org/maven2/io/springfox/springfox-swagger-common/2.6.1/springfox-swagger-common-2.6.1.jar
2026-01-30 15:40:23,208 [BasicRepositoryConnector-repo.maven.apache.org-0-3] INFO  o.e.m.c.i.e.AbstractTransferListenerAdapter - Downloaded https://repo.maven.apache.org/maven2/io/springfox/springfox-spring-web/2.6.1/springfox-spring-web-2.6.1.jar
2026-01-30 15:40:23,235 [BasicRepositoryConnector-repo.maven.apache.org-0-4] INFO  o.e.m.c.i.e.AbstractTransferListenerAdapter - Downloading https://repo.maven.apache.org/maven2/org/springframework/plugin/spring-plugin-core/1.2.0.RELEASE/spring-plugin-core-1.2.0.RELEASE.jar
2026-01-30 15:40:23,455 [BasicRepositoryConnector-repo.maven.apache.org-0-3] INFO  o.e.m.c.i.e.AbstractTransferListenerAdapter - Downloading https://repo.maven.apache.org/maven2/org/springframework/plugin/spring-plugin-metadata/1.2.0.RELEASE/spring-plugin-metadata-1.2.0.RELEASE.jar
2026-01-30 15:40:23,874 [BasicRepositoryConnector-repo.maven.apache.org-0-3] INFO  o.e.m.c.i.e.AbstractTransferListenerAdapter - Downloaded https://repo.maven.apache.org/maven2/org/springframework/plugin/spring-plugin-metadata/1.2.0.RELEASE/spring-plugin-metadata-1.2.0.RELEASE.jar
2026-01-30 15:40:23,966 [BasicRepositoryConnector-repo.maven.apache.org-0-0] INFO  o.e.m.c.i.e.AbstractTransferListenerAdapter - Downloaded https://repo.maven.apache.org/maven2/io/swagger/swagger-annotations/1.5.10/swagger-annotations-1.5.10.jar
2026-01-30 15:40:24,156 [BasicRepositoryConnector-repo.maven.apache.org-0-4] INFO  o.e.m.c.i.e.AbstractTransferListenerAdapter - Downloaded https://repo.maven.apache.org/maven2/org/springframework/plugin/spring-plugin-core/1.2.0.RELEASE/spring-plugin-core-1.2.0.RELEASE.jar
2026-01-30 15:40:24,200 [BasicRepositoryConnector-repo.maven.apache.org-0-2] INFO  o.e.m.c.i.e.AbstractTransferListenerAdapter - Downloaded https://repo.maven.apache.org/maven2/io/springfox/springfox-spi/2.6.1/springfox-spi-2.6.1.jar
2026-01-30 15:40:24,401 [BasicRepositoryConnector-repo.maven.apache.org-0-3] INFO  o.e.m.c.i.e.AbstractTransferListenerAdapter - Downloading https://repo.maven.apache.org/maven2/org/mapstruct/mapstruct/1.0.0.Final/mapstruct-1.0.0.Final.jar
2026-01-30 15:40:24,524 [BasicRepositoryConnector-repo.maven.apache.org-0-0] INFO  o.e.m.c.i.e.AbstractTransferListenerAdapter - Downloading https://repo.maven.apache.org/maven2/io/springfox/springfox-swagger-ui/2.6.1/springfox-swagger-ui-2.6.1.jar
2026-01-30 15:40:25,207 [BasicRepositoryConnector-repo.maven.apache.org-0-3] INFO  o.e.m.c.i.e.AbstractTransferListenerAdapter - Downloaded https://repo.maven.apache.org/maven2/org/mapstruct/mapstruct/1.0.0.Final/mapstruct-1.0.0.Final.jar
2026-01-30 15:40:25,552 [BasicRepositoryConnector-repo.maven.apache.org-0-0] INFO  o.e.m.c.i.e.AbstractTransferListenerAdapter - Downloaded https://repo.maven.apache.org/maven2/io/springfox/springfox-swagger-ui/2.6.1/springfox-swagger-ui-2.6.1.jar
2026-01-30 15:40:27,313 [BasicRepositoryConnector-repo.maven.apache.org-0-1] INFO  o.e.m.c.i.e.AbstractTransferListenerAdapter - Downloaded https://repo.maven.apache.org/maven2/com/google/guava/guava/18.0/guava-18.0.jar
2026-01-30 15:40:34,983 [Worker-39: Building] INFO  o.a.m.s.f.DefaultMavenResourcesFiltering - Copying 0 resource from src\main\resources to target\classes
2026-01-30 15:40:34,984 [Worker-39: Building] INFO  o.a.m.s.f.DefaultMavenResourcesFiltering - Copying 0 resource from src\main\resources to target\classes
2026-01-30 15:40:34,992 [Worker-39: Building] INFO  o.a.m.s.f.DefaultMavenResourcesFiltering - Copying 0 resource from src\test\resources to target\test-classes
2026-01-30 15:40:35,090 [Worker-47: Download sources and javadoc] INFO  o.e.m.c.i.e.AbstractTransferListenerAdapter - Downloading https://repo.maven.apache.org/maven2/io/springfox/springfox-swagger2/2.6.1/springfox-swagger2-2.6.1-sources.jar
2026-01-30 15:40:37,107 [Worker-47: Download sources and javadoc] INFO  o.e.m.c.i.e.AbstractTransferListenerAdapter - Downloaded https://repo.maven.apache.org/maven2/io/springfox/springfox-swagger2/2.6.1/springfox-swagger2-2.6.1-sources.jar
2026-01-30 15:40:37,118 [Worker-47: Download sources and javadoc] INFO  o.e.m.j.internal.DownloadSourcesJob - Downloaded sources for io.springfox:springfox-swagger2:2.6.1
2026-01-30 15:40:37,253 [Worker-47: Download sources and javadoc] INFO  o.e.m.c.i.e.AbstractTransferListenerAdapter - Downloading https://repo.maven.apache.org/maven2/io/swagger/swagger-annotations/1.5.10/swagger-annotations-1.5.10-sources.jar
2026-01-30 15:40:38,577 [Worker-47: Download sources and javadoc] INFO  o.e.m.c.i.e.AbstractTransferListenerAdapter - Downloaded https://repo.maven.apache.org/maven2/io/swagger/swagger-annotations/1.5.10/swagger-annotations-1.5.10-sources.jar
2026-01-30 15:40:38,587 [Worker-47: Download sources and javadoc] INFO  o.e.m.j.internal.DownloadSourcesJob - Downloaded sources for io.swagger:swagger-annotations:1.5.10
2026-01-30 15:40:38,759 [Worker-47: Download sources and javadoc] INFO  o.e.m.c.i.e.AbstractTransferListenerAdapter - Downloading https://repo.maven.apache.org/maven2/io/swagger/swagger-models/1.5.10/swagger-models-1.5.10-sources.jar
2026-01-30 15:40:38,906 [Worker-47: Download sources and javadoc] INFO  o.e.m.c.i.e.AbstractTransferListenerAdapter - Downloaded https://repo.maven.apache.org/maven2/io/swagger/swagger-models/1.5.10/swagger-models-1.5.10-sources.jar
2026-01-30 15:40:38,918 [Worker-47: Download sources and javadoc] INFO  o.e.m.j.internal.DownloadSourcesJob - Downloaded sources for io.swagger:swagger-models:1.5.10
2026-01-30 15:40:40,185 [Worker-47: Download sources and javadoc] INFO  o.e.m.c.i.e.AbstractTransferListenerAdapter - Downloading https://repo.maven.apache.org/maven2/io/springfox/springfox-spi/2.6.1/springfox-spi-2.6.1-sources.jar
2026-01-30 15:40:41,632 [Worker-47: Download sources and javadoc] INFO  o.e.m.c.i.e.AbstractTransferListenerAdapter - Downloaded https://repo.maven.apache.org/maven2/io/springfox/springfox-spi/2.6.1/springfox-spi-2.6.1-sources.jar
2026-01-30 15:40:41,639 [Worker-47: Download sources and javadoc] INFO  o.e.m.j.internal.DownloadSourcesJob - Downloaded sources for io.springfox:springfox-spi:2.6.1
2026-01-30 15:40:41,822 [Worker-47: Download sources and javadoc] INFO  o.e.m.c.i.e.AbstractTransferListenerAdapter - Downloading https://repo.maven.apache.org/maven2/io/springfox/springfox-core/2.6.1/springfox-core-2.6.1-sources.jar
2026-01-30 15:40:41,986 [Worker-47: Download sources and javadoc] INFO  o.e.m.c.i.e.AbstractTransferListenerAdapter - Downloaded https://repo.maven.apache.org/maven2/io/springfox/springfox-core/2.6.1/springfox-core-2.6.1-sources.jar
2026-01-30 15:40:41,994 [Worker-47: Download sources and javadoc] INFO  o.e.m.j.internal.DownloadSourcesJob - Downloaded sources for io.springfox:springfox-core:2.6.1
2026-01-30 15:40:42,146 [Worker-47: Download sources and javadoc] INFO  o.e.m.c.i.e.AbstractTransferListenerAdapter - Downloading https://repo.maven.apache.org/maven2/io/springfox/springfox-schema/2.6.1/springfox-schema-2.6.1-sources.jar
2026-01-30 15:40:44,256 [Worker-47: Download sources and javadoc] INFO  o.e.m.c.i.e.AbstractTransferListenerAdapter - Downloaded https://repo.maven.apache.org/maven2/io/springfox/springfox-schema/2.6.1/springfox-schema-2.6.1-sources.jar
2026-01-30 15:40:44,264 [Worker-47: Download sources and javadoc] INFO  o.e.m.j.internal.DownloadSourcesJob - Downloaded sources for io.springfox:springfox-schema:2.6.1
2026-01-30 15:40:44,608 [Worker-47: Download sources and javadoc] INFO  o.e.m.c.i.e.AbstractTransferListenerAdapter - Downloading https://repo.maven.apache.org/maven2/io/springfox/springfox-swagger-common/2.6.1/springfox-swagger-common-2.6.1-sources.jar
2026-01-30 15:40:44,703 [Worker-52: Building] INFO  o.a.m.s.f.DefaultMavenResourcesFiltering - Copying 1 resource from src\main\resources to target\classes
2026-01-30 15:40:44,740 [Worker-52: Building] INFO  o.a.m.s.f.DefaultMavenResourcesFiltering - Copying 0 resource from src\main\resources to target\classes
2026-01-30 15:40:44,744 [Worker-52: Building] INFO  o.a.m.s.f.DefaultMavenResourcesFiltering - Copying 0 resource from src\test\resources to target\test-classes
2026-01-30 15:40:45,931 [Worker-47: Download sources and javadoc] INFO  o.e.m.c.i.e.AbstractTransferListenerAdapter - Downloaded https://repo.maven.apache.org/maven2/io/springfox/springfox-swagger-common/2.6.1/springfox-swagger-common-2.6.1-sources.jar
2026-01-30 15:40:45,937 [Worker-47: Download sources and javadoc] INFO  o.e.m.j.internal.DownloadSourcesJob - Downloaded sources for io.springfox:springfox-swagger-common:2.6.1
2026-01-30 15:40:46,076 [Worker-47: Download sources and javadoc] INFO  o.e.m.c.i.e.AbstractTransferListenerAdapter - Downloading https://repo.maven.apache.org/maven2/io/springfox/springfox-spring-web/2.6.1/springfox-spring-web-2.6.1-sources.jar
2026-01-30 15:40:46,209 [Worker-47: Download sources and javadoc] INFO  o.e.m.c.i.e.AbstractTransferListenerAdapter - Downloaded https://repo.maven.apache.org/maven2/io/springfox/springfox-spring-web/2.6.1/springfox-spring-web-2.6.1-sources.jar
2026-01-30 15:40:46,221 [Worker-47: Download sources and javadoc] INFO  o.e.m.j.internal.DownloadSourcesJob - Downloaded sources for io.springfox:springfox-spring-web:2.6.1
2026-01-30 15:40:46,378 [Worker-47: Download sources and javadoc] INFO  o.e.m.c.i.e.AbstractTransferListenerAdapter - Downloading https://repo.maven.apache.org/maven2/com/google/guava/guava/18.0/guava-18.0-sources.jar
2026-01-30 15:40:47,418 [Worker-47: Download sources and javadoc] INFO  o.e.m.c.i.e.AbstractTransferListenerAdapter - Downloaded https://repo.maven.apache.org/maven2/com/google/guava/guava/18.0/guava-18.0-sources.jar
2026-01-30 15:40:47,424 [Worker-47: Download sources and javadoc] INFO  o.e.m.j.internal.DownloadSourcesJob - Downloaded sources for com.google.guava:guava:18.0
2026-01-30 15:40:47,545 [Worker-47: Download sources and javadoc] INFO  o.e.m.c.i.e.AbstractTransferListenerAdapter - Downloading https://repo.maven.apache.org/maven2/org/springframework/plugin/spring-plugin-core/1.2.0.RELEASE/spring-plugin-core-1.2.0.RELEASE-sources.jar
2026-01-30 15:40:48,161 [Worker-47: Download sources and javadoc] INFO  o.e.m.c.i.e.AbstractTransferListenerAdapter - Downloaded https://repo.maven.apache.org/maven2/org/springframework/plugin/spring-plugin-core/1.2.0.RELEASE/spring-plugin-core-1.2.0.RELEASE-sources.jar
2026-01-30 15:40:48,167 [Worker-47: Download sources and javadoc] INFO  o.e.m.j.internal.DownloadSourcesJob - Downloaded sources for org.springframework.plugin:spring-plugin-core:1.2.0.RELEASE
2026-01-30 15:40:48,297 [Worker-47: Download sources and javadoc] INFO  o.e.m.c.i.e.AbstractTransferListenerAdapter - Downloading https://repo.maven.apache.org/maven2/org/springframework/plugin/spring-plugin-metadata/1.2.0.RELEASE/spring-plugin-metadata-1.2.0.RELEASE-sources.jar
2026-01-30 15:40:48,412 [Worker-47: Download sources and javadoc] INFO  o.e.m.c.i.e.AbstractTransferListenerAdapter - Downloaded https://repo.maven.apache.org/maven2/org/springframework/plugin/spring-plugin-metadata/1.2.0.RELEASE/spring-plugin-metadata-1.2.0.RELEASE-sources.jar
2026-01-30 15:40:48,447 [Worker-47: Download sources and javadoc] INFO  o.e.m.j.internal.DownloadSourcesJob - Downloaded sources for org.springframework.plugin:spring-plugin-metadata:1.2.0.RELEASE
2026-01-30 15:40:48,577 [Worker-47: Download sources and javadoc] INFO  o.e.m.c.i.e.AbstractTransferListenerAdapter - Downloading https://repo.maven.apache.org/maven2/org/mapstruct/mapstruct/1.0.0.Final/mapstruct-1.0.0.Final-sources.jar
2026-01-30 15:40:49,277 [Worker-47: Download sources and javadoc] INFO  o.e.m.c.i.e.AbstractTransferListenerAdapter - Downloaded https://repo.maven.apache.org/maven2/org/mapstruct/mapstruct/1.0.0.Final/mapstruct-1.0.0.Final-sources.jar
2026-01-30 15:40:49,284 [Worker-47: Download sources and javadoc] INFO  o.e.m.j.internal.DownloadSourcesJob - Downloaded sources for org.mapstruct:mapstruct:1.0.0.Final
2026-01-30 15:40:49,576 [Worker-47: Download sources and javadoc] INFO  o.e.m.c.i.e.AbstractTransferListenerAdapter - Downloading https://repo.maven.apache.org/maven2/io/springfox/springfox-swagger-ui/2.6.1/springfox-swagger-ui-2.6.1-sources.jar
2026-01-30 15:40:49,643 [Worker-47: Download sources and javadoc] INFO  o.e.m.c.i.e.AbstractTransferListenerAdapter - Downloaded https://repo.maven.apache.org/maven2/io/springfox/springfox-swagger-ui/2.6.1/springfox-swagger-ui-2.6.1-sources.jar
2026-01-30 15:40:49,649 [Worker-47: Download sources and javadoc] INFO  o.e.m.j.internal.DownloadSourcesJob - Downloaded sources for io.springfox:springfox-swagger-ui:2.6.1
2026-01-30 15:41:52,679 [Worker-17: Building] INFO  o.a.m.s.f.DefaultMavenResourcesFiltering - Copying 1 resource from src\main\resources to target\classes
2026-01-30 15:41:52,704 [Worker-17: Building] INFO  o.a.m.s.f.DefaultMavenResourcesFiltering - Copying 0 resource from src\main\resources to target\classes
2026-01-30 15:41:52,713 [Worker-17: Building] INFO  o.a.m.s.f.DefaultMavenResourcesFiltering - Copying 0 resource from src\test\resources to target\test-classes
2026-01-30 15:42:02,484 [Worker-36: Building] INFO  o.a.m.s.f.DefaultMavenResourcesFiltering - Copying 1 resource from src\main\resources to target\classes
2026-01-30 15:42:02,491 [Worker-36: Building] INFO  o.a.m.s.f.DefaultMavenResourcesFiltering - Copying 0 resource from src\main\resources to target\classes
2026-01-30 15:42:02,494 [Worker-36: Building] INFO  o.a.m.s.f.DefaultMavenResourcesFiltering - Copying 0 resource from src\test\resources to target\test-classes
2026-01-30 15:43:59,049 [Worker-58: Building] INFO  o.e.m.c.i.l.LifecycleMappingFactory - Using org.eclipse.m2e.jdt.JarLifecycleMapping lifecycle mapping for MavenProject: com.example:SbCms:0.0.1-SNAPSHOT @ D:\Mphasis\sb\SbCms\pom.xml.
2026-01-30 15:43:59,498 [Worker-58: Building] INFO  o.e.m.c.i.e.AbstractTransferListenerAdapter - Downloading https://repo.maven.apache.org/maven2/org/springdoc/springdoc-openapi-starter-webmvc-ui/2.5.0/springdoc-openapi-starter-webmvc-ui-2.5.0.pom
2026-01-30 15:43:59,533 [Worker-58: Building] INFO  o.e.m.c.i.e.AbstractTransferListenerAdapter - Downloaded https://repo.maven.apache.org/maven2/org/springdoc/springdoc-openapi-starter-webmvc-ui/2.5.0/springdoc-openapi-starter-webmvc-ui-2.5.0.pom
2026-01-30 15:43:59,609 [Worker-58: Building] INFO  o.e.m.c.i.e.AbstractTransferListenerAdapter - Downloading https://repo.maven.apache.org/maven2/org/springdoc/springdoc-openapi/2.5.0/springdoc-openapi-2.5.0.pom
2026-01-30 15:43:59,655 [Worker-58: Building] INFO  o.e.m.c.i.e.AbstractTransferListenerAdapter - Downloaded https://repo.maven.apache.org/maven2/org/springdoc/springdoc-openapi/2.5.0/springdoc-openapi-2.5.0.pom
2026-01-30 15:43:59,739 [Worker-58: Building] INFO  o.e.m.c.i.e.AbstractTransferListenerAdapter - Downloading https://repo.maven.apache.org/maven2/org/springframework/boot/spring-boot-starter-parent/3.2.4/spring-boot-starter-parent-3.2.4.pom
2026-01-30 15:43:59,778 [Worker-58: Building] INFO  o.e.m.c.i.e.AbstractTransferListenerAdapter - Downloaded https://repo.maven.apache.org/maven2/org/springframework/boot/spring-boot-starter-parent/3.2.4/spring-boot-starter-parent-3.2.4.pom
2026-01-30 15:43:59,867 [Worker-58: Building] INFO  o.e.m.c.i.e.AbstractTransferListenerAdapter - Downloading https://repo.maven.apache.org/maven2/org/springframework/boot/spring-boot-dependencies/3.2.4/spring-boot-dependencies-3.2.4.pom
2026-01-30 15:43:59,930 [Worker-58: Building] INFO  o.e.m.c.i.e.AbstractTransferListenerAdapter - Downloaded https://repo.maven.apache.org/maven2/org/springframework/boot/spring-boot-dependencies/3.2.4/spring-boot-dependencies-3.2.4.pom
2026-01-30 15:44:00,035 [Worker-58: Building] INFO  o.e.m.c.i.e.AbstractTransferListenerAdapter - Downloading https://repo.maven.apache.org/maven2/io/dropwizard/metrics/metrics-bom/4.2.25/metrics-bom-4.2.25.pom
2026-01-30 15:44:00,072 [Worker-58: Building] INFO  o.e.m.c.i.e.AbstractTransferListenerAdapter - Downloaded https://repo.maven.apache.org/maven2/io/dropwizard/metrics/metrics-bom/4.2.25/metrics-bom-4.2.25.pom
2026-01-30 15:44:00,153 [Worker-58: Building] INFO  o.e.m.c.i.e.AbstractTransferListenerAdapter - Downloading https://repo.maven.apache.org/maven2/io/dropwizard/metrics/metrics-parent/4.2.25/metrics-parent-4.2.25.pom
2026-01-30 15:44:00,198 [Worker-58: Building] INFO  o.e.m.c.i.e.AbstractTransferListenerAdapter - Downloaded https://repo.maven.apache.org/maven2/io/dropwizard/metrics/metrics-parent/4.2.25/metrics-parent-4.2.25.pom
2026-01-30 15:44:00,284 [Worker-58: Building] INFO  o.e.m.c.i.e.AbstractTransferListenerAdapter - Downloading https://repo.maven.apache.org/maven2/org/apache/groovy/groovy-bom/4.0.20/groovy-bom-4.0.20.pom
2026-01-30 15:44:00,327 [Worker-58: Building] INFO  o.e.m.c.i.e.AbstractTransferListenerAdapter - Downloaded https://repo.maven.apache.org/maven2/org/apache/groovy/groovy-bom/4.0.20/groovy-bom-4.0.20.pom
2026-01-30 15:44:00,408 [Worker-58: Building] INFO  o.e.m.c.i.e.AbstractTransferListenerAdapter - Downloading https://repo.maven.apache.org/maven2/org/infinispan/infinispan-bom/14.0.27.Final/infinispan-bom-14.0.27.Final.pom
2026-01-30 15:44:00,443 [Worker-58: Building] INFO  o.e.m.c.i.e.AbstractTransferListenerAdapter - Downloaded https://repo.maven.apache.org/maven2/org/infinispan/infinispan-bom/14.0.27.Final/infinispan-bom-14.0.27.Final.pom
2026-01-30 15:44:00,521 [Worker-58: Building] INFO  o.e.m.c.i.e.AbstractTransferListenerAdapter - Downloading https://repo.maven.apache.org/maven2/org/infinispan/infinispan-build-configuration-parent/14.0.27.Final/infinispan-build-configuration-parent-14.0.27.Final.pom
2026-01-30 15:44:00,571 [Worker-58: Building] INFO  o.e.m.c.i.e.AbstractTransferListenerAdapter - Downloaded https://repo.maven.apache.org/maven2/org/infinispan/infinispan-build-configuration-parent/14.0.27.Final/infinispan-build-configuration-parent-14.0.27.Final.pom
2026-01-30 15:44:00,656 [Worker-58: Building] INFO  o.e.m.c.i.e.AbstractTransferListenerAdapter - Downloading https://repo.maven.apache.org/maven2/org/glassfish/jersey/jersey-bom/3.1.5/jersey-bom-3.1.5.pom
2026-01-30 15:44:00,687 [Worker-58: Building] INFO  o.e.m.c.i.e.AbstractTransferListenerAdapter - Downloaded https://repo.maven.apache.org/maven2/org/glassfish/jersey/jersey-bom/3.1.5/jersey-bom-3.1.5.pom
2026-01-30 15:44:00,767 [Worker-58: Building] INFO  o.e.m.c.i.e.AbstractTransferListenerAdapter - Downloading https://repo.maven.apache.org/maven2/org/eclipse/jetty/ee10/jetty-ee10-bom/12.0.7/jetty-ee10-bom-12.0.7.pom
2026-01-30 15:44:00,816 [Worker-58: Building] INFO  o.e.m.c.i.e.AbstractTransferListenerAdapter - Downloaded https://repo.maven.apache.org/maven2/org/eclipse/jetty/ee10/jetty-ee10-bom/12.0.7/jetty-ee10-bom-12.0.7.pom
2026-01-30 15:44:00,900 [Worker-58: Building] INFO  o.e.m.c.i.e.AbstractTransferListenerAdapter - Downloading https://repo.maven.apache.org/maven2/org/eclipse/jetty/jetty-bom/12.0.7/jetty-bom-12.0.7.pom
2026-01-30 15:44:00,953 [Worker-58: Building] INFO  o.e.m.c.i.e.AbstractTransferListenerAdapter - Downloaded https://repo.maven.apache.org/maven2/org/eclipse/jetty/jetty-bom/12.0.7/jetty-bom-12.0.7.pom
2026-01-30 15:44:01,042 [Worker-58: Building] INFO  o.e.m.c.i.e.AbstractTransferListenerAdapter - Downloading https://repo.maven.apache.org/maven2/org/jetbrains/kotlin/kotlin-bom/1.9.23/kotlin-bom-1.9.23.pom
2026-01-30 15:44:01,073 [Worker-58: Building] INFO  o.e.m.c.i.e.AbstractTransferListenerAdapter - Downloaded https://repo.maven.apache.org/maven2/org/jetbrains/kotlin/kotlin-bom/1.9.23/kotlin-bom-1.9.23.pom
2026-01-30 15:44:01,161 [Worker-58: Building] INFO  o.e.m.c.i.e.AbstractTransferListenerAdapter - Downloading https://repo.maven.apache.org/maven2/io/micrometer/micrometer-bom/1.12.4/micrometer-bom-1.12.4.pom
2026-01-30 15:44:01,197 [Worker-58: Building] INFO  o.e.m.c.i.e.AbstractTransferListenerAdapter - Downloaded https://repo.maven.apache.org/maven2/io/micrometer/micrometer-bom/1.12.4/micrometer-bom-1.12.4.pom
2026-01-30 15:44:01,251 [Worker-58: Building] INFO  o.e.m.c.i.e.AbstractTransferListenerAdapter - Downloading https://repo.maven.apache.org/maven2/io/micrometer/micrometer-tracing-bom/1.2.4/micrometer-tracing-bom-1.2.4.pom
2026-01-30 15:44:01,286 [Worker-58: Building] INFO  o.e.m.c.i.e.AbstractTransferListenerAdapter - Downloaded https://repo.maven.apache.org/maven2/io/micrometer/micrometer-tracing-bom/1.2.4/micrometer-tracing-bom-1.2.4.pom
2026-01-30 15:44:01,379 [Worker-58: Building] INFO  o.e.m.c.i.e.AbstractTransferListenerAdapter - Downloading https://repo.maven.apache.org/maven2/io/projectreactor/reactor-bom/2023.0.4/reactor-bom-2023.0.4.pom
2026-01-30 15:44:01,417 [Worker-58: Building] INFO  o.e.m.c.i.e.AbstractTransferListenerAdapter - Downloaded https://repo.maven.apache.org/maven2/io/projectreactor/reactor-bom/2023.0.4/reactor-bom-2023.0.4.pom
2026-01-30 15:44:01,478 [Worker-58: Building] INFO  o.e.m.c.i.e.AbstractTransferListenerAdapter - Downloading https://repo.maven.apache.org/maven2/org/springframework/amqp/spring-amqp-bom/3.1.3/spring-amqp-bom-3.1.3.pom
2026-01-30 15:44:01,512 [Worker-58: Building] INFO  o.e.m.c.i.e.AbstractTransferListenerAdapter - Downloaded https://repo.maven.apache.org/maven2/org/springframework/amqp/spring-amqp-bom/3.1.3/spring-amqp-bom-3.1.3.pom
2026-01-30 15:44:01,583 [Worker-58: Building] INFO  o.e.m.c.i.e.AbstractTransferListenerAdapter - Downloading https://repo.maven.apache.org/maven2/org/springframework/batch/spring-batch-bom/5.1.1/spring-batch-bom-5.1.1.pom
2026-01-30 15:44:01,615 [Worker-58: Building] INFO  o.e.m.c.i.e.AbstractTransferListenerAdapter - Downloaded https://repo.maven.apache.org/maven2/org/springframework/batch/spring-batch-bom/5.1.1/spring-batch-bom-5.1.1.pom
2026-01-30 15:44:01,690 [Worker-58: Building] INFO  o.e.m.c.i.e.AbstractTransferListenerAdapter - Downloading https://repo.maven.apache.org/maven2/org/springframework/data/spring-data-bom/2023.1.4/spring-data-bom-2023.1.4.pom
2026-01-30 15:44:01,723 [Worker-58: Building] INFO  o.e.m.c.i.e.AbstractTransferListenerAdapter - Downloaded https://repo.maven.apache.org/maven2/org/springframework/data/spring-data-bom/2023.1.4/spring-data-bom-2023.1.4.pom
2026-01-30 15:44:01,775 [Worker-58: Building] INFO  o.e.m.c.i.e.AbstractTransferListenerAdapter - Downloading https://repo.maven.apache.org/maven2/org/springframework/spring-framework-bom/6.1.5/spring-framework-bom-6.1.5.pom
2026-01-30 15:44:01,805 [Worker-58: Building] INFO  o.e.m.c.i.e.AbstractTransferListenerAdapter - Downloaded https://repo.maven.apache.org/maven2/org/springframework/spring-framework-bom/6.1.5/spring-framework-bom-6.1.5.pom
2026-01-30 15:44:01,867 [Worker-58: Building] INFO  o.e.m.c.i.e.AbstractTransferListenerAdapter - Downloading https://repo.maven.apache.org/maven2/org/springframework/integration/spring-integration-bom/6.2.3/spring-integration-bom-6.2.3.pom
2026-01-30 15:44:01,906 [Worker-58: Building] INFO  o.e.m.c.i.e.AbstractTransferListenerAdapter - Downloaded https://repo.maven.apache.org/maven2/org/springframework/integration/spring-integration-bom/6.2.3/spring-integration-bom-6.2.3.pom
2026-01-30 15:44:01,973 [Worker-58: Building] INFO  o.e.m.c.i.e.AbstractTransferListenerAdapter - Downloading https://repo.maven.apache.org/maven2/org/springframework/pulsar/spring-pulsar-bom/1.0.4/spring-pulsar-bom-1.0.4.pom
2026-01-30 15:44:02,010 [Worker-58: Building] INFO  o.e.m.c.i.e.AbstractTransferListenerAdapter - Downloaded https://repo.maven.apache.org/maven2/org/springframework/pulsar/spring-pulsar-bom/1.0.4/spring-pulsar-bom-1.0.4.pom
2026-01-30 15:44:02,073 [Worker-58: Building] INFO  o.e.m.c.i.e.AbstractTransferListenerAdapter - Downloading https://repo.maven.apache.org/maven2/org/springframework/security/spring-security-bom/6.2.3/spring-security-bom-6.2.3.pom
2026-01-30 15:44:02,106 [Worker-58: Building] INFO  o.e.m.c.i.e.AbstractTransferListenerAdapter - Downloaded https://repo.maven.apache.org/maven2/org/springframework/security/spring-security-bom/6.2.3/spring-security-bom-6.2.3.pom
2026-01-30 15:44:02,162 [Worker-58: Building] INFO  o.e.m.c.i.e.AbstractTransferListenerAdapter - Downloading https://repo.maven.apache.org/maven2/org/springframework/session/spring-session-bom/3.2.2/spring-session-bom-3.2.2.pom
2026-01-30 15:44:02,199 [Worker-58: Building] INFO  o.e.m.c.i.e.AbstractTransferListenerAdapter - Downloaded https://repo.maven.apache.org/maven2/org/springframework/session/spring-session-bom/3.2.2/spring-session-bom-3.2.2.pom
2026-01-30 15:44:02,258 [Worker-58: Building] INFO  o.e.m.c.i.e.AbstractTransferListenerAdapter - Downloading https://repo.maven.apache.org/maven2/org/springframework/ws/spring-ws-bom/4.0.10/spring-ws-bom-4.0.10.pom
2026-01-30 15:44:02,303 [Worker-58: Building] INFO  o.e.m.c.i.e.AbstractTransferListenerAdapter - Downloaded https://repo.maven.apache.org/maven2/org/springframework/ws/spring-ws-bom/4.0.10/spring-ws-bom-4.0.10.pom
2026-01-30 15:44:02,365 [Worker-58: Building] INFO  o.e.m.c.i.e.AbstractTransferListenerAdapter - Downloading https://repo.maven.apache.org/maven2/org/testcontainers/testcontainers-bom/1.19.7/testcontainers-bom-1.19.7.pom
2026-01-30 15:44:02,407 [Worker-58: Building] INFO  o.e.m.c.i.e.AbstractTransferListenerAdapter - Downloaded https://repo.maven.apache.org/maven2/org/testcontainers/testcontainers-bom/1.19.7/testcontainers-bom-1.19.7.pom
2026-01-30 15:44:02,500 [Worker-58: Building] INFO  o.e.m.c.i.e.AbstractTransferListenerAdapter - Downloading https://repo.maven.apache.org/maven2/org/springdoc/springdoc-openapi-starter-webmvc-api/2.5.0/springdoc-openapi-starter-webmvc-api-2.5.0.pom
2026-01-30 15:44:02,540 [Worker-58: Building] INFO  o.e.m.c.i.e.AbstractTransferListenerAdapter - Downloaded https://repo.maven.apache.org/maven2/org/springdoc/springdoc-openapi-starter-webmvc-api/2.5.0/springdoc-openapi-starter-webmvc-api-2.5.0.pom
2026-01-30 15:44:02,608 [Worker-58: Building] INFO  o.e.m.c.i.e.AbstractTransferListenerAdapter - Downloading https://repo.maven.apache.org/maven2/org/springdoc/springdoc-openapi-starter-common/2.5.0/springdoc-openapi-starter-common-2.5.0.pom
2026-01-30 15:44:02,642 [Worker-58: Building] INFO  o.e.m.c.i.e.AbstractTransferListenerAdapter - Downloaded https://repo.maven.apache.org/maven2/org/springdoc/springdoc-openapi-starter-common/2.5.0/springdoc-openapi-starter-common-2.5.0.pom
2026-01-30 15:44:02,716 [Worker-58: Building] INFO  o.e.m.c.i.e.AbstractTransferListenerAdapter - Downloading https://repo.maven.apache.org/maven2/io/swagger/core/v3/swagger-core-jakarta/2.2.21/swagger-core-jakarta-2.2.21.pom
2026-01-30 15:44:02,758 [Worker-58: Building] INFO  o.e.m.c.i.e.AbstractTransferListenerAdapter - Downloaded https://repo.maven.apache.org/maven2/io/swagger/core/v3/swagger-core-jakarta/2.2.21/swagger-core-jakarta-2.2.21.pom
2026-01-30 15:44:02,826 [Worker-58: Building] INFO  o.e.m.c.i.e.AbstractTransferListenerAdapter - Downloading https://repo.maven.apache.org/maven2/io/swagger/core/v3/swagger-project-jakarta/2.2.21/swagger-project-jakarta-2.2.21.pom
2026-01-30 15:44:02,904 [Worker-58: Building] INFO  o.e.m.c.i.e.AbstractTransferListenerAdapter - Downloaded https://repo.maven.apache.org/maven2/io/swagger/core/v3/swagger-project-jakarta/2.2.21/swagger-project-jakarta-2.2.21.pom
2026-01-30 15:44:03,032 [Worker-58: Building] INFO  o.e.m.c.i.e.AbstractTransferListenerAdapter - Downloading https://repo.maven.apache.org/maven2/io/swagger/core/v3/swagger-annotations-jakarta/2.2.21/swagger-annotations-jakarta-2.2.21.pom
2026-01-30 15:44:03,077 [Worker-58: Building] INFO  o.e.m.c.i.e.AbstractTransferListenerAdapter - Downloaded https://repo.maven.apache.org/maven2/io/swagger/core/v3/swagger-annotations-jakarta/2.2.21/swagger-annotations-jakarta-2.2.21.pom
2026-01-30 15:44:03,152 [Worker-58: Building] INFO  o.e.m.c.i.e.AbstractTransferListenerAdapter - Downloading https://repo.maven.apache.org/maven2/io/swagger/core/v3/swagger-models-jakarta/2.2.21/swagger-models-jakarta-2.2.21.pom
2026-01-30 15:44:03,193 [Worker-58: Building] INFO  o.e.m.c.i.e.AbstractTransferListenerAdapter - Downloaded https://repo.maven.apache.org/maven2/io/swagger/core/v3/swagger-models-jakarta/2.2.21/swagger-models-jakarta-2.2.21.pom
2026-01-30 15:44:03,266 [Worker-58: Building] INFO  o.e.m.c.i.e.AbstractTransferListenerAdapter - Downloading https://repo.maven.apache.org/maven2/com/fasterxml/jackson/dataformat/jackson-dataformat-yaml/2.19.4/jackson-dataformat-yaml-2.19.4.pom
2026-01-30 15:44:03,315 [Worker-58: Building] INFO  o.e.m.c.i.e.AbstractTransferListenerAdapter - Downloaded https://repo.maven.apache.org/maven2/com/fasterxml/jackson/dataformat/jackson-dataformat-yaml/2.19.4/jackson-dataformat-yaml-2.19.4.pom
2026-01-30 15:44:03,393 [Worker-58: Building] INFO  o.e.m.c.i.e.AbstractTransferListenerAdapter - Downloading https://repo.maven.apache.org/maven2/org/webjars/swagger-ui/5.13.0/swagger-ui-5.13.0.pom
2026-01-30 15:44:03,441 [Worker-58: Building] INFO  o.e.m.c.i.e.AbstractTransferListenerAdapter - Downloaded https://repo.maven.apache.org/maven2/org/webjars/swagger-ui/5.13.0/swagger-ui-5.13.0.pom
2026-01-30 15:44:03,846 [Worker-58: Building] INFO  o.e.m.c.i.e.AbstractTransferListenerAdapter - Downloading https://repo.maven.apache.org/maven2/org/springdoc/springdoc-openapi-starter-webmvc-ui/2.5.0/springdoc-openapi-starter-webmvc-ui-2.5.0.jar
2026-01-30 15:44:04,361 [Worker-58: Building] INFO  o.e.m.c.i.e.AbstractTransferListenerAdapter - Downloaded https://repo.maven.apache.org/maven2/org/springdoc/springdoc-openapi-starter-webmvc-ui/2.5.0/springdoc-openapi-starter-webmvc-ui-2.5.0.jar
2026-01-30 15:44:04,752 [BasicRepositoryConnector-repo.maven.apache.org-1-0] INFO  o.e.m.c.i.e.AbstractTransferListenerAdapter - Downloading https://repo.maven.apache.org/maven2/org/springdoc/springdoc-openapi-starter-webmvc-api/2.5.0/springdoc-openapi-starter-webmvc-api-2.5.0.jar
2026-01-30 15:44:04,962 [BasicRepositoryConnector-repo.maven.apache.org-1-1] INFO  o.e.m.c.i.e.AbstractTransferListenerAdapter - Downloading https://repo.maven.apache.org/maven2/org/springdoc/springdoc-openapi-starter-common/2.5.0/springdoc-openapi-starter-common-2.5.0.jar
2026-01-30 15:44:04,969 [BasicRepositoryConnector-repo.maven.apache.org-1-4] INFO  o.e.m.c.i.e.AbstractTransferListenerAdapter - Downloading https://repo.maven.apache.org/maven2/io/swagger/core/v3/swagger-models-jakarta/2.2.21/swagger-models-jakarta-2.2.21.jar
2026-01-30 15:44:05,037 [BasicRepositoryConnector-repo.maven.apache.org-1-3] INFO  o.e.m.c.i.e.AbstractTransferListenerAdapter - Downloading https://repo.maven.apache.org/maven2/io/swagger/core/v3/swagger-annotations-jakarta/2.2.21/swagger-annotations-jakarta-2.2.21.jar
2026-01-30 15:44:05,055 [BasicRepositoryConnector-repo.maven.apache.org-1-2] INFO  o.e.m.c.i.e.AbstractTransferListenerAdapter - Downloading https://repo.maven.apache.org/maven2/io/swagger/core/v3/swagger-core-jakarta/2.2.21/swagger-core-jakarta-2.2.21.jar
2026-01-30 15:44:05,489 [BasicRepositoryConnector-repo.maven.apache.org-1-0] INFO  o.e.m.c.i.e.AbstractTransferListenerAdapter - Downloaded https://repo.maven.apache.org/maven2/org/springdoc/springdoc-openapi-starter-webmvc-api/2.5.0/springdoc-openapi-starter-webmvc-api-2.5.0.jar
2026-01-30 15:44:05,520 [BasicRepositoryConnector-repo.maven.apache.org-1-4] INFO  o.e.m.c.i.e.AbstractTransferListenerAdapter - Downloaded https://repo.maven.apache.org/maven2/io/swagger/core/v3/swagger-models-jakarta/2.2.21/swagger-models-jakarta-2.2.21.jar
2026-01-30 15:44:05,692 [BasicRepositoryConnector-repo.maven.apache.org-1-2] INFO  o.e.m.c.i.e.AbstractTransferListenerAdapter - Downloaded https://repo.maven.apache.org/maven2/io/swagger/core/v3/swagger-core-jakarta/2.2.21/swagger-core-jakarta-2.2.21.jar
2026-01-30 15:44:05,710 [BasicRepositoryConnector-repo.maven.apache.org-1-0] INFO  o.e.m.c.i.e.AbstractTransferListenerAdapter - Downloading https://repo.maven.apache.org/maven2/com/fasterxml/jackson/dataformat/jackson-dataformat-yaml/2.19.4/jackson-dataformat-yaml-2.19.4.jar
2026-01-30 15:44:05,812 [BasicRepositoryConnector-repo.maven.apache.org-1-4] INFO  o.e.m.c.i.e.AbstractTransferListenerAdapter - Downloading https://repo.maven.apache.org/maven2/org/webjars/swagger-ui/5.13.0/swagger-ui-5.13.0.jar
2026-01-30 15:44:05,842 [BasicRepositoryConnector-repo.maven.apache.org-1-0] INFO  o.e.m.c.i.e.AbstractTransferListenerAdapter - Downloaded https://repo.maven.apache.org/maven2/com/fasterxml/jackson/dataformat/jackson-dataformat-yaml/2.19.4/jackson-dataformat-yaml-2.19.4.jar
2026-01-30 15:44:06,351 [BasicRepositoryConnector-repo.maven.apache.org-1-1] INFO  o.e.m.c.i.e.AbstractTransferListenerAdapter - Downloaded https://repo.maven.apache.org/maven2/org/springdoc/springdoc-openapi-starter-common/2.5.0/springdoc-openapi-starter-common-2.5.0.jar
2026-01-30 15:44:06,829 [BasicRepositoryConnector-repo.maven.apache.org-1-3] INFO  o.e.m.c.i.e.AbstractTransferListenerAdapter - Downloaded https://repo.maven.apache.org/maven2/io/swagger/core/v3/swagger-annotations-jakarta/2.2.21/swagger-annotations-jakarta-2.2.21.jar
2026-01-30 15:44:10,463 [BasicRepositoryConnector-repo.maven.apache.org-1-4] INFO  o.e.m.c.i.e.AbstractTransferListenerAdapter - Downloaded https://repo.maven.apache.org/maven2/org/webjars/swagger-ui/5.13.0/swagger-ui-5.13.0.jar
2026-01-30 15:44:11,687 [Worker-58: Building] INFO  o.e.m.c.i.l.LifecycleMappingFactory - Using org.eclipse.m2e.jdt.JarLifecycleMapping lifecycle mapping for MavenProject: com.example:DemoProject:0.0.1-SNAPSHOT @ D:\Mphasis\sb\DemoProject\pom.xml.
2026-01-30 15:44:12,449 [Worker-58: Building] INFO  o.e.m.c.i.l.LifecycleMappingFactory - Using org.eclipse.m2e.jdt.JarLifecycleMapping lifecycle mapping for MavenProject: com.example:SbJdbc:0.0.1-SNAPSHOT @ D:\Mphasis\sb\SbJdbc\pom.xml.
2026-01-30 15:44:13,931 [Worker-58: Building] INFO  o.e.m.c.i.l.LifecycleMappingFactory - Using org.eclipse.m2e.jdt.JarLifecycleMapping lifecycle mapping for MavenProject: com.example:SbSecurity1:0.0.1-SNAPSHOT @ D:\Mphasis\sb\SbSecurity1\pom.xml.
2026-01-30 15:44:14,508 [Worker-58: Building] INFO  o.e.m.c.i.l.LifecycleMappingFactory - Using org.eclipse.m2e.jdt.JarLifecycleMapping lifecycle mapping for MavenProject: com.example:SbSecurityNew:0.0.1-SNAPSHOT @ D:\Mphasis\sb\SbSecurityNew\pom.xml.
2026-01-30 15:44:15,879 [Worker-58: Building] INFO  o.e.m.c.i.l.LifecycleMappingFactory - Using org.maven.ide.eclipse.wtp.WarLifecycleMapping lifecycle mapping for MavenProject: mphasis:HibernateSprExample:0.0.1-SNAPSHOT @ D:\Mphasis\sb\HibernateSprExample\pom.xml.
2026-01-30 15:44:18,804 [Worker-58: Building] WARN  o.e.m.c.i.embedder.EclipseLogger - The artifact mysql:mysql-connector-java:jar:8.0.33 has been relocated to com.mysql:mysql-connector-j:jar:8.0.33: MySQL Connector/J artifacts moved to reverse-DNS compliant Maven 2+ coordinates.
2026-01-30 15:44:18,950 [Worker-58: Building] INFO  o.e.m.c.i.l.LifecycleMappingFactory - Using org.maven.ide.eclipse.wtp.WarLifecycleMapping lifecycle mapping for MavenProject: mphasis:SpringHibernateEx:0.0.1-SNAPSHOT @ D:\Mphasis\sb\SpringHibernateEx\pom.xml.
2026-01-30 15:44:18,953 [Worker-58: Building] WARN  o.e.m.c.i.embedder.EclipseLogger - The artifact mysql:mysql-connector-java:jar:8.0.33 has been relocated to com.mysql:mysql-connector-j:jar:8.0.33: MySQL Connector/J artifacts moved to reverse-DNS compliant Maven 2+ coordinates.
2026-01-30 15:44:19,595 [Worker-58: Building] WARN  o.e.m.c.i.embedder.EclipseLogger - The artifact mysql:mysql-connector-java:jar:8.0.33 has been relocated to com.mysql:mysql-connector-j:jar:8.0.33: MySQL Connector/J artifacts moved to reverse-DNS compliant Maven 2+ coordinates.
2026-01-30 15:44:25,037 [Worker-58: Building] INFO  o.a.m.s.f.DefaultMavenResourcesFiltering - Copying 0 resource from src\main\resources to target\classes
2026-01-30 15:44:25,038 [Worker-58: Building] INFO  o.a.m.s.f.DefaultMavenResourcesFiltering - Copying 0 resource from src\main\resources to target\classes
2026-01-30 15:44:25,043 [Worker-58: Building] INFO  o.a.m.s.f.DefaultMavenResourcesFiltering - Copying 0 resource from src\test\resources to target\test-classes
2026-01-30 15:44:25,872 [Worker-65: Download sources and javadoc] INFO  o.e.m.c.i.e.AbstractTransferListenerAdapter - Downloading https://repo.maven.apache.org/maven2/org/springdoc/springdoc-openapi-starter-webmvc-ui/2.5.0/springdoc-openapi-starter-webmvc-ui-2.5.0-sources.jar
2026-01-30 15:44:26,415 [Worker-65: Download sources and javadoc] INFO  o.e.m.c.i.e.AbstractTransferListenerAdapter - Downloaded https://repo.maven.apache.org/maven2/org/springdoc/springdoc-openapi-starter-webmvc-ui/2.5.0/springdoc-openapi-starter-webmvc-ui-2.5.0-sources.jar
2026-01-30 15:44:26,421 [Worker-65: Download sources and javadoc] INFO  o.e.m.j.internal.DownloadSourcesJob - Downloaded sources for org.springdoc:springdoc-openapi-starter-webmvc-ui:2.5.0
2026-01-30 15:44:26,599 [Worker-65: Download sources and javadoc] INFO  o.e.m.c.i.e.AbstractTransferListenerAdapter - Downloading https://repo.maven.apache.org/maven2/org/springdoc/springdoc-openapi-starter-webmvc-api/2.5.0/springdoc-openapi-starter-webmvc-api-2.5.0-sources.jar
2026-01-30 15:44:27,442 [Worker-65: Download sources and javadoc] INFO  o.e.m.c.i.e.AbstractTransferListenerAdapter - Downloaded https://repo.maven.apache.org/maven2/org/springdoc/springdoc-openapi-starter-webmvc-api/2.5.0/springdoc-openapi-starter-webmvc-api-2.5.0-sources.jar
2026-01-30 15:44:27,456 [Worker-65: Download sources and javadoc] INFO  o.e.m.j.internal.DownloadSourcesJob - Downloaded sources for org.springdoc:springdoc-openapi-starter-webmvc-api:2.5.0
2026-01-30 15:44:27,634 [Worker-65: Download sources and javadoc] INFO  o.e.m.c.i.e.AbstractTransferListenerAdapter - Downloading https://repo.maven.apache.org/maven2/org/springdoc/springdoc-openapi-starter-common/2.5.0/springdoc-openapi-starter-common-2.5.0-sources.jar
2026-01-30 15:44:27,950 [Worker-65: Download sources and javadoc] INFO  o.e.m.c.i.e.AbstractTransferListenerAdapter - Downloaded https://repo.maven.apache.org/maven2/org/springdoc/springdoc-openapi-starter-common/2.5.0/springdoc-openapi-starter-common-2.5.0-sources.jar
2026-01-30 15:44:27,957 [Worker-65: Download sources and javadoc] INFO  o.e.m.j.internal.DownloadSourcesJob - Downloaded sources for org.springdoc:springdoc-openapi-starter-common:2.5.0
2026-01-30 15:44:28,096 [Worker-65: Download sources and javadoc] INFO  o.e.m.c.i.e.AbstractTransferListenerAdapter - Downloading https://repo.maven.apache.org/maven2/io/swagger/core/v3/swagger-core-jakarta/2.2.21/swagger-core-jakarta-2.2.21-sources.jar
2026-01-30 15:44:28,293 [Worker-65: Download sources and javadoc] INFO  o.e.m.c.i.e.AbstractTransferListenerAdapter - Downloaded https://repo.maven.apache.org/maven2/io/swagger/core/v3/swagger-core-jakarta/2.2.21/swagger-core-jakarta-2.2.21-sources.jar
2026-01-30 15:44:28,300 [Worker-65: Download sources and javadoc] INFO  o.e.m.j.internal.DownloadSourcesJob - Downloaded sources for io.swagger.core.v3:swagger-core-jakarta:2.2.21
2026-01-30 15:44:28,452 [Worker-65: Download sources and javadoc] INFO  o.e.m.c.i.e.AbstractTransferListenerAdapter - Downloading https://repo.maven.apache.org/maven2/io/swagger/core/v3/swagger-annotations-jakarta/2.2.21/swagger-annotations-jakarta-2.2.21-sources.jar
2026-01-30 15:44:28,591 [Worker-65: Download sources and javadoc] INFO  o.e.m.c.i.e.AbstractTransferListenerAdapter - Downloaded https://repo.maven.apache.org/maven2/io/swagger/core/v3/swagger-annotations-jakarta/2.2.21/swagger-annotations-jakarta-2.2.21-sources.jar
2026-01-30 15:44:28,601 [Worker-65: Download sources and javadoc] INFO  o.e.m.j.internal.DownloadSourcesJob - Downloaded sources for io.swagger.core.v3:swagger-annotations-jakarta:2.2.21
2026-01-30 15:44:28,765 [Worker-65: Download sources and javadoc] INFO  o.e.m.c.i.e.AbstractTransferListenerAdapter - Downloading https://repo.maven.apache.org/maven2/io/swagger/core/v3/swagger-models-jakarta/2.2.21/swagger-models-jakarta-2.2.21-sources.jar
2026-01-30 15:44:28,910 [Worker-65: Download sources and javadoc] INFO  o.e.m.c.i.e.AbstractTransferListenerAdapter - Downloaded https://repo.maven.apache.org/maven2/io/swagger/core/v3/swagger-models-jakarta/2.2.21/swagger-models-jakarta-2.2.21-sources.jar
2026-01-30 15:44:28,922 [Worker-65: Download sources and javadoc] INFO  o.e.m.j.internal.DownloadSourcesJob - Downloaded sources for io.swagger.core.v3:swagger-models-jakarta:2.2.21
2026-01-30 15:44:28,954 [Worker-42: Building] INFO  o.a.m.s.f.DefaultMavenResourcesFiltering - Copying 1 resource from src\main\resources to target\classes
2026-01-30 15:44:28,985 [Worker-42: Building] INFO  o.a.m.s.f.DefaultMavenResourcesFiltering - Copying 0 resource from src\main\resources to target\classes
2026-01-30 15:44:28,990 [Worker-42: Building] INFO  o.a.m.s.f.DefaultMavenResourcesFiltering - Copying 0 resource from src\test\resources to target\test-classes
2026-01-30 15:44:29,085 [Worker-65: Download sources and javadoc] INFO  o.e.m.c.i.e.AbstractTransferListenerAdapter - Downloading https://repo.maven.apache.org/maven2/com/fasterxml/jackson/dataformat/jackson-dataformat-yaml/2.19.4/jackson-dataformat-yaml-2.19.4-sources.jar
2026-01-30 15:44:29,822 [Worker-65: Download sources and javadoc] INFO  o.e.m.c.i.e.AbstractTransferListenerAdapter - Downloaded https://repo.maven.apache.org/maven2/com/fasterxml/jackson/dataformat/jackson-dataformat-yaml/2.19.4/jackson-dataformat-yaml-2.19.4-sources.jar
2026-01-30 15:44:29,829 [Worker-65: Download sources and javadoc] INFO  o.e.m.j.internal.DownloadSourcesJob - Downloaded sources for com.fasterxml.jackson.dataformat:jackson-dataformat-yaml:2.19.4
2026-01-30 15:44:29,992 [Worker-65: Download sources and javadoc] INFO  o.e.m.c.i.e.AbstractTransferListenerAdapter - Downloaded https://repo.maven.apache.org/maven2/org/webjars/swagger-ui/5.13.0/swagger-ui-5.13.0-sources.jar
2026-01-30 15:44:29,997 [Worker-65: Download sources and javadoc] ERROR o.e.m.j.internal.DownloadSourcesJob - Could not download sources for org.webjars:swagger-ui:5.13.0
org.eclipse.core.runtime.CoreException: Could not resolve artifact org.webjars:swagger-ui:jar:sources:5.13.0
	at org.eclipse.m2e.core.internal.embedder.MavenImpl.lambda$7(MavenImpl.java:540)
	at org.eclipse.m2e.core.internal.embedder.MavenExecutionContext.executeBare(MavenExecutionContext.java:458)
	at org.eclipse.m2e.core.internal.embedder.MavenExecutionContext.execute(MavenExecutionContext.java:292)
	at org.eclipse.m2e.core.internal.embedder.MavenExecutionContext.execute(MavenExecutionContext.java:278)
	at org.eclipse.m2e.core.internal.embedder.MavenImpl.resolve(MavenImpl.java:509)
	at org.eclipse.m2e.core.internal.embedder.MavenImpl.resolve(MavenImpl.java:494)
	at org.eclipse.m2e.jdt.internal.DownloadSourcesJob.download(DownloadSourcesJob.java:308)
	at org.eclipse.m2e.jdt.internal.DownloadSourcesJob.downloadAttachments(DownloadSourcesJob.java:282)
	at org.eclipse.m2e.jdt.internal.DownloadSourcesJob.downloadMaven(DownloadSourcesJob.java:252)
	at org.eclipse.m2e.jdt.internal.DownloadSourcesJob.downloadFilesAndPopulateToUpdate(DownloadSourcesJob.java:220)
	at org.eclipse.m2e.jdt.internal.DownloadSourcesJob.lambda$0(DownloadSourcesJob.java:149)
	at org.eclipse.m2e.core.internal.embedder.MavenExecutionContext.executeBare(MavenExecutionContext.java:458)
	at org.eclipse.m2e.core.internal.embedder.MavenExecutionContext.execute(MavenExecutionContext.java:339)
	at org.eclipse.m2e.core.internal.embedder.MavenExecutionContext.execute(MavenExecutionContext.java:278)
	at org.eclipse.m2e.core.embedder.IMaven.execute(IMaven.java:300)
	at org.eclipse.m2e.jdt.internal.DownloadSourcesJob.run(DownloadSourcesJob.java:149)
	at org.eclipse.core.internal.jobs.Worker.run(Worker.java:63)
2026-01-30 15:45:31,374 [Worker-35: Building] INFO  o.e.m.c.i.l.LifecycleMappingFactory - Using org.eclipse.m2e.jdt.JarLifecycleMapping lifecycle mapping for MavenProject: com.example:SbCms:0.0.1-SNAPSHOT @ D:\Mphasis\sb\SbCms\pom.xml.
2026-01-30 15:45:32,565 [Worker-35: Building] INFO  o.a.m.s.f.DefaultMavenResourcesFiltering - Copying 0 resource from src\main\resources to target\classes
2026-01-30 15:45:32,566 [Worker-35: Building] INFO  o.a.m.s.f.DefaultMavenResourcesFiltering - Copying 0 resource from src\main\resources to target\classes
2026-01-30 15:45:32,572 [Worker-35: Building] INFO  o.a.m.s.f.DefaultMavenResourcesFiltering - Copying 0 resource from src\test\resources to target\test-classes
2026-01-30 15:45:33,524 [Worker-63: Download sources and javadoc] INFO  o.e.m.c.i.e.AbstractTransferListenerAdapter - Downloading https://repo.maven.apache.org/maven2/org/webjars/swagger-ui/5.13.0/swagger-ui-5.13.0-javadoc.jar
2026-01-30 15:45:33,691 [Worker-54: Building] INFO  o.a.m.s.f.DefaultMavenResourcesFiltering - Copying 1 resource from src\main\resources to target\classes
2026-01-30 15:45:33,709 [Worker-54: Building] INFO  o.a.m.s.f.DefaultMavenResourcesFiltering - Copying 0 resource from src\main\resources to target\classes
2026-01-30 15:45:33,713 [Worker-54: Building] INFO  o.a.m.s.f.DefaultMavenResourcesFiltering - Copying 0 resource from src\test\resources to target\test-classes
2026-01-30 15:45:35,679 [Worker-63: Download sources and javadoc] INFO  o.e.m.c.i.e.AbstractTransferListenerAdapter - Downloaded https://repo.maven.apache.org/maven2/org/webjars/swagger-ui/5.13.0/swagger-ui-5.13.0-javadoc.jar
2026-01-30 15:45:35,686 [Worker-63: Download sources and javadoc] INFO  o.e.m.j.internal.DownloadSourcesJob - Downloaded javadoc for org.webjars:swagger-ui:5.13.0
2026-01-30 15:45:53,437 [Worker-48: Building] INFO  o.a.m.s.f.DefaultMavenResourcesFiltering - Copying 1 resource from src\main\resources to target\classes
2026-01-30 15:45:53,471 [Worker-48: Building] INFO  o.a.m.s.f.DefaultMavenResourcesFiltering - Copying 0 resource from src\main\resources to target\classes
2026-01-30 15:45:53,476 [Worker-48: Building] INFO  o.a.m.s.f.DefaultMavenResourcesFiltering - Copying 0 resource from src\test\resources to target\test-classes
2026-01-30 15:48:25,857 [Worker-65: Building] INFO  o.e.m.c.i.l.LifecycleMappingFactory - Using org.eclipse.m2e.jdt.JarLifecycleMapping lifecycle mapping for MavenProject: com.example:SbCms:0.0.1-SNAPSHOT @ D:\Mphasis\sb\SbCms\pom.xml.
2026-01-30 15:48:31,017 [Worker-65: Building] INFO  o.e.m.c.i.e.AbstractTransferListenerAdapter - Downloading https://repo.maven.apache.org/maven2/org/springdoc/springdoc-openapi-starter-webmvc-ui/2.2.0/springdoc-openapi-starter-webmvc-ui-2.2.0.pom
2026-01-30 15:48:31,064 [Worker-65: Building] INFO  o.e.m.c.i.e.AbstractTransferListenerAdapter - Downloaded https://repo.maven.apache.org/maven2/org/springdoc/springdoc-openapi-starter-webmvc-ui/2.2.0/springdoc-openapi-starter-webmvc-ui-2.2.0.pom
2026-01-30 15:48:31,135 [Worker-65: Building] INFO  o.e.m.c.i.e.AbstractTransferListenerAdapter - Downloading https://repo.maven.apache.org/maven2/org/springdoc/springdoc-openapi/2.2.0/springdoc-openapi-2.2.0.pom
2026-01-30 15:48:31,193 [Worker-65: Building] INFO  o.e.m.c.i.e.AbstractTransferListenerAdapter - Downloaded https://repo.maven.apache.org/maven2/org/springdoc/springdoc-openapi/2.2.0/springdoc-openapi-2.2.0.pom
2026-01-30 15:48:31,280 [Worker-65: Building] INFO  o.e.m.c.i.e.AbstractTransferListenerAdapter - Downloading https://repo.maven.apache.org/maven2/org/springframework/boot/spring-boot-starter-parent/3.1.2/spring-boot-starter-parent-3.1.2.pom
2026-01-30 15:48:31,342 [Worker-65: Building] INFO  o.e.m.c.i.e.AbstractTransferListenerAdapter - Downloaded https://repo.maven.apache.org/maven2/org/springframework/boot/spring-boot-starter-parent/3.1.2/spring-boot-starter-parent-3.1.2.pom
2026-01-30 15:48:31,438 [Worker-65: Building] INFO  o.e.m.c.i.e.AbstractTransferListenerAdapter - Downloading https://repo.maven.apache.org/maven2/org/springframework/boot/spring-boot-dependencies/3.1.2/spring-boot-dependencies-3.1.2.pom
2026-01-30 15:48:31,525 [Worker-65: Building] INFO  o.e.m.c.i.e.AbstractTransferListenerAdapter - Downloaded https://repo.maven.apache.org/maven2/org/springframework/boot/spring-boot-dependencies/3.1.2/spring-boot-dependencies-3.1.2.pom
2026-01-30 15:48:32,268 [Worker-65: Building] INFO  o.e.m.c.i.e.AbstractTransferListenerAdapter - Downloading https://repo.maven.apache.org/maven2/io/micrometer/micrometer-bom/1.11.2/micrometer-bom-1.11.2.pom
2026-01-30 15:48:32,308 [Worker-65: Building] INFO  o.e.m.c.i.e.AbstractTransferListenerAdapter - Downloaded https://repo.maven.apache.org/maven2/io/micrometer/micrometer-bom/1.11.2/micrometer-bom-1.11.2.pom
2026-01-30 15:48:32,390 [Worker-65: Building] INFO  o.e.m.c.i.e.AbstractTransferListenerAdapter - Downloading https://repo.maven.apache.org/maven2/io/micrometer/micrometer-tracing-bom/1.1.3/micrometer-tracing-bom-1.1.3.pom
2026-01-30 15:48:32,424 [Worker-65: Building] INFO  o.e.m.c.i.e.AbstractTransferListenerAdapter - Downloaded https://repo.maven.apache.org/maven2/io/micrometer/micrometer-tracing-bom/1.1.3/micrometer-tracing-bom-1.1.3.pom
2026-01-30 15:48:32,674 [Worker-65: Building] INFO  o.e.m.c.i.e.AbstractTransferListenerAdapter - Downloading https://repo.maven.apache.org/maven2/io/rest-assured/rest-assured-bom/5.3.1/rest-assured-bom-5.3.1.pom
2026-01-30 15:48:32,712 [Worker-65: Building] INFO  o.e.m.c.i.e.AbstractTransferListenerAdapter - Downloaded https://repo.maven.apache.org/maven2/io/rest-assured/rest-assured-bom/5.3.1/rest-assured-bom-5.3.1.pom
2026-01-30 15:48:32,891 [Worker-65: Building] INFO  o.e.m.c.i.e.AbstractTransferListenerAdapter - Downloading https://repo.maven.apache.org/maven2/org/springframework/data/spring-data-bom/2023.0.2/spring-data-bom-2023.0.2.pom
2026-01-30 15:48:32,933 [Worker-65: Building] INFO  o.e.m.c.i.e.AbstractTransferListenerAdapter - Downloaded https://repo.maven.apache.org/maven2/org/springframework/data/spring-data-bom/2023.0.2/spring-data-bom-2023.0.2.pom
2026-01-30 15:48:33,028 [Worker-65: Building] INFO  o.e.m.c.i.e.AbstractTransferListenerAdapter - Downloading https://repo.maven.apache.org/maven2/org/springframework/integration/spring-integration-bom/6.1.2/spring-integration-bom-6.1.2.pom
2026-01-30 15:48:33,078 [Worker-65: Building] INFO  o.e.m.c.i.e.AbstractTransferListenerAdapter - Downloaded https://repo.maven.apache.org/maven2/org/springframework/integration/spring-integration-bom/6.1.2/spring-integration-bom-6.1.2.pom
2026-01-30 15:48:33,190 [Worker-65: Building] INFO  o.e.m.c.i.e.AbstractTransferListenerAdapter - Downloading https://repo.maven.apache.org/maven2/org/springframework/security/spring-security-bom/6.1.2/spring-security-bom-6.1.2.pom
2026-01-30 15:48:33,234 [Worker-65: Building] INFO  o.e.m.c.i.e.AbstractTransferListenerAdapter - Downloaded https://repo.maven.apache.org/maven2/org/springframework/security/spring-security-bom/6.1.2/spring-security-bom-6.1.2.pom
2026-01-30 15:48:33,309 [Worker-65: Building] INFO  o.e.m.c.i.e.AbstractTransferListenerAdapter - Downloading https://repo.maven.apache.org/maven2/org/springframework/session/spring-session-bom/3.1.1/spring-session-bom-3.1.1.pom
2026-01-30 15:48:33,343 [Worker-65: Building] INFO  o.e.m.c.i.e.AbstractTransferListenerAdapter - Downloaded https://repo.maven.apache.org/maven2/org/springframework/session/spring-session-bom/3.1.1/spring-session-bom-3.1.1.pom
2026-01-30 15:48:33,456 [Worker-65: Building] INFO  o.e.m.c.i.e.AbstractTransferListenerAdapter - Downloading https://repo.maven.apache.org/maven2/org/springdoc/springdoc-openapi-starter-webmvc-api/2.2.0/springdoc-openapi-starter-webmvc-api-2.2.0.pom
2026-01-30 15:48:33,514 [Worker-65: Building] INFO  o.e.m.c.i.e.AbstractTransferListenerAdapter - Downloaded https://repo.maven.apache.org/maven2/org/springdoc/springdoc-openapi-starter-webmvc-api/2.2.0/springdoc-openapi-starter-webmvc-api-2.2.0.pom
2026-01-30 15:48:33,574 [Worker-65: Building] INFO  o.e.m.c.i.e.AbstractTransferListenerAdapter - Downloading https://repo.maven.apache.org/maven2/org/springdoc/springdoc-openapi-starter-common/2.2.0/springdoc-openapi-starter-common-2.2.0.pom
2026-01-30 15:48:33,611 [Worker-65: Building] INFO  o.e.m.c.i.e.AbstractTransferListenerAdapter - Downloaded https://repo.maven.apache.org/maven2/org/springdoc/springdoc-openapi-starter-common/2.2.0/springdoc-openapi-starter-common-2.2.0.pom
2026-01-30 15:48:33,671 [Worker-65: Building] INFO  o.e.m.c.i.e.AbstractTransferListenerAdapter - Downloading https://repo.maven.apache.org/maven2/io/swagger/core/v3/swagger-core-jakarta/2.2.15/swagger-core-jakarta-2.2.15.pom
2026-01-30 15:48:33,723 [Worker-65: Building] INFO  o.e.m.c.i.e.AbstractTransferListenerAdapter - Downloaded https://repo.maven.apache.org/maven2/io/swagger/core/v3/swagger-core-jakarta/2.2.15/swagger-core-jakarta-2.2.15.pom
2026-01-30 15:48:33,788 [Worker-65: Building] INFO  o.e.m.c.i.e.AbstractTransferListenerAdapter - Downloading https://repo.maven.apache.org/maven2/io/swagger/core/v3/swagger-project-jakarta/2.2.15/swagger-project-jakarta-2.2.15.pom
2026-01-30 15:48:33,854 [Worker-65: Building] INFO  o.e.m.c.i.e.AbstractTransferListenerAdapter - Downloaded https://repo.maven.apache.org/maven2/io/swagger/core/v3/swagger-project-jakarta/2.2.15/swagger-project-jakarta-2.2.15.pom
2026-01-30 15:48:33,956 [Worker-65: Building] INFO  o.e.m.c.i.e.AbstractTransferListenerAdapter - Downloading https://repo.maven.apache.org/maven2/io/swagger/core/v3/swagger-annotations-jakarta/2.2.15/swagger-annotations-jakarta-2.2.15.pom
2026-01-30 15:48:34,008 [Worker-65: Building] INFO  o.e.m.c.i.e.AbstractTransferListenerAdapter - Downloaded https://repo.maven.apache.org/maven2/io/swagger/core/v3/swagger-annotations-jakarta/2.2.15/swagger-annotations-jakarta-2.2.15.pom
2026-01-30 15:48:34,064 [Worker-65: Building] INFO  o.e.m.c.i.e.AbstractTransferListenerAdapter - Downloading https://repo.maven.apache.org/maven2/io/swagger/core/v3/swagger-models-jakarta/2.2.15/swagger-models-jakarta-2.2.15.pom
2026-01-30 15:48:34,106 [Worker-65: Building] INFO  o.e.m.c.i.e.AbstractTransferListenerAdapter - Downloaded https://repo.maven.apache.org/maven2/io/swagger/core/v3/swagger-models-jakarta/2.2.15/swagger-models-jakarta-2.2.15.pom
2026-01-30 15:48:34,178 [Worker-65: Building] INFO  o.e.m.c.i.e.AbstractTransferListenerAdapter - Downloading https://repo.maven.apache.org/maven2/org/webjars/swagger-ui/5.2.0/swagger-ui-5.2.0.pom
2026-01-30 15:48:34,227 [Worker-65: Building] INFO  o.e.m.c.i.e.AbstractTransferListenerAdapter - Downloaded https://repo.maven.apache.org/maven2/org/webjars/swagger-ui/5.2.0/swagger-ui-5.2.0.pom
2026-01-30 15:48:34,626 [Worker-65: Building] INFO  o.e.m.c.i.e.AbstractTransferListenerAdapter - Downloading https://repo.maven.apache.org/maven2/org/springdoc/springdoc-openapi-starter-webmvc-ui/2.2.0/springdoc-openapi-starter-webmvc-ui-2.2.0.jar
2026-01-30 15:48:35,145 [Worker-65: Building] INFO  o.e.m.c.i.e.AbstractTransferListenerAdapter - Downloaded https://repo.maven.apache.org/maven2/org/springdoc/springdoc-openapi-starter-webmvc-ui/2.2.0/springdoc-openapi-starter-webmvc-ui-2.2.0.jar
2026-01-30 15:48:35,235 [BasicRepositoryConnector-repo.maven.apache.org-2-1] INFO  o.e.m.c.i.e.AbstractTransferListenerAdapter - Downloading https://repo.maven.apache.org/maven2/org/springdoc/springdoc-openapi-starter-common/2.2.0/springdoc-openapi-starter-common-2.2.0.jar
2026-01-30 15:48:35,602 [BasicRepositoryConnector-repo.maven.apache.org-2-0] INFO  o.e.m.c.i.e.AbstractTransferListenerAdapter - Downloading https://repo.maven.apache.org/maven2/org/springdoc/springdoc-openapi-starter-webmvc-api/2.2.0/springdoc-openapi-starter-webmvc-api-2.2.0.jar
2026-01-30 15:48:35,693 [BasicRepositoryConnector-repo.maven.apache.org-2-3] INFO  o.e.m.c.i.e.AbstractTransferListenerAdapter - Downloading https://repo.maven.apache.org/maven2/io/swagger/core/v3/swagger-annotations-jakarta/2.2.15/swagger-annotations-jakarta-2.2.15.jar
2026-01-30 15:48:35,718 [BasicRepositoryConnector-repo.maven.apache.org-2-4] INFO  o.e.m.c.i.e.AbstractTransferListenerAdapter - Downloading https://repo.maven.apache.org/maven2/io/swagger/core/v3/swagger-models-jakarta/2.2.15/swagger-models-jakarta-2.2.15.jar
2026-01-30 15:48:35,747 [BasicRepositoryConnector-repo.maven.apache.org-2-2] INFO  o.e.m.c.i.e.AbstractTransferListenerAdapter - Downloading https://repo.maven.apache.org/maven2/io/swagger/core/v3/swagger-core-jakarta/2.2.15/swagger-core-jakarta-2.2.15.jar
2026-01-30 15:48:35,995 [BasicRepositoryConnector-repo.maven.apache.org-2-4] INFO  o.e.m.c.i.e.AbstractTransferListenerAdapter - Downloaded https://repo.maven.apache.org/maven2/io/swagger/core/v3/swagger-models-jakarta/2.2.15/swagger-models-jakarta-2.2.15.jar
2026-01-30 15:48:36,329 [BasicRepositoryConnector-repo.maven.apache.org-2-4] INFO  o.e.m.c.i.e.AbstractTransferListenerAdapter - Downloading https://repo.maven.apache.org/maven2/org/webjars/swagger-ui/5.2.0/swagger-ui-5.2.0.jar
2026-01-30 15:48:36,356 [BasicRepositoryConnector-repo.maven.apache.org-2-2] INFO  o.e.m.c.i.e.AbstractTransferListenerAdapter - Downloaded https://repo.maven.apache.org/maven2/io/swagger/core/v3/swagger-core-jakarta/2.2.15/swagger-core-jakarta-2.2.15.jar
2026-01-30 15:48:36,420 [BasicRepositoryConnector-repo.maven.apache.org-2-0] INFO  o.e.m.c.i.e.AbstractTransferListenerAdapter - Downloaded https://repo.maven.apache.org/maven2/org/springdoc/springdoc-openapi-starter-webmvc-api/2.2.0/springdoc-openapi-starter-webmvc-api-2.2.0.jar
2026-01-30 15:48:36,520 [BasicRepositoryConnector-repo.maven.apache.org-2-1] INFO  o.e.m.c.i.e.AbstractTransferListenerAdapter - Downloaded https://repo.maven.apache.org/maven2/org/springdoc/springdoc-openapi-starter-common/2.2.0/springdoc-openapi-starter-common-2.2.0.jar
2026-01-30 15:48:37,576 [BasicRepositoryConnector-repo.maven.apache.org-2-3] INFO  o.e.m.c.i.e.AbstractTransferListenerAdapter - Downloaded https://repo.maven.apache.org/maven2/io/swagger/core/v3/swagger-annotations-jakarta/2.2.15/swagger-annotations-jakarta-2.2.15.jar
2026-01-30 15:48:39,662 [BasicRepositoryConnector-repo.maven.apache.org-2-4] INFO  o.e.m.c.i.e.AbstractTransferListenerAdapter - Downloaded https://repo.maven.apache.org/maven2/org/webjars/swagger-ui/5.2.0/swagger-ui-5.2.0.jar
2026-01-30 15:48:39,961 [Worker-65: Building] INFO  o.e.m.c.i.l.LifecycleMappingFactory - Using org.eclipse.m2e.jdt.JarLifecycleMapping lifecycle mapping for MavenProject: com.example:SbSecurity1:0.0.1-SNAPSHOT @ D:\Mphasis\sb\SbSecurity1\pom.xml.
2026-01-30 15:48:40,292 [Worker-65: Building] INFO  o.e.m.c.i.l.LifecycleMappingFactory - Using org.eclipse.m2e.jdt.JarLifecycleMapping lifecycle mapping for MavenProject: com.example:SbSecurityNew:0.0.1-SNAPSHOT @ D:\Mphasis\sb\SbSecurityNew\pom.xml.
2026-01-30 15:48:40,713 [Worker-65: Building] INFO  o.e.m.c.i.l.LifecycleMappingFactory - Using org.eclipse.m2e.jdt.JarLifecycleMapping lifecycle mapping for MavenProject: com.example:DemoProject:0.0.1-SNAPSHOT @ D:\Mphasis\sb\DemoProject\pom.xml.
2026-01-30 15:48:41,089 [Worker-65: Building] INFO  o.e.m.c.i.l.LifecycleMappingFactory - Using org.eclipse.m2e.jdt.JarLifecycleMapping lifecycle mapping for MavenProject: com.example:SbJdbc:0.0.1-SNAPSHOT @ D:\Mphasis\sb\SbJdbc\pom.xml.
2026-01-30 15:48:41,853 [Worker-65: Building] INFO  o.a.m.s.f.DefaultMavenResourcesFiltering - Copying 0 resource from src\main\resources to target\classes
2026-01-30 15:48:41,854 [Worker-65: Building] INFO  o.a.m.s.f.DefaultMavenResourcesFiltering - Copying 0 resource from src\main\resources to target\classes
2026-01-30 15:48:41,857 [Worker-65: Building] INFO  o.a.m.s.f.DefaultMavenResourcesFiltering - Copying 0 resource from src\test\resources to target\test-classes
2026-01-30 15:48:42,907 [Worker-36: Download sources and javadoc] INFO  o.e.m.c.i.e.AbstractTransferListenerAdapter - Downloading https://repo.maven.apache.org/maven2/org/springdoc/springdoc-openapi-starter-webmvc-ui/2.2.0/springdoc-openapi-starter-webmvc-ui-2.2.0-sources.jar
2026-01-30 15:48:43,429 [Worker-36: Download sources and javadoc] INFO  o.e.m.c.i.e.AbstractTransferListenerAdapter - Downloaded https://repo.maven.apache.org/maven2/org/springdoc/springdoc-openapi-starter-webmvc-ui/2.2.0/springdoc-openapi-starter-webmvc-ui-2.2.0-sources.jar
2026-01-30 15:48:43,434 [Worker-36: Download sources and javadoc] INFO  o.e.m.j.internal.DownloadSourcesJob - Downloaded sources for org.springdoc:springdoc-openapi-starter-webmvc-ui:2.2.0
2026-01-30 15:48:43,628 [Worker-36: Download sources and javadoc] INFO  o.e.m.c.i.e.AbstractTransferListenerAdapter - Downloading https://repo.maven.apache.org/maven2/org/springdoc/springdoc-openapi-starter-webmvc-api/2.2.0/springdoc-openapi-starter-webmvc-api-2.2.0-sources.jar
2026-01-30 15:48:43,720 [Worker-51: Building] INFO  o.a.m.s.f.DefaultMavenResourcesFiltering - Copying 1 resource from src\main\resources to target\classes
2026-01-30 15:48:43,734 [Worker-51: Building] INFO  o.a.m.s.f.DefaultMavenResourcesFiltering - Copying 0 resource from src\main\resources to target\classes
2026-01-30 15:48:43,737 [Worker-51: Building] INFO  o.a.m.s.f.DefaultMavenResourcesFiltering - Copying 0 resource from src\test\resources to target\test-classes
2026-01-30 15:48:44,162 [Worker-36: Download sources and javadoc] INFO  o.e.m.c.i.e.AbstractTransferListenerAdapter - Downloaded https://repo.maven.apache.org/maven2/org/springdoc/springdoc-openapi-starter-webmvc-api/2.2.0/springdoc-openapi-starter-webmvc-api-2.2.0-sources.jar
2026-01-30 15:48:44,167 [Worker-36: Download sources and javadoc] INFO  o.e.m.j.internal.DownloadSourcesJob - Downloaded sources for org.springdoc:springdoc-openapi-starter-webmvc-api:2.2.0
2026-01-30 15:48:44,325 [Worker-36: Download sources and javadoc] INFO  o.e.m.c.i.e.AbstractTransferListenerAdapter - Downloading https://repo.maven.apache.org/maven2/org/springdoc/springdoc-openapi-starter-common/2.2.0/springdoc-openapi-starter-common-2.2.0-sources.jar
2026-01-30 15:48:44,531 [Worker-36: Download sources and javadoc] INFO  o.e.m.c.i.e.AbstractTransferListenerAdapter - Downloaded https://repo.maven.apache.org/maven2/org/springdoc/springdoc-openapi-starter-common/2.2.0/springdoc-openapi-starter-common-2.2.0-sources.jar
2026-01-30 15:48:44,536 [Worker-36: Download sources and javadoc] INFO  o.e.m.j.internal.DownloadSourcesJob - Downloaded sources for org.springdoc:springdoc-openapi-starter-common:2.2.0
2026-01-30 15:48:44,663 [Worker-36: Download sources and javadoc] INFO  o.e.m.c.i.e.AbstractTransferListenerAdapter - Downloading https://repo.maven.apache.org/maven2/io/swagger/core/v3/swagger-core-jakarta/2.2.15/swagger-core-jakarta-2.2.15-sources.jar
2026-01-30 15:48:44,743 [Worker-36: Download sources and javadoc] INFO  o.e.m.c.i.e.AbstractTransferListenerAdapter - Downloaded https://repo.maven.apache.org/maven2/io/swagger/core/v3/swagger-core-jakarta/2.2.15/swagger-core-jakarta-2.2.15-sources.jar
2026-01-30 15:48:44,747 [Worker-36: Download sources and javadoc] INFO  o.e.m.j.internal.DownloadSourcesJob - Downloaded sources for io.swagger.core.v3:swagger-core-jakarta:2.2.15
2026-01-30 15:48:44,878 [Worker-36: Download sources and javadoc] INFO  o.e.m.c.i.e.AbstractTransferListenerAdapter - Downloading https://repo.maven.apache.org/maven2/io/swagger/core/v3/swagger-annotations-jakarta/2.2.15/swagger-annotations-jakarta-2.2.15-sources.jar
2026-01-30 15:48:44,964 [Worker-36: Download sources and javadoc] INFO  o.e.m.c.i.e.AbstractTransferListenerAdapter - Downloaded https://repo.maven.apache.org/maven2/io/swagger/core/v3/swagger-annotations-jakarta/2.2.15/swagger-annotations-jakarta-2.2.15-sources.jar
2026-01-30 15:48:44,969 [Worker-36: Download sources and javadoc] INFO  o.e.m.j.internal.DownloadSourcesJob - Downloaded sources for io.swagger.core.v3:swagger-annotations-jakarta:2.2.15
2026-01-30 15:48:45,096 [Worker-36: Download sources and javadoc] INFO  o.e.m.c.i.e.AbstractTransferListenerAdapter - Downloading https://repo.maven.apache.org/maven2/io/swagger/core/v3/swagger-models-jakarta/2.2.15/swagger-models-jakarta-2.2.15-sources.jar
2026-01-30 15:48:45,167 [Worker-36: Download sources and javadoc] INFO  o.e.m.c.i.e.AbstractTransferListenerAdapter - Downloaded https://repo.maven.apache.org/maven2/io/swagger/core/v3/swagger-models-jakarta/2.2.15/swagger-models-jakarta-2.2.15-sources.jar
2026-01-30 15:48:45,172 [Worker-36: Download sources and javadoc] INFO  o.e.m.j.internal.DownloadSourcesJob - Downloaded sources for io.swagger.core.v3:swagger-models-jakarta:2.2.15
2026-01-30 15:48:45,635 [Worker-36: Download sources and javadoc] INFO  o.e.m.c.i.e.AbstractTransferListenerAdapter - Downloaded https://repo.maven.apache.org/maven2/org/webjars/swagger-ui/5.2.0/swagger-ui-5.2.0-sources.jar
2026-01-30 15:48:45,639 [Worker-36: Download sources and javadoc] ERROR o.e.m.j.internal.DownloadSourcesJob - Could not download sources for org.webjars:swagger-ui:5.2.0
org.eclipse.core.runtime.CoreException: Could not resolve artifact org.webjars:swagger-ui:jar:sources:5.2.0
	at org.eclipse.m2e.core.internal.embedder.MavenImpl.lambda$7(MavenImpl.java:540)
	at org.eclipse.m2e.core.internal.embedder.MavenExecutionContext.executeBare(MavenExecutionContext.java:458)
	at org.eclipse.m2e.core.internal.embedder.MavenExecutionContext.execute(MavenExecutionContext.java:292)
	at org.eclipse.m2e.core.internal.embedder.MavenExecutionContext.execute(MavenExecutionContext.java:278)
	at org.eclipse.m2e.core.internal.embedder.MavenImpl.resolve(MavenImpl.java:509)
	at org.eclipse.m2e.core.internal.embedder.MavenImpl.resolve(MavenImpl.java:494)
	at org.eclipse.m2e.jdt.internal.DownloadSourcesJob.download(DownloadSourcesJob.java:308)
	at org.eclipse.m2e.jdt.internal.DownloadSourcesJob.downloadAttachments(DownloadSourcesJob.java:282)
	at org.eclipse.m2e.jdt.internal.DownloadSourcesJob.downloadMaven(DownloadSourcesJob.java:252)
	at org.eclipse.m2e.jdt.internal.DownloadSourcesJob.downloadFilesAndPopulateToUpdate(DownloadSourcesJob.java:220)
	at org.eclipse.m2e.jdt.internal.DownloadSourcesJob.lambda$0(DownloadSourcesJob.java:149)
	at org.eclipse.m2e.core.internal.embedder.MavenExecutionContext.executeBare(MavenExecutionContext.java:458)
	at org.eclipse.m2e.core.internal.embedder.MavenExecutionContext.execute(MavenExecutionContext.java:339)
	at org.eclipse.m2e.core.internal.embedder.MavenExecutionContext.execute(MavenExecutionContext.java:278)
	at org.eclipse.m2e.core.embedder.IMaven.execute(IMaven.java:300)
	at org.eclipse.m2e.jdt.internal.DownloadSourcesJob.run(DownloadSourcesJob.java:149)
	at org.eclipse.core.internal.jobs.Worker.run(Worker.java:63)
2026-01-30 15:48:56,126 [Worker-40: Building] INFO  o.a.m.s.f.DefaultMavenResourcesFiltering - Copying 1 resource from src\main\resources to target\classes
2026-01-30 15:48:56,147 [Worker-40: Building] INFO  o.a.m.s.f.DefaultMavenResourcesFiltering - Copying 0 resource from src\main\resources to target\classes
2026-01-30 15:48:56,151 [Worker-40: Building] INFO  o.a.m.s.f.DefaultMavenResourcesFiltering - Copying 0 resource from src\test\resources to target\test-classes
2026-01-30 15:49:11,308 [Worker-62: Building] INFO  o.a.m.s.f.DefaultMavenResourcesFiltering - Copying 1 resource from src\main\resources to target\classes
2026-01-30 15:49:11,312 [Worker-62: Building] INFO  o.a.m.s.f.DefaultMavenResourcesFiltering - Copying 0 resource from src\main\resources to target\classes
2026-01-30 15:49:11,315 [Worker-62: Building] INFO  o.a.m.s.f.DefaultMavenResourcesFiltering - Copying 0 resource from src\test\resources to target\test-classes
2026-01-30 15:51:05,340 [Worker-51: Building] INFO  o.e.m.c.i.l.LifecycleMappingFactory - Using org.eclipse.m2e.jdt.JarLifecycleMapping lifecycle mapping for MavenProject: com.example:SbCms:0.0.1-SNAPSHOT @ D:\Mphasis\sb\SbCms\pom.xml.
2026-01-30 15:51:05,950 [Worker-51: Building] INFO  o.a.m.s.f.DefaultMavenResourcesFiltering - Copying 0 resource from src\main\resources to target\classes
2026-01-30 15:51:05,950 [Worker-51: Building] INFO  o.a.m.s.f.DefaultMavenResourcesFiltering - Copying 0 resource from src\main\resources to target\classes
2026-01-30 15:51:05,953 [Worker-51: Building] INFO  o.a.m.s.f.DefaultMavenResourcesFiltering - Copying 0 resource from src\test\resources to target\test-classes
2026-01-30 15:51:07,322 [Worker-58: Building] INFO  o.a.m.s.f.DefaultMavenResourcesFiltering - Copying 1 resource from src\main\resources to target\classes
2026-01-30 15:51:07,338 [Worker-58: Building] INFO  o.a.m.s.f.DefaultMavenResourcesFiltering - Copying 0 resource from src\main\resources to target\classes
2026-01-30 15:51:07,340 [Worker-58: Building] INFO  o.a.m.s.f.DefaultMavenResourcesFiltering - Copying 0 resource from src\test\resources to target\test-classes
2026-01-30 15:51:19,960 [Worker-51: Updating Maven Project] INFO  o.e.m.c.i.p.ProjectConfigurationManager - Update started
2026-01-30 15:51:20,240 [Worker-51: Updating Maven Project] INFO  o.e.m.c.i.l.LifecycleMappingFactory - Using org.eclipse.m2e.jdt.JarLifecycleMapping lifecycle mapping for MavenProject: com.example:SbCms:0.0.1-SNAPSHOT @ D:\Mphasis\sb\SbCms\pom.xml.
2026-01-30 15:51:20,788 [Worker-51: Updating Maven Project] INFO  o.e.m.j.i.AbstractJavaProjectConfigurator - Adding source folder /SbCms/src/main/java
2026-01-30 15:51:20,789 [Worker-51: Updating Maven Project] INFO  o.e.m.j.i.AbstractJavaProjectConfigurator - Adding resource folder /SbCms/src/main/resources
2026-01-30 15:51:20,789 [Worker-51: Updating Maven Project] INFO  o.e.m.j.i.AbstractJavaProjectConfigurator - Adding resource folder /SbCms/src/main/resources
2026-01-30 15:51:20,789 [Worker-51: Updating Maven Project] INFO  o.e.m.j.i.AbstractJavaProjectConfigurator - Adding source folder /SbCms/src/test/java
2026-01-30 15:51:20,790 [Worker-51: Updating Maven Project] INFO  o.e.m.j.i.AbstractJavaProjectConfigurator - Adding resource folder /SbCms/src/test/resources
2026-01-30 15:51:21,080 [Worker-51: Updating Maven Project] INFO  o.e.m.c.i.p.ProjectConfigurationManager - Update completed for 1 poms: local refresh takes 0.00 sec, refresh facades takes 0.00 sec, update config takes 0.00 sec 
2026-01-30 15:51:21,521 [Worker-17: Building] INFO  o.a.m.s.f.DefaultMavenResourcesFiltering - Copying 1 resource from src\main\resources to target\classes
2026-01-30 15:51:21,539 [Worker-17: Building] INFO  o.a.m.s.f.DefaultMavenResourcesFiltering - Copying 0 resource from src\main\resources to target\classes
2026-01-30 15:51:21,544 [Worker-17: Building] INFO  o.a.m.s.f.DefaultMavenResourcesFiltering - Copying 0 resource from src\test\resources to target\test-classes
2026-01-30 15:52:25,540 [Worker-61: Building] INFO  o.a.m.s.f.DefaultMavenResourcesFiltering - Copying 1 resource from src\main\resources to target\classes
2026-01-30 15:52:25,547 [Worker-61: Building] INFO  o.a.m.s.f.DefaultMavenResourcesFiltering - Copying 0 resource from src\main\resources to target\classes
2026-01-30 15:52:25,550 [Worker-61: Building] INFO  o.a.m.s.f.DefaultMavenResourcesFiltering - Copying 0 resource from src\test\resources to target\test-classes
2026-01-31 09:13:14,854 [Worker-8: Loading available Gradle versions] INFO  o.e.b.c.i.u.g.PublishedGradleVersions - Gradle version information cache is out-of-date. Trying to update.
2026-01-31 09:31:28,631 [Worker-12: Building] INFO  o.a.m.s.f.DefaultMavenResourcesFiltering - Copying 1 resource from src\main\resources to target\classes
2026-01-31 09:31:28,648 [Worker-12: Building] INFO  o.a.m.s.f.DefaultMavenResourcesFiltering - Copying 0 resource from src\main\resources to target\classes
2026-01-31 09:31:28,652 [Worker-12: Building] INFO  o.a.m.s.f.DefaultMavenResourcesFiltering - Copying 0 resource from src\test\resources to target\test-classes
2026-01-31 09:34:30,872 [Worker-25: Building] INFO  o.a.m.s.f.DefaultMavenResourcesFiltering - Copying 1 resource from src\main\resources to target\classes
2026-01-31 09:34:30,879 [Worker-25: Building] INFO  o.a.m.s.f.DefaultMavenResourcesFiltering - Copying 0 resource from src\main\resources to target\classes
2026-01-31 09:34:30,883 [Worker-25: Building] INFO  o.a.m.s.f.DefaultMavenResourcesFiltering - Copying 0 resource from src\test\resources to target\test-classes
2026-01-31 09:34:39,960 [Worker-25: Building] INFO  o.a.m.s.f.DefaultMavenResourcesFiltering - Copying 1 resource from src\main\resources to target\classes
2026-01-31 09:34:39,966 [Worker-25: Building] INFO  o.a.m.s.f.DefaultMavenResourcesFiltering - Copying 0 resource from src\main\resources to target\classes
2026-01-31 09:34:39,970 [Worker-25: Building] INFO  o.a.m.s.f.DefaultMavenResourcesFiltering - Copying 0 resource from src\test\resources to target\test-classes
2026-01-31 09:35:15,862 [Worker-12: Building] INFO  o.a.m.s.f.DefaultMavenResourcesFiltering - Copying 1 resource from src\main\resources to target\classes
2026-01-31 09:35:15,867 [Worker-12: Building] INFO  o.a.m.s.f.DefaultMavenResourcesFiltering - Copying 0 resource from src\main\resources to target\classes
2026-01-31 09:35:15,871 [Worker-12: Building] INFO  o.a.m.s.f.DefaultMavenResourcesFiltering - Copying 0 resource from src\test\resources to target\test-classes
2026-01-31 09:35:41,224 [Worker-27: Building] INFO  o.a.m.s.f.DefaultMavenResourcesFiltering - Copying 1 resource from src\main\resources to target\classes
2026-01-31 09:35:41,227 [Worker-27: Building] INFO  o.a.m.s.f.DefaultMavenResourcesFiltering - Copying 0 resource from src\main\resources to target\classes
2026-01-31 09:35:41,230 [Worker-27: Building] INFO  o.a.m.s.f.DefaultMavenResourcesFiltering - Copying 0 resource from src\test\resources to target\test-classes
2026-01-31 09:36:29,898 [Worker-25: Building] INFO  o.a.m.s.f.DefaultMavenResourcesFiltering - Copying 1 resource from src\main\resources to target\classes
2026-01-31 09:36:29,901 [Worker-25: Building] INFO  o.a.m.s.f.DefaultMavenResourcesFiltering - Copying 0 resource from src\main\resources to target\classes
2026-01-31 09:36:29,906 [Worker-25: Building] INFO  o.a.m.s.f.DefaultMavenResourcesFiltering - Copying 0 resource from src\test\resources to target\test-classes
2026-01-31 09:38:08,418 [Worker-12: Building] INFO  o.a.m.s.f.DefaultMavenResourcesFiltering - Copying 1 resource from src\main\resources to target\classes
2026-01-31 09:38:08,424 [Worker-12: Building] INFO  o.a.m.s.f.DefaultMavenResourcesFiltering - Copying 0 resource from src\main\resources to target\classes
2026-01-31 09:38:08,426 [Worker-12: Building] INFO  o.a.m.s.f.DefaultMavenResourcesFiltering - Copying 0 resource from src\test\resources to target\test-classes
2026-01-31 09:38:34,402 [Worker-28: Building] INFO  o.a.m.s.f.DefaultMavenResourcesFiltering - Copying 1 resource from src\main\resources to target\classes
2026-01-31 09:38:34,407 [Worker-28: Building] INFO  o.a.m.s.f.DefaultMavenResourcesFiltering - Copying 0 resource from src\main\resources to target\classes
2026-01-31 09:38:34,410 [Worker-28: Building] INFO  o.a.m.s.f.DefaultMavenResourcesFiltering - Copying 0 resource from src\test\resources to target\test-classes
2026-01-31 09:39:09,989 [Worker-26: Building] INFO  o.a.m.s.f.DefaultMavenResourcesFiltering - Copying 1 resource from src\main\resources to target\classes
2026-01-31 09:39:09,992 [Worker-26: Building] INFO  o.a.m.s.f.DefaultMavenResourcesFiltering - Copying 0 resource from src\main\resources to target\classes
2026-01-31 09:39:09,995 [Worker-26: Building] INFO  o.a.m.s.f.DefaultMavenResourcesFiltering - Copying 0 resource from src\test\resources to target\test-classes
2026-01-31 09:39:24,561 [Worker-25: Building] INFO  o.a.m.s.f.DefaultMavenResourcesFiltering - Copying 1 resource from src\main\resources to target\classes
2026-01-31 09:39:24,564 [Worker-25: Building] INFO  o.a.m.s.f.DefaultMavenResourcesFiltering - Copying 0 resource from src\main\resources to target\classes
2026-01-31 09:39:24,568 [Worker-25: Building] INFO  o.a.m.s.f.DefaultMavenResourcesFiltering - Copying 0 resource from src\test\resources to target\test-classes
2026-01-31 09:42:18,499 [Worker-26: Building] INFO  o.a.m.s.f.DefaultMavenResourcesFiltering - Copying 1 resource from src\main\resources to target\classes
2026-01-31 09:42:18,520 [Worker-26: Building] INFO  o.a.m.s.f.DefaultMavenResourcesFiltering - Copying 0 resource from src\main\resources to target\classes
2026-01-31 09:42:18,527 [Worker-26: Building] INFO  o.a.m.s.f.DefaultMavenResourcesFiltering - Copying 0 resource from src\test\resources to target\test-classes
2026-01-31 09:43:19,285 [Worker-24: Building] INFO  o.a.m.s.f.DefaultMavenResourcesFiltering - Copying 1 resource from src\main\resources to target\classes
2026-01-31 09:43:19,289 [Worker-24: Building] INFO  o.a.m.s.f.DefaultMavenResourcesFiltering - Copying 0 resource from src\main\resources to target\classes
2026-01-31 09:43:19,292 [Worker-24: Building] INFO  o.a.m.s.f.DefaultMavenResourcesFiltering - Copying 0 resource from src\test\resources to target\test-classes
2026-01-31 09:56:51,771 [Worker-24: Building] INFO  o.a.m.s.f.DefaultMavenResourcesFiltering - Copying 1 resource from src\main\resources to target\classes
2026-01-31 09:56:51,776 [Worker-24: Building] INFO  o.a.m.s.f.DefaultMavenResourcesFiltering - Copying 0 resource from src\main\resources to target\classes
2026-01-31 09:56:51,778 [Worker-24: Building] INFO  o.a.m.s.f.DefaultMavenResourcesFiltering - Copying 0 resource from src\test\resources to target\test-classes
2026-01-31 09:59:35,953 [Worker-12: Building] INFO  o.a.m.s.f.DefaultMavenResourcesFiltering - Copying 1 resource from src\main\resources to target\classes
2026-01-31 09:59:35,959 [Worker-12: Building] INFO  o.a.m.s.f.DefaultMavenResourcesFiltering - Copying 0 resource from src\main\resources to target\classes
2026-01-31 09:59:35,961 [Worker-12: Building] INFO  o.a.m.s.f.DefaultMavenResourcesFiltering - Copying 0 resource from src\test\resources to target\test-classes
2026-01-31 09:59:43,118 [Worker-18: Building] INFO  o.a.m.s.f.DefaultMavenResourcesFiltering - Copying 1 resource from src\main\resources to target\classes
2026-01-31 09:59:43,122 [Worker-18: Building] INFO  o.a.m.s.f.DefaultMavenResourcesFiltering - Copying 0 resource from src\main\resources to target\classes
2026-01-31 09:59:43,125 [Worker-18: Building] INFO  o.a.m.s.f.DefaultMavenResourcesFiltering - Copying 0 resource from src\test\resources to target\test-classes
2026-01-31 09:59:51,422 [Worker-18: Building] INFO  o.a.m.s.f.DefaultMavenResourcesFiltering - Copying 1 resource from src\main\resources to target\classes
2026-01-31 09:59:51,425 [Worker-18: Building] INFO  o.a.m.s.f.DefaultMavenResourcesFiltering - Copying 0 resource from src\main\resources to target\classes
2026-01-31 09:59:51,428 [Worker-18: Building] INFO  o.a.m.s.f.DefaultMavenResourcesFiltering - Copying 0 resource from src\test\resources to target\test-classes
2026-01-31 09:59:59,902 [Worker-12: Building] INFO  o.a.m.s.f.DefaultMavenResourcesFiltering - Copying 1 resource from src\main\resources to target\classes
2026-01-31 09:59:59,908 [Worker-12: Building] INFO  o.a.m.s.f.DefaultMavenResourcesFiltering - Copying 0 resource from src\main\resources to target\classes
2026-01-31 09:59:59,912 [Worker-12: Building] INFO  o.a.m.s.f.DefaultMavenResourcesFiltering - Copying 0 resource from src\test\resources to target\test-classes
2026-01-31 10:00:17,025 [Worker-24: Building] INFO  o.a.m.s.f.DefaultMavenResourcesFiltering - Copying 1 resource from src\main\resources to target\classes
2026-01-31 10:00:17,031 [Worker-24: Building] INFO  o.a.m.s.f.DefaultMavenResourcesFiltering - Copying 0 resource from src\main\resources to target\classes
2026-01-31 10:00:17,034 [Worker-24: Building] INFO  o.a.m.s.f.DefaultMavenResourcesFiltering - Copying 0 resource from src\test\resources to target\test-classes
2026-01-31 10:00:23,696 [Worker-12: Building] INFO  o.a.m.s.f.DefaultMavenResourcesFiltering - Copying 1 resource from src\main\resources to target\classes
2026-01-31 10:00:23,700 [Worker-12: Building] INFO  o.a.m.s.f.DefaultMavenResourcesFiltering - Copying 0 resource from src\main\resources to target\classes
2026-01-31 10:00:23,704 [Worker-12: Building] INFO  o.a.m.s.f.DefaultMavenResourcesFiltering - Copying 0 resource from src\test\resources to target\test-classes
2026-01-31 10:00:34,129 [Worker-24: Building] INFO  o.a.m.s.f.DefaultMavenResourcesFiltering - Copying 1 resource from src\main\resources to target\classes
2026-01-31 10:00:34,139 [Worker-24: Building] INFO  o.a.m.s.f.DefaultMavenResourcesFiltering - Copying 0 resource from src\main\resources to target\classes
2026-01-31 10:00:34,142 [Worker-24: Building] INFO  o.a.m.s.f.DefaultMavenResourcesFiltering - Copying 0 resource from src\test\resources to target\test-classes
2026-01-31 10:02:11,287 [Worker-24: Building] INFO  o.a.m.s.f.DefaultMavenResourcesFiltering - Copying 1 resource from src\main\resources to target\classes
2026-01-31 10:02:11,290 [Worker-24: Building] INFO  o.a.m.s.f.DefaultMavenResourcesFiltering - Copying 0 resource from src\main\resources to target\classes
2026-01-31 10:02:11,292 [Worker-24: Building] INFO  o.a.m.s.f.DefaultMavenResourcesFiltering - Copying 0 resource from src\test\resources to target\test-classes
2026-01-31 10:03:15,459 [Worker-24: Building] INFO  o.a.m.s.f.DefaultMavenResourcesFiltering - Copying 1 resource from src\main\resources to target\classes
2026-01-31 10:03:15,461 [Worker-24: Building] INFO  o.a.m.s.f.DefaultMavenResourcesFiltering - Copying 0 resource from src\main\resources to target\classes
2026-01-31 10:03:15,464 [Worker-24: Building] INFO  o.a.m.s.f.DefaultMavenResourcesFiltering - Copying 0 resource from src\test\resources to target\test-classes
2026-01-31 10:04:16,707 [Worker-27: Building] INFO  o.a.m.s.f.DefaultMavenResourcesFiltering - Copying 1 resource from src\main\resources to target\classes
2026-01-31 10:04:16,728 [Worker-27: Building] INFO  o.a.m.s.f.DefaultMavenResourcesFiltering - Copying 0 resource from src\main\resources to target\classes
2026-01-31 10:04:16,734 [Worker-27: Building] INFO  o.a.m.s.f.DefaultMavenResourcesFiltering - Copying 0 resource from src\test\resources to target\test-classes
2026-01-31 10:04:31,810 [Worker-25: Building] INFO  o.a.m.s.f.DefaultMavenResourcesFiltering - Copying 1 resource from src\main\resources to target\classes
2026-01-31 10:04:31,814 [Worker-25: Building] INFO  o.a.m.s.f.DefaultMavenResourcesFiltering - Copying 0 resource from src\main\resources to target\classes
2026-01-31 10:04:31,816 [Worker-25: Building] INFO  o.a.m.s.f.DefaultMavenResourcesFiltering - Copying 0 resource from src\test\resources to target\test-classes
2026-01-31 10:05:00,443 [Worker-18: Building] INFO  o.a.m.s.f.DefaultMavenResourcesFiltering - Copying 1 resource from src\main\resources to target\classes
2026-01-31 10:05:00,446 [Worker-18: Building] INFO  o.a.m.s.f.DefaultMavenResourcesFiltering - Copying 0 resource from src\main\resources to target\classes
2026-01-31 10:05:00,449 [Worker-18: Building] INFO  o.a.m.s.f.DefaultMavenResourcesFiltering - Copying 0 resource from src\test\resources to target\test-classes
2026-01-31 10:05:56,817 [Worker-29: Building] INFO  o.a.m.s.f.DefaultMavenResourcesFiltering - Copying 1 resource from src\main\resources to target\classes
2026-01-31 10:05:56,823 [Worker-29: Building] INFO  o.a.m.s.f.DefaultMavenResourcesFiltering - Copying 0 resource from src\main\resources to target\classes
2026-01-31 10:05:56,825 [Worker-29: Building] INFO  o.a.m.s.f.DefaultMavenResourcesFiltering - Copying 0 resource from src\test\resources to target\test-classes
2026-01-31 10:06:21,282 [Worker-29: Building] INFO  o.a.m.s.f.DefaultMavenResourcesFiltering - Copying 1 resource from src\main\resources to target\classes
2026-01-31 10:06:21,288 [Worker-29: Building] INFO  o.a.m.s.f.DefaultMavenResourcesFiltering - Copying 0 resource from src\main\resources to target\classes
2026-01-31 10:06:21,293 [Worker-29: Building] INFO  o.a.m.s.f.DefaultMavenResourcesFiltering - Copying 0 resource from src\test\resources to target\test-classes
2026-01-31 10:07:07,621 [Worker-27: Building] INFO  o.a.m.s.f.DefaultMavenResourcesFiltering - Copying 1 resource from src\main\resources to target\classes
2026-01-31 10:07:07,641 [Worker-27: Building] INFO  o.a.m.s.f.DefaultMavenResourcesFiltering - Copying 0 resource from src\main\resources to target\classes
2026-01-31 10:07:07,648 [Worker-27: Building] INFO  o.a.m.s.f.DefaultMavenResourcesFiltering - Copying 0 resource from src\test\resources to target\test-classes
2026-01-31 10:10:12,388 [Worker-18: Building] INFO  o.a.m.s.f.DefaultMavenResourcesFiltering - Copying 1 resource from src\main\resources to target\classes
2026-01-31 10:10:12,391 [Worker-18: Building] INFO  o.a.m.s.f.DefaultMavenResourcesFiltering - Copying 0 resource from src\main\resources to target\classes
2026-01-31 10:10:12,393 [Worker-18: Building] INFO  o.a.m.s.f.DefaultMavenResourcesFiltering - Copying 0 resource from src\test\resources to target\test-classes
2026-01-31 10:10:24,421 [Worker-27: Building] INFO  o.a.m.s.f.DefaultMavenResourcesFiltering - Copying 1 resource from src\main\resources to target\classes
2026-01-31 10:10:24,427 [Worker-27: Building] INFO  o.a.m.s.f.DefaultMavenResourcesFiltering - Copying 0 resource from src\main\resources to target\classes
2026-01-31 10:10:24,430 [Worker-27: Building] INFO  o.a.m.s.f.DefaultMavenResourcesFiltering - Copying 0 resource from src\test\resources to target\test-classes
2026-01-31 10:10:46,674 [Worker-24: Building] INFO  o.a.m.s.f.DefaultMavenResourcesFiltering - Copying 1 resource from src\main\resources to target\classes
2026-01-31 10:10:46,677 [Worker-24: Building] INFO  o.a.m.s.f.DefaultMavenResourcesFiltering - Copying 0 resource from src\main\resources to target\classes
2026-01-31 10:10:46,679 [Worker-24: Building] INFO  o.a.m.s.f.DefaultMavenResourcesFiltering - Copying 0 resource from src\test\resources to target\test-classes
2026-01-31 10:11:24,832 [Worker-29: Building] INFO  o.a.m.s.f.DefaultMavenResourcesFiltering - Copying 1 resource from src\main\resources to target\classes
2026-01-31 10:11:24,838 [Worker-29: Building] INFO  o.a.m.s.f.DefaultMavenResourcesFiltering - Copying 0 resource from src\main\resources to target\classes
2026-01-31 10:11:24,843 [Worker-29: Building] INFO  o.a.m.s.f.DefaultMavenResourcesFiltering - Copying 0 resource from src\test\resources to target\test-classes
2026-01-31 10:11:36,525 [Worker-31: Building] INFO  o.a.m.s.f.DefaultMavenResourcesFiltering - Copying 1 resource from src\main\resources to target\classes
2026-01-31 10:11:36,530 [Worker-31: Building] INFO  o.a.m.s.f.DefaultMavenResourcesFiltering - Copying 0 resource from src\main\resources to target\classes
2026-01-31 10:11:36,532 [Worker-31: Building] INFO  o.a.m.s.f.DefaultMavenResourcesFiltering - Copying 0 resource from src\test\resources to target\test-classes
2026-01-31 10:11:56,789 [Worker-24: Building] INFO  o.a.m.s.f.DefaultMavenResourcesFiltering - Copying 1 resource from src\main\resources to target\classes
2026-01-31 10:11:56,795 [Worker-24: Building] INFO  o.a.m.s.f.DefaultMavenResourcesFiltering - Copying 0 resource from src\main\resources to target\classes
2026-01-31 10:11:56,797 [Worker-24: Building] INFO  o.a.m.s.f.DefaultMavenResourcesFiltering - Copying 0 resource from src\test\resources to target\test-classes
2026-01-31 10:14:39,085 [Worker-31: Building] INFO  o.a.m.s.f.DefaultMavenResourcesFiltering - Copying 1 resource from src\main\resources to target\classes
2026-01-31 10:14:39,102 [Worker-31: Building] INFO  o.a.m.s.f.DefaultMavenResourcesFiltering - Copying 0 resource from src\main\resources to target\classes
2026-01-31 10:14:39,107 [Worker-31: Building] INFO  o.a.m.s.f.DefaultMavenResourcesFiltering - Copying 0 resource from src\test\resources to target\test-classes
2026-01-31 10:16:25,325 [Worker-12: Building] INFO  o.a.m.s.f.DefaultMavenResourcesFiltering - Copying 1 resource from src\main\resources to target\classes
2026-01-31 10:16:25,329 [Worker-12: Building] INFO  o.a.m.s.f.DefaultMavenResourcesFiltering - Copying 0 resource from src\main\resources to target\classes
2026-01-31 10:16:25,331 [Worker-12: Building] INFO  o.a.m.s.f.DefaultMavenResourcesFiltering - Copying 0 resource from src\test\resources to target\test-classes
2026-01-31 10:16:44,557 [Worker-24: Building] INFO  o.a.m.s.f.DefaultMavenResourcesFiltering - Copying 1 resource from src\main\resources to target\classes
2026-01-31 10:16:44,563 [Worker-24: Building] INFO  o.a.m.s.f.DefaultMavenResourcesFiltering - Copying 0 resource from src\main\resources to target\classes
2026-01-31 10:16:44,566 [Worker-24: Building] INFO  o.a.m.s.f.DefaultMavenResourcesFiltering - Copying 0 resource from src\test\resources to target\test-classes
2026-01-31 10:17:17,287 [Worker-12: Building] INFO  o.a.m.s.f.DefaultMavenResourcesFiltering - Copying 1 resource from src\main\resources to target\classes
2026-01-31 10:17:17,293 [Worker-12: Building] INFO  o.a.m.s.f.DefaultMavenResourcesFiltering - Copying 0 resource from src\main\resources to target\classes
2026-01-31 10:17:17,296 [Worker-12: Building] INFO  o.a.m.s.f.DefaultMavenResourcesFiltering - Copying 0 resource from src\test\resources to target\test-classes
2026-01-31 10:17:53,885 [Worker-26: Building] INFO  o.a.m.s.f.DefaultMavenResourcesFiltering - Copying 1 resource from src\main\resources to target\classes
2026-01-31 10:17:53,892 [Worker-26: Building] INFO  o.a.m.s.f.DefaultMavenResourcesFiltering - Copying 0 resource from src\main\resources to target\classes
2026-01-31 10:17:53,896 [Worker-26: Building] INFO  o.a.m.s.f.DefaultMavenResourcesFiltering - Copying 0 resource from src\test\resources to target\test-classes
2026-01-31 10:18:28,729 [Worker-25: Building] INFO  o.a.m.s.f.DefaultMavenResourcesFiltering - Copying 1 resource from src\main\resources to target\classes
2026-01-31 10:18:28,733 [Worker-25: Building] INFO  o.a.m.s.f.DefaultMavenResourcesFiltering - Copying 0 resource from src\main\resources to target\classes
2026-01-31 10:18:28,735 [Worker-25: Building] INFO  o.a.m.s.f.DefaultMavenResourcesFiltering - Copying 0 resource from src\test\resources to target\test-classes
2026-01-31 10:18:35,022 [Worker-28: Building] INFO  o.a.m.s.f.DefaultMavenResourcesFiltering - Copying 1 resource from src\main\resources to target\classes
2026-01-31 10:18:35,027 [Worker-28: Building] INFO  o.a.m.s.f.DefaultMavenResourcesFiltering - Copying 0 resource from src\main\resources to target\classes
2026-01-31 10:18:35,029 [Worker-28: Building] INFO  o.a.m.s.f.DefaultMavenResourcesFiltering - Copying 0 resource from src\test\resources to target\test-classes
2026-01-31 10:40:57,326 [Worker-26: Building] INFO  o.a.m.s.f.DefaultMavenResourcesFiltering - Copying 1 resource from src\main\resources to target\classes
2026-01-31 10:40:57,332 [Worker-26: Building] INFO  o.a.m.s.f.DefaultMavenResourcesFiltering - Copying 0 resource from src\main\resources to target\classes
2026-01-31 10:40:57,334 [Worker-26: Building] INFO  o.a.m.s.f.DefaultMavenResourcesFiltering - Copying 0 resource from src\test\resources to target\test-classes
2026-01-31 10:41:41,878 [Worker-28: Building] INFO  o.a.m.s.f.DefaultMavenResourcesFiltering - Copying 1 resource from src\main\resources to target\classes
2026-01-31 10:41:41,900 [Worker-28: Building] INFO  o.a.m.s.f.DefaultMavenResourcesFiltering - Copying 0 resource from src\main\resources to target\classes
2026-01-31 10:41:41,904 [Worker-28: Building] INFO  o.a.m.s.f.DefaultMavenResourcesFiltering - Copying 0 resource from src\test\resources to target\test-classes
2026-01-31 10:42:34,019 [Worker-30: Building] INFO  o.a.m.s.f.DefaultMavenResourcesFiltering - Copying 1 resource from src\main\resources to target\classes
2026-01-31 10:42:34,024 [Worker-30: Building] INFO  o.a.m.s.f.DefaultMavenResourcesFiltering - Copying 0 resource from src\main\resources to target\classes
2026-01-31 10:42:34,026 [Worker-30: Building] INFO  o.a.m.s.f.DefaultMavenResourcesFiltering - Copying 0 resource from src\test\resources to target\test-classes
2026-01-31 10:44:27,966 [Worker-24: Building] INFO  o.a.m.s.f.DefaultMavenResourcesFiltering - Copying 1 resource from src\main\resources to target\classes
2026-01-31 10:44:27,971 [Worker-24: Building] INFO  o.a.m.s.f.DefaultMavenResourcesFiltering - Copying 0 resource from src\main\resources to target\classes
2026-01-31 10:44:27,974 [Worker-24: Building] INFO  o.a.m.s.f.DefaultMavenResourcesFiltering - Copying 0 resource from src\test\resources to target\test-classes
2026-01-31 10:44:58,376 [Worker-12: Building] INFO  o.a.m.s.f.DefaultMavenResourcesFiltering - Copying 1 resource from src\main\resources to target\classes
2026-01-31 10:44:58,382 [Worker-12: Building] INFO  o.a.m.s.f.DefaultMavenResourcesFiltering - Copying 0 resource from src\main\resources to target\classes
2026-01-31 10:44:58,383 [Worker-12: Building] INFO  o.a.m.s.f.DefaultMavenResourcesFiltering - Copying 0 resource from src\test\resources to target\test-classes
2026-01-31 10:45:20,219 [Worker-24: Building] INFO  o.a.m.s.f.DefaultMavenResourcesFiltering - Copying 1 resource from src\main\resources to target\classes
2026-01-31 10:45:20,225 [Worker-24: Building] INFO  o.a.m.s.f.DefaultMavenResourcesFiltering - Copying 0 resource from src\main\resources to target\classes
2026-01-31 10:45:20,227 [Worker-24: Building] INFO  o.a.m.s.f.DefaultMavenResourcesFiltering - Copying 0 resource from src\test\resources to target\test-classes
2026-01-31 10:52:36,651 [Worker-27: Building] INFO  o.a.m.s.f.DefaultMavenResourcesFiltering - Copying 1 resource from src\main\resources to target\classes
2026-01-31 10:52:36,656 [Worker-27: Building] INFO  o.a.m.s.f.DefaultMavenResourcesFiltering - Copying 0 resource from src\main\resources to target\classes
2026-01-31 10:52:36,658 [Worker-27: Building] INFO  o.a.m.s.f.DefaultMavenResourcesFiltering - Copying 0 resource from src\test\resources to target\test-classes
2026-02-02 10:41:15,356 [Worker-18: Loading available Gradle versions] INFO  o.e.b.c.i.u.g.PublishedGradleVersions - Gradle version information cache is out-of-date. Trying to update.
2026-02-02 10:42:12,111 [Worker-28: Import Getting Started Content] INFO  o.e.m.c.i.l.LifecycleMappingFactory - Using org.eclipse.m2e.jdt.JarLifecycleMapping lifecycle mapping for MavenProject: com.example:SbThymeLeaf:0.0.1-SNAPSHOT @ D:\Mphasis\sb\SbThymeLeaf\pom.xml.
2026-02-02 10:42:14,761 [Worker-28: Import Getting Started Content] INFO  o.e.m.c.i.e.AbstractTransferListenerAdapter - Downloading https://repo.maven.apache.org/maven2/org/springframework/boot/spring-boot-starter-thymeleaf/3.5.10/spring-boot-starter-thymeleaf-3.5.10.pom
2026-02-02 10:42:14,859 [Worker-28: Import Getting Started Content] INFO  o.e.m.c.i.e.AbstractTransferListenerAdapter - Downloaded https://repo.maven.apache.org/maven2/org/springframework/boot/spring-boot-starter-thymeleaf/3.5.10/spring-boot-starter-thymeleaf-3.5.10.pom
2026-02-02 10:42:14,930 [Worker-28: Import Getting Started Content] INFO  o.e.m.c.i.e.AbstractTransferListenerAdapter - Downloading https://repo.maven.apache.org/maven2/org/thymeleaf/thymeleaf-spring6/3.1.3.RELEASE/thymeleaf-spring6-3.1.3.RELEASE.pom
2026-02-02 10:42:14,980 [Worker-28: Import Getting Started Content] INFO  o.e.m.c.i.e.AbstractTransferListenerAdapter - Downloaded https://repo.maven.apache.org/maven2/org/thymeleaf/thymeleaf-spring6/3.1.3.RELEASE/thymeleaf-spring6-3.1.3.RELEASE.pom
2026-02-02 10:42:15,042 [Worker-28: Import Getting Started Content] INFO  o.e.m.c.i.e.AbstractTransferListenerAdapter - Downloading https://repo.maven.apache.org/maven2/org/thymeleaf/thymeleaf-lib/3.1.3.RELEASE/thymeleaf-lib-3.1.3.RELEASE.pom
2026-02-02 10:42:15,108 [Worker-28: Import Getting Started Content] INFO  o.e.m.c.i.e.AbstractTransferListenerAdapter - Downloaded https://repo.maven.apache.org/maven2/org/thymeleaf/thymeleaf-lib/3.1.3.RELEASE/thymeleaf-lib-3.1.3.RELEASE.pom
2026-02-02 10:42:15,179 [Worker-28: Import Getting Started Content] INFO  o.e.m.c.i.e.AbstractTransferListenerAdapter - Downloading https://repo.maven.apache.org/maven2/org/thymeleaf/thymeleaf-parent/3.1.3.RELEASE/thymeleaf-parent-3.1.3.RELEASE.pom
2026-02-02 10:42:15,311 [Worker-28: Import Getting Started Content] INFO  o.e.m.c.i.e.AbstractTransferListenerAdapter - Downloaded https://repo.maven.apache.org/maven2/org/thymeleaf/thymeleaf-parent/3.1.3.RELEASE/thymeleaf-parent-3.1.3.RELEASE.pom
2026-02-02 10:42:15,416 [Worker-28: Import Getting Started Content] INFO  o.e.m.c.i.e.AbstractTransferListenerAdapter - Downloading https://repo.maven.apache.org/maven2/org/springframework/spring-framework-bom/6.2.0/spring-framework-bom-6.2.0.pom
2026-02-02 10:42:15,468 [Worker-28: Import Getting Started Content] INFO  o.e.m.c.i.e.AbstractTransferListenerAdapter - Downloaded https://repo.maven.apache.org/maven2/org/springframework/spring-framework-bom/6.2.0/spring-framework-bom-6.2.0.pom
2026-02-02 10:42:15,687 [Worker-28: Import Getting Started Content] INFO  o.e.m.c.i.e.AbstractTransferListenerAdapter - Downloading https://repo.maven.apache.org/maven2/org/apache/logging/log4j/log4j-bom/2.24.2/log4j-bom-2.24.2.pom
2026-02-02 10:42:15,728 [Worker-28: Import Getting Started Content] INFO  o.e.m.c.i.e.AbstractTransferListenerAdapter - Downloaded https://repo.maven.apache.org/maven2/org/apache/logging/log4j/log4j-bom/2.24.2/log4j-bom-2.24.2.pom
2026-02-02 10:42:15,823 [Worker-28: Import Getting Started Content] INFO  o.e.m.c.i.e.AbstractTransferListenerAdapter - Downloading https://repo.maven.apache.org/maven2/org/thymeleaf/thymeleaf/3.1.3.RELEASE/thymeleaf-3.1.3.RELEASE.pom
2026-02-02 10:42:15,869 [Worker-28: Import Getting Started Content] INFO  o.e.m.c.i.e.AbstractTransferListenerAdapter - Downloaded https://repo.maven.apache.org/maven2/org/thymeleaf/thymeleaf/3.1.3.RELEASE/thymeleaf-3.1.3.RELEASE.pom
2026-02-02 10:42:15,934 [Worker-28: Import Getting Started Content] INFO  o.e.m.c.i.e.AbstractTransferListenerAdapter - Downloading https://repo.maven.apache.org/maven2/org/attoparser/attoparser/2.0.7.RELEASE/attoparser-2.0.7.RELEASE.pom
2026-02-02 10:42:15,983 [Worker-28: Import Getting Started Content] INFO  o.e.m.c.i.e.AbstractTransferListenerAdapter - Downloaded https://repo.maven.apache.org/maven2/org/attoparser/attoparser/2.0.7.RELEASE/attoparser-2.0.7.RELEASE.pom
2026-02-02 10:42:16,077 [Worker-28: Import Getting Started Content] INFO  o.e.m.c.i.e.AbstractTransferListenerAdapter - Downloading https://repo.maven.apache.org/maven2/org/unbescape/unbescape/1.1.6.RELEASE/unbescape-1.1.6.RELEASE.pom
2026-02-02 10:42:16,176 [Worker-28: Import Getting Started Content] INFO  o.e.m.c.i.e.AbstractTransferListenerAdapter - Downloaded https://repo.maven.apache.org/maven2/org/unbescape/unbescape/1.1.6.RELEASE/unbescape-1.1.6.RELEASE.pom
2026-02-02 10:42:17,952 [Worker-28: Import Getting Started Content] INFO  o.e.m.c.i.e.AbstractTransferListenerAdapter - Downloading https://repo.maven.apache.org/maven2/org/springframework/boot/spring-boot-starter-thymeleaf/3.5.10/spring-boot-starter-thymeleaf-3.5.10.jar
2026-02-02 10:42:18,056 [Worker-28: Import Getting Started Content] INFO  o.e.m.c.i.e.AbstractTransferListenerAdapter - Downloaded https://repo.maven.apache.org/maven2/org/springframework/boot/spring-boot-starter-thymeleaf/3.5.10/spring-boot-starter-thymeleaf-3.5.10.jar
2026-02-02 10:42:18,112 [BasicRepositoryConnector-repo.maven.apache.org-0-0] INFO  o.e.m.c.i.e.AbstractTransferListenerAdapter - Downloading https://repo.maven.apache.org/maven2/org/thymeleaf/thymeleaf-spring6/3.1.3.RELEASE/thymeleaf-spring6-3.1.3.RELEASE.jar
2026-02-02 10:42:18,445 [BasicRepositoryConnector-repo.maven.apache.org-0-3] INFO  o.e.m.c.i.e.AbstractTransferListenerAdapter - Downloading https://repo.maven.apache.org/maven2/org/unbescape/unbescape/1.1.6.RELEASE/unbescape-1.1.6.RELEASE.jar
2026-02-02 10:42:18,445 [BasicRepositoryConnector-repo.maven.apache.org-0-2] INFO  o.e.m.c.i.e.AbstractTransferListenerAdapter - Downloading https://repo.maven.apache.org/maven2/org/attoparser/attoparser/2.0.7.RELEASE/attoparser-2.0.7.RELEASE.jar
2026-02-02 10:42:18,494 [BasicRepositoryConnector-repo.maven.apache.org-0-1] INFO  o.e.m.c.i.e.AbstractTransferListenerAdapter - Downloading https://repo.maven.apache.org/maven2/org/thymeleaf/thymeleaf/3.1.3.RELEASE/thymeleaf-3.1.3.RELEASE.jar
2026-02-02 10:42:18,511 [BasicRepositoryConnector-repo.maven.apache.org-0-0] INFO  o.e.m.c.i.e.AbstractTransferListenerAdapter - Downloaded https://repo.maven.apache.org/maven2/org/thymeleaf/thymeleaf-spring6/3.1.3.RELEASE/thymeleaf-spring6-3.1.3.RELEASE.jar
2026-02-02 10:42:18,671 [BasicRepositoryConnector-repo.maven.apache.org-0-3] INFO  o.e.m.c.i.e.AbstractTransferListenerAdapter - Downloaded https://repo.maven.apache.org/maven2/org/unbescape/unbescape/1.1.6.RELEASE/unbescape-1.1.6.RELEASE.jar
2026-02-02 10:42:18,804 [BasicRepositoryConnector-repo.maven.apache.org-0-2] INFO  o.e.m.c.i.e.AbstractTransferListenerAdapter - Downloaded https://repo.maven.apache.org/maven2/org/attoparser/attoparser/2.0.7.RELEASE/attoparser-2.0.7.RELEASE.jar
2026-02-02 10:42:19,210 [BasicRepositoryConnector-repo.maven.apache.org-0-1] INFO  o.e.m.c.i.e.AbstractTransferListenerAdapter - Downloaded https://repo.maven.apache.org/maven2/org/thymeleaf/thymeleaf/3.1.3.RELEASE/thymeleaf-3.1.3.RELEASE.jar
2026-02-02 10:42:20,095 [Worker-28: Import Getting Started Content] INFO  o.e.m.c.i.l.LifecycleMappingFactory - Using org.eclipse.m2e.jdt.JarLifecycleMapping lifecycle mapping for MavenProject: com.example:SbSecurity1:0.0.1-SNAPSHOT @ D:\Mphasis\sb\SbSecurity1\pom.xml.
2026-02-02 10:42:20,837 [Worker-28: Import Getting Started Content] INFO  o.e.m.c.i.l.LifecycleMappingFactory - Using org.eclipse.m2e.jdt.JarLifecycleMapping lifecycle mapping for MavenProject: com.example:SbSecurityNew:0.0.1-SNAPSHOT @ D:\Mphasis\sb\SbSecurityNew\pom.xml.
2026-02-02 10:42:21,693 [Worker-28: Import Getting Started Content] INFO  o.e.m.c.i.l.LifecycleMappingFactory - Using org.eclipse.m2e.jdt.JarLifecycleMapping lifecycle mapping for MavenProject: com.example:DemoProject:0.0.1-SNAPSHOT @ D:\Mphasis\sb\DemoProject\pom.xml.
2026-02-02 10:42:22,451 [Worker-28: Import Getting Started Content] INFO  o.e.m.c.i.l.LifecycleMappingFactory - Using org.eclipse.m2e.jdt.JarLifecycleMapping lifecycle mapping for MavenProject: com.example:SbJdbc:0.0.1-SNAPSHOT @ D:\Mphasis\sb\SbJdbc\pom.xml.
2026-02-02 10:42:24,881 [Worker-28: Import Getting Started Content] INFO  o.e.m.c.i.l.LifecycleMappingFactory - Using org.eclipse.m2e.jdt.JarLifecycleMapping lifecycle mapping for MavenProject: com.example:SbCms:0.0.1-SNAPSHOT @ D:\Mphasis\sb\SbCms\pom.xml.
2026-02-02 10:42:27,937 [Worker-28: Import Getting Started Content] INFO  o.e.m.j.i.AbstractJavaProjectConfigurator - Adding source folder /SbThymeLeaf/src/main/java
2026-02-02 10:42:27,940 [Worker-28: Import Getting Started Content] INFO  o.e.m.j.i.AbstractJavaProjectConfigurator - Adding resource folder /SbThymeLeaf/src/main/resources
2026-02-02 10:42:28,024 [Worker-28: Import Getting Started Content] INFO  o.e.m.j.i.AbstractJavaProjectConfigurator - Adding resource folder /SbThymeLeaf/src/main/resources
2026-02-02 10:42:28,046 [Worker-28: Import Getting Started Content] INFO  o.e.m.j.i.AbstractJavaProjectConfigurator - Adding source folder /SbThymeLeaf/src/test/java
2026-02-02 10:42:28,048 [Worker-28: Import Getting Started Content] INFO  o.e.m.j.i.AbstractJavaProjectConfigurator - Adding resource folder /SbThymeLeaf/src/test/resources
2026-02-02 10:42:28,536 [Worker-23: Download sources and javadoc] INFO  o.e.m.c.i.e.AbstractTransferListenerAdapter - Downloading https://repo.maven.apache.org/maven2/org/springframework/boot/spring-boot-starter-thymeleaf/3.5.10/spring-boot-starter-thymeleaf-3.5.10-sources.jar
2026-02-02 10:42:28,543 [Worker-23: Download sources and javadoc] INFO  o.e.m.c.i.e.AbstractTransferListenerAdapter - Downloaded https://repo.maven.apache.org/maven2/org/springframework/boot/spring-boot-starter-thymeleaf/3.5.10/spring-boot-starter-thymeleaf-3.5.10-sources.jar
2026-02-02 10:42:28,547 [Worker-23: Download sources and javadoc] INFO  o.e.m.j.internal.DownloadSourcesJob - Downloaded sources for org.springframework.boot:spring-boot-starter-thymeleaf:3.5.10
2026-02-02 10:42:28,702 [Worker-23: Download sources and javadoc] INFO  o.e.m.c.i.e.AbstractTransferListenerAdapter - Downloading https://repo.maven.apache.org/maven2/org/thymeleaf/thymeleaf-spring6/3.1.3.RELEASE/thymeleaf-spring6-3.1.3.RELEASE-sources.jar
2026-02-02 10:42:28,910 [Worker-23: Download sources and javadoc] INFO  o.e.m.c.i.e.AbstractTransferListenerAdapter - Downloaded https://repo.maven.apache.org/maven2/org/thymeleaf/thymeleaf-spring6/3.1.3.RELEASE/thymeleaf-spring6-3.1.3.RELEASE-sources.jar
2026-02-02 10:42:28,914 [Worker-23: Download sources and javadoc] INFO  o.e.m.j.internal.DownloadSourcesJob - Downloaded sources for org.thymeleaf:thymeleaf-spring6:3.1.3.RELEASE
2026-02-02 10:42:29,080 [Worker-23: Download sources and javadoc] INFO  o.e.m.c.i.e.AbstractTransferListenerAdapter - Downloading https://repo.maven.apache.org/maven2/org/thymeleaf/thymeleaf/3.1.3.RELEASE/thymeleaf-3.1.3.RELEASE-sources.jar
2026-02-02 10:42:29,791 [Worker-23: Download sources and javadoc] INFO  o.e.m.c.i.e.AbstractTransferListenerAdapter - Downloaded https://repo.maven.apache.org/maven2/org/thymeleaf/thymeleaf/3.1.3.RELEASE/thymeleaf-3.1.3.RELEASE-sources.jar
2026-02-02 10:42:29,796 [Worker-23: Download sources and javadoc] INFO  o.e.m.j.internal.DownloadSourcesJob - Downloaded sources for org.thymeleaf:thymeleaf:3.1.3.RELEASE
2026-02-02 10:42:29,967 [Worker-23: Download sources and javadoc] INFO  o.e.m.c.i.e.AbstractTransferListenerAdapter - Downloading https://repo.maven.apache.org/maven2/org/attoparser/attoparser/2.0.7.RELEASE/attoparser-2.0.7.RELEASE-sources.jar
2026-02-02 10:42:30,233 [Worker-23: Download sources and javadoc] INFO  o.e.m.c.i.e.AbstractTransferListenerAdapter - Downloaded https://repo.maven.apache.org/maven2/org/attoparser/attoparser/2.0.7.RELEASE/attoparser-2.0.7.RELEASE-sources.jar
2026-02-02 10:42:30,238 [Worker-23: Download sources and javadoc] INFO  o.e.m.j.internal.DownloadSourcesJob - Downloaded sources for org.attoparser:attoparser:2.0.7.RELEASE
2026-02-02 10:42:30,401 [Worker-23: Download sources and javadoc] INFO  o.e.m.c.i.e.AbstractTransferListenerAdapter - Downloading https://repo.maven.apache.org/maven2/org/unbescape/unbescape/1.1.6.RELEASE/unbescape-1.1.6.RELEASE-sources.jar
2026-02-02 10:42:30,555 [Worker-23: Download sources and javadoc] INFO  o.e.m.c.i.e.AbstractTransferListenerAdapter - Downloaded https://repo.maven.apache.org/maven2/org/unbescape/unbescape/1.1.6.RELEASE/unbescape-1.1.6.RELEASE-sources.jar
2026-02-02 10:42:30,559 [Worker-23: Download sources and javadoc] INFO  o.e.m.j.internal.DownloadSourcesJob - Downloaded sources for org.unbescape:unbescape:1.1.6.RELEASE
2026-02-02 10:42:30,579 [Worker-28: Import Getting Started Content] INFO  o.e.m.c.i.p.ProjectConfigurationManager - Imported and configured 1 project(s) in 23 sec
2026-02-02 10:42:30,582 [Worker-28: Import Getting Started Content] INFO  o.e.m.c.i.p.ProjectConfigurationManager - Update started
2026-02-02 10:42:30,941 [Worker-28: Import Getting Started Content] INFO  o.e.m.c.i.l.LifecycleMappingFactory - Using org.eclipse.m2e.jdt.JarLifecycleMapping lifecycle mapping for MavenProject: com.example:SbThymeLeaf:0.0.1-SNAPSHOT @ D:\Mphasis\sb\SbThymeLeaf\pom.xml.
2026-02-02 10:42:31,566 [Worker-28: Import Getting Started Content] INFO  o.e.m.j.i.AbstractJavaProjectConfigurator - Adding source folder /SbThymeLeaf/src/main/java
2026-02-02 10:42:31,567 [Worker-28: Import Getting Started Content] INFO  o.e.m.j.i.AbstractJavaProjectConfigurator - Adding resource folder /SbThymeLeaf/src/main/resources
2026-02-02 10:42:31,567 [Worker-28: Import Getting Started Content] INFO  o.e.m.j.i.AbstractJavaProjectConfigurator - Adding resource folder /SbThymeLeaf/src/main/resources
2026-02-02 10:42:31,568 [Worker-28: Import Getting Started Content] INFO  o.e.m.j.i.AbstractJavaProjectConfigurator - Adding source folder /SbThymeLeaf/src/test/java
2026-02-02 10:42:31,568 [Worker-28: Import Getting Started Content] INFO  o.e.m.j.i.AbstractJavaProjectConfigurator - Adding resource folder /SbThymeLeaf/src/test/resources
2026-02-02 10:42:32,442 [Worker-28: Import Getting Started Content] INFO  o.e.m.c.i.p.ProjectConfigurationManager - Update completed for 1 poms: local refresh takes 0.00 sec, refresh facades takes 0.00 sec, update config takes 0.00 sec 
2026-02-02 10:42:32,839 [Worker-18: Updating Maven Project] INFO  o.e.m.c.i.p.ProjectConfigurationManager - Update started
2026-02-02 10:42:33,264 [Worker-18: Updating Maven Project] INFO  o.e.m.c.i.l.LifecycleMappingFactory - Using org.eclipse.m2e.jdt.JarLifecycleMapping lifecycle mapping for MavenProject: com.example:SbThymeLeaf:0.0.1-SNAPSHOT @ D:\Mphasis\sb\SbThymeLeaf\pom.xml.
2026-02-02 10:42:33,881 [Worker-18: Updating Maven Project] INFO  o.e.m.j.i.AbstractJavaProjectConfigurator - Adding source folder /SbThymeLeaf/src/main/java
2026-02-02 10:42:33,881 [Worker-18: Updating Maven Project] INFO  o.e.m.j.i.AbstractJavaProjectConfigurator - Adding resource folder /SbThymeLeaf/src/main/resources
2026-02-02 10:42:33,881 [Worker-18: Updating Maven Project] INFO  o.e.m.j.i.AbstractJavaProjectConfigurator - Adding resource folder /SbThymeLeaf/src/main/resources
2026-02-02 10:42:33,882 [Worker-18: Updating Maven Project] INFO  o.e.m.j.i.AbstractJavaProjectConfigurator - Adding source folder /SbThymeLeaf/src/test/java
2026-02-02 10:42:33,882 [Worker-18: Updating Maven Project] INFO  o.e.m.j.i.AbstractJavaProjectConfigurator - Adding resource folder /SbThymeLeaf/src/test/resources
2026-02-02 10:42:34,156 [Worker-18: Updating Maven Project] INFO  o.e.m.c.i.p.ProjectConfigurationManager - Update completed for 1 poms: local refresh takes 0.00 sec, refresh facades takes 1.00 sec, update config takes 0.00 sec 
2026-02-02 10:42:36,276 [Worker-29: Building] INFO  o.a.m.s.f.DefaultMavenResourcesFiltering - Copying 1 resource from src\main\resources to target\classes
2026-02-02 10:42:36,293 [Worker-29: Building] INFO  o.a.m.s.f.DefaultMavenResourcesFiltering - Copying 0 resource from src\main\resources to target\classes
2026-02-02 10:42:36,296 [Worker-29: Building] INFO  o.a.m.s.f.DefaultMavenResourcesFiltering - Copying 0 resource from src\test\resources to target\test-classes
2026-02-02 10:42:44,524 [Worker-29: Building] INFO  o.a.m.s.f.DefaultMavenResourcesFiltering - Copying 1 resource from src\main\resources to target\classes
2026-02-02 10:42:44,530 [Worker-29: Building] INFO  o.a.m.s.f.DefaultMavenResourcesFiltering - Copying 0 resource from src\main\resources to target\classes
2026-02-02 10:42:44,532 [Worker-29: Building] INFO  o.a.m.s.f.DefaultMavenResourcesFiltering - Copying 0 resource from src\test\resources to target\test-classes
2026-02-02 10:45:12,555 [Worker-23: Building] INFO  o.a.m.s.f.DefaultMavenResourcesFiltering - Copying 1 resource from src\main\resources to target\classes
2026-02-02 10:45:12,560 [Worker-23: Building] INFO  o.a.m.s.f.DefaultMavenResourcesFiltering - Copying 0 resource from src\main\resources to target\classes
2026-02-02 10:45:12,564 [Worker-23: Building] INFO  o.a.m.s.f.DefaultMavenResourcesFiltering - Copying 0 resource from src\test\resources to target\test-classes
2026-02-02 10:45:18,992 [Worker-33: Building] INFO  o.a.m.s.f.DefaultMavenResourcesFiltering - Copying 1 resource from src\main\resources to target\classes
2026-02-02 10:45:19,004 [Worker-33: Building] INFO  o.a.m.s.f.DefaultMavenResourcesFiltering - Copying 0 resource from src\main\resources to target\classes
2026-02-02 10:45:19,010 [Worker-33: Building] INFO  o.a.m.s.f.DefaultMavenResourcesFiltering - Copying 0 resource from src\test\resources to target\test-classes
2026-02-02 10:45:33,684 [Worker-33: Building] INFO  o.a.m.s.f.DefaultMavenResourcesFiltering - Copying 1 resource from src\main\resources to target\classes
2026-02-02 10:45:33,688 [Worker-33: Building] INFO  o.a.m.s.f.DefaultMavenResourcesFiltering - Copying 0 resource from src\main\resources to target\classes
2026-02-02 10:45:33,690 [Worker-33: Building] INFO  o.a.m.s.f.DefaultMavenResourcesFiltering - Copying 0 resource from src\test\resources to target\test-classes
2026-02-02 10:45:43,057 [Worker-30: Building] INFO  o.a.m.s.f.DefaultMavenResourcesFiltering - Copying 1 resource from src\main\resources to target\classes
2026-02-02 10:45:43,060 [Worker-30: Building] INFO  o.a.m.s.f.DefaultMavenResourcesFiltering - Copying 0 resource from src\main\resources to target\classes
2026-02-02 10:45:43,062 [Worker-30: Building] INFO  o.a.m.s.f.DefaultMavenResourcesFiltering - Copying 0 resource from src\test\resources to target\test-classes
2026-02-02 10:46:07,775 [Worker-30: Building] WARN  o.e.m.c.i.embedder.EclipseLogger - The artifact mysql:mysql-connector-java:jar:8.0.33 has been relocated to com.mysql:mysql-connector-j:jar:8.0.33: MySQL Connector/J artifacts moved to reverse-DNS compliant Maven 2+ coordinates.
2026-02-02 10:46:08,302 [Worker-35: Building] WARN  o.e.m.c.i.embedder.EclipseLogger - The artifact mysql:mysql-connector-java:jar:8.0.33 has been relocated to com.mysql:mysql-connector-j:jar:8.0.33: MySQL Connector/J artifacts moved to reverse-DNS compliant Maven 2+ coordinates.
2026-02-02 10:46:13,993 [Worker-26: Building] INFO  o.a.m.s.f.DefaultMavenResourcesFiltering - Copying 0 resource from src\main\resources to target\classes
2026-02-02 10:46:13,994 [Worker-26: Building] INFO  o.a.m.s.f.DefaultMavenResourcesFiltering - Copying 1 resource from src\main\resources to target\classes
2026-02-02 10:46:14,001 [Worker-26: Building] INFO  o.a.m.s.f.DefaultMavenResourcesFiltering - Copying 0 resource from src\test\resources to target\test-classes
2026-02-02 10:46:22,545 [Worker-35: Building] INFO  o.a.m.s.f.DefaultMavenResourcesFiltering - Copying 0 resource from src\main\resources to target\classes
2026-02-02 10:46:22,545 [Worker-35: Building] INFO  o.a.m.s.f.DefaultMavenResourcesFiltering - Copying 1 resource from src\main\resources to target\classes
2026-02-02 10:46:22,549 [Worker-35: Building] INFO  o.a.m.s.f.DefaultMavenResourcesFiltering - Copying 0 resource from src\test\resources to target\test-classes
2026-02-02 10:47:46,950 [Worker-23: Building] INFO  o.a.m.s.f.DefaultMavenResourcesFiltering - Copying 1 resource from src\main\resources to target\classes
2026-02-02 10:47:46,955 [Worker-23: Building] INFO  o.a.m.s.f.DefaultMavenResourcesFiltering - Copying 1 resource from src\main\resources to target\classes
2026-02-02 10:47:46,959 [Worker-23: Building] INFO  o.a.m.s.f.DefaultMavenResourcesFiltering - Copying 0 resource from src\test\resources to target\test-classes
2026-02-02 10:48:00,537 [Worker-30: Building] INFO  o.a.m.s.f.DefaultMavenResourcesFiltering - Copying 0 resource from src\main\resources to target\classes
2026-02-02 10:48:00,538 [Worker-30: Building] INFO  o.a.m.s.f.DefaultMavenResourcesFiltering - Copying 1 resource from src\main\resources to target\classes
2026-02-02 10:48:00,542 [Worker-30: Building] INFO  o.a.m.s.f.DefaultMavenResourcesFiltering - Copying 0 resource from src\test\resources to target\test-classes
2026-02-02 10:48:08,199 [Worker-33: Building] INFO  o.a.m.s.f.DefaultMavenResourcesFiltering - Copying 0 resource from src\main\resources to target\classes
2026-02-02 10:48:08,199 [Worker-33: Building] INFO  o.a.m.s.f.DefaultMavenResourcesFiltering - Copying 1 resource from src\main\resources to target\classes
2026-02-02 10:48:08,204 [Worker-33: Building] INFO  o.a.m.s.f.DefaultMavenResourcesFiltering - Copying 0 resource from src\test\resources to target\test-classes
2026-02-02 10:49:24,269 [Worker-30: Building] INFO  o.a.m.s.f.DefaultMavenResourcesFiltering - Copying 0 resource from src\main\resources to target\classes
2026-02-02 10:49:24,270 [Worker-30: Building] INFO  o.a.m.s.f.DefaultMavenResourcesFiltering - Copying 1 resource from src\main\resources to target\classes
2026-02-02 10:49:24,275 [Worker-30: Building] INFO  o.a.m.s.f.DefaultMavenResourcesFiltering - Copying 0 resource from src\test\resources to target\test-classes
2026-02-02 10:49:27,422 [Worker-34: Building] INFO  o.a.m.s.f.DefaultMavenResourcesFiltering - Copying 0 resource from src\main\resources to target\classes
2026-02-02 10:49:27,423 [Worker-34: Building] INFO  o.a.m.s.f.DefaultMavenResourcesFiltering - Copying 1 resource from src\main\resources to target\classes
2026-02-02 10:49:27,427 [Worker-34: Building] INFO  o.a.m.s.f.DefaultMavenResourcesFiltering - Copying 0 resource from src\test\resources to target\test-classes
2026-02-02 10:49:57,784 [Worker-33: Building] INFO  o.a.m.s.f.DefaultMavenResourcesFiltering - Copying 0 resource from src\main\resources to target\classes
2026-02-02 10:49:57,785 [Worker-33: Building] INFO  o.a.m.s.f.DefaultMavenResourcesFiltering - Copying 1 resource from src\main\resources to target\classes
2026-02-02 10:49:57,790 [Worker-33: Building] INFO  o.a.m.s.f.DefaultMavenResourcesFiltering - Copying 0 resource from src\test\resources to target\test-classes
2026-02-02 10:50:16,656 [Worker-33: Building] INFO  o.a.m.s.f.DefaultMavenResourcesFiltering - Copying 0 resource from src\main\resources to target\classes
2026-02-02 10:50:16,657 [Worker-33: Building] INFO  o.a.m.s.f.DefaultMavenResourcesFiltering - Copying 1 resource from src\main\resources to target\classes
2026-02-02 10:50:16,661 [Worker-33: Building] INFO  o.a.m.s.f.DefaultMavenResourcesFiltering - Copying 0 resource from src\test\resources to target\test-classes
2026-02-02 10:50:35,489 [Worker-36: Building] INFO  o.a.m.s.f.DefaultMavenResourcesFiltering - Copying 1 resource from src\main\resources to target\classes
2026-02-02 10:50:35,502 [Worker-36: Building] INFO  o.a.m.s.f.DefaultMavenResourcesFiltering - Copying 2 resources from src\main\resources to target\classes
2026-02-02 10:50:35,508 [Worker-36: Building] INFO  o.a.m.s.f.DefaultMavenResourcesFiltering - Copying 0 resource from src\test\resources to target\test-classes
2026-02-02 10:50:50,838 [Worker-26: Building] INFO  o.a.m.s.f.DefaultMavenResourcesFiltering - Copying 0 resource from src\main\resources to target\classes
2026-02-02 10:50:50,839 [Worker-26: Building] INFO  o.a.m.s.f.DefaultMavenResourcesFiltering - Copying 1 resource from src\main\resources to target\classes
2026-02-02 10:50:50,843 [Worker-26: Building] INFO  o.a.m.s.f.DefaultMavenResourcesFiltering - Copying 0 resource from src\test\resources to target\test-classes
2026-02-02 10:51:39,732 [Worker-30: Building] INFO  o.a.m.s.f.DefaultMavenResourcesFiltering - Copying 0 resource from src\main\resources to target\classes
2026-02-02 10:51:39,733 [Worker-30: Building] INFO  o.a.m.s.f.DefaultMavenResourcesFiltering - Copying 1 resource from src\main\resources to target\classes
2026-02-02 10:51:39,738 [Worker-30: Building] INFO  o.a.m.s.f.DefaultMavenResourcesFiltering - Copying 0 resource from src\test\resources to target\test-classes
2026-02-02 10:52:59,038 [Worker-30: Building] INFO  o.a.m.s.f.DefaultMavenResourcesFiltering - Copying 1 resource from src\main\resources to target\classes
2026-02-02 10:52:59,043 [Worker-30: Building] INFO  o.a.m.s.f.DefaultMavenResourcesFiltering - Copying 3 resources from src\main\resources to target\classes
2026-02-02 10:52:59,046 [Worker-30: Building] INFO  o.a.m.s.f.DefaultMavenResourcesFiltering - Copying 0 resource from src\test\resources to target\test-classes
2026-02-02 10:54:08,004 [Worker-30: Building] INFO  o.a.m.s.f.DefaultMavenResourcesFiltering - Copying 1 resource from src\main\resources to target\classes
2026-02-02 10:54:08,008 [Worker-30: Building] INFO  o.a.m.s.f.DefaultMavenResourcesFiltering - Copying 3 resources from src\main\resources to target\classes
2026-02-02 10:54:08,011 [Worker-30: Building] INFO  o.a.m.s.f.DefaultMavenResourcesFiltering - Copying 0 resource from src\test\resources to target\test-classes
2026-02-02 10:54:22,679 [Worker-33: Building] INFO  o.a.m.s.f.DefaultMavenResourcesFiltering - Copying 0 resource from src\main\resources to target\classes
2026-02-02 10:54:22,680 [Worker-33: Building] INFO  o.a.m.s.f.DefaultMavenResourcesFiltering - Copying 1 resource from src\main\resources to target\classes
2026-02-02 10:54:22,684 [Worker-33: Building] INFO  o.a.m.s.f.DefaultMavenResourcesFiltering - Copying 0 resource from src\test\resources to target\test-classes
2026-02-02 10:55:05,912 [Worker-30: Building] INFO  o.a.m.s.f.DefaultMavenResourcesFiltering - Copying 0 resource from src\main\resources to target\classes
2026-02-02 10:55:05,913 [Worker-30: Building] INFO  o.a.m.s.f.DefaultMavenResourcesFiltering - Copying 1 resource from src\main\resources to target\classes
2026-02-02 10:55:05,918 [Worker-30: Building] INFO  o.a.m.s.f.DefaultMavenResourcesFiltering - Copying 0 resource from src\test\resources to target\test-classes
2026-02-02 10:55:20,130 [Worker-37: Building] INFO  o.a.m.s.f.DefaultMavenResourcesFiltering - Copying 0 resource from src\main\resources to target\classes
2026-02-02 10:55:20,131 [Worker-37: Building] INFO  o.a.m.s.f.DefaultMavenResourcesFiltering - Copying 1 resource from src\main\resources to target\classes
2026-02-02 10:55:20,135 [Worker-37: Building] INFO  o.a.m.s.f.DefaultMavenResourcesFiltering - Copying 0 resource from src\test\resources to target\test-classes
2026-02-02 10:55:30,108 [Worker-26: Building] INFO  o.a.m.s.f.DefaultMavenResourcesFiltering - Copying 0 resource from src\main\resources to target\classes
2026-02-02 10:55:30,109 [Worker-26: Building] INFO  o.a.m.s.f.DefaultMavenResourcesFiltering - Copying 1 resource from src\main\resources to target\classes
2026-02-02 10:55:30,113 [Worker-26: Building] INFO  o.a.m.s.f.DefaultMavenResourcesFiltering - Copying 0 resource from src\test\resources to target\test-classes
2026-02-02 10:55:52,222 [Worker-23: Building] INFO  o.a.m.s.f.DefaultMavenResourcesFiltering - Copying 0 resource from src\main\resources to target\classes
2026-02-02 10:55:52,223 [Worker-23: Building] INFO  o.a.m.s.f.DefaultMavenResourcesFiltering - Copying 1 resource from src\main\resources to target\classes
2026-02-02 10:55:52,227 [Worker-23: Building] INFO  o.a.m.s.f.DefaultMavenResourcesFiltering - Copying 0 resource from src\test\resources to target\test-classes
2026-02-02 10:57:00,694 [Worker-23: Building] INFO  o.a.m.s.f.DefaultMavenResourcesFiltering - Copying 0 resource from src\main\resources to target\classes
2026-02-02 10:57:00,694 [Worker-23: Building] INFO  o.a.m.s.f.DefaultMavenResourcesFiltering - Copying 1 resource from src\main\resources to target\classes
2026-02-02 10:57:00,698 [Worker-23: Building] INFO  o.a.m.s.f.DefaultMavenResourcesFiltering - Copying 0 resource from src\test\resources to target\test-classes
2026-02-02 10:57:53,527 [Worker-33: Building] INFO  o.a.m.s.f.DefaultMavenResourcesFiltering - Copying 0 resource from src\main\resources to target\classes
2026-02-02 10:57:53,528 [Worker-33: Building] INFO  o.a.m.s.f.DefaultMavenResourcesFiltering - Copying 1 resource from src\main\resources to target\classes
2026-02-02 10:57:53,532 [Worker-33: Building] INFO  o.a.m.s.f.DefaultMavenResourcesFiltering - Copying 0 resource from src\test\resources to target\test-classes
2026-02-02 10:58:14,924 [Worker-23: Building] INFO  o.a.m.s.f.DefaultMavenResourcesFiltering - Copying 0 resource from src\main\resources to target\classes
2026-02-02 10:58:14,925 [Worker-23: Building] INFO  o.a.m.s.f.DefaultMavenResourcesFiltering - Copying 1 resource from src\main\resources to target\classes
2026-02-02 10:58:14,929 [Worker-23: Building] INFO  o.a.m.s.f.DefaultMavenResourcesFiltering - Copying 0 resource from src\test\resources to target\test-classes
2026-02-02 11:47:51,408 [Worker-38: Import Getting Started Content] INFO  o.e.m.c.i.l.LifecycleMappingFactory - Using org.eclipse.m2e.jdt.JarLifecycleMapping lifecycle mapping for MavenProject: com.example:SbThymeLeafNew:0.0.1-SNAPSHOT @ D:\Mphasis\sb\SbThymeLeafNew\pom.xml.
2026-02-02 11:47:52,009 [Worker-38: Import Getting Started Content] INFO  o.e.m.j.i.AbstractJavaProjectConfigurator - Adding source folder /SbThymeLeafNew/src/main/java
2026-02-02 11:47:52,010 [Worker-38: Import Getting Started Content] INFO  o.e.m.j.i.AbstractJavaProjectConfigurator - Adding resource folder /SbThymeLeafNew/src/main/resources
2026-02-02 11:47:52,014 [Worker-38: Import Getting Started Content] INFO  o.e.m.j.i.AbstractJavaProjectConfigurator - Adding resource folder /SbThymeLeafNew/src/main/resources
2026-02-02 11:47:52,017 [Worker-38: Import Getting Started Content] INFO  o.e.m.j.i.AbstractJavaProjectConfigurator - Adding source folder /SbThymeLeafNew/src/test/java
2026-02-02 11:47:52,018 [Worker-38: Import Getting Started Content] INFO  o.e.m.j.i.AbstractJavaProjectConfigurator - Adding resource folder /SbThymeLeafNew/src/test/resources
2026-02-02 11:47:52,905 [Worker-38: Import Getting Started Content] INFO  o.e.m.c.i.p.ProjectConfigurationManager - Imported and configured 1 project(s) in 2 sec
2026-02-02 11:47:52,908 [Worker-38: Import Getting Started Content] INFO  o.e.m.c.i.p.ProjectConfigurationManager - Update started
2026-02-02 11:47:53,306 [Worker-38: Import Getting Started Content] INFO  o.e.m.c.i.l.LifecycleMappingFactory - Using org.eclipse.m2e.jdt.JarLifecycleMapping lifecycle mapping for MavenProject: com.example:SbThymeLeafNew:0.0.1-SNAPSHOT @ D:\Mphasis\sb\SbThymeLeafNew\pom.xml.
2026-02-02 11:47:53,732 [Worker-38: Import Getting Started Content] INFO  o.e.m.j.i.AbstractJavaProjectConfigurator - Adding source folder /SbThymeLeafNew/src/main/java
2026-02-02 11:47:53,732 [Worker-38: Import Getting Started Content] INFO  o.e.m.j.i.AbstractJavaProjectConfigurator - Adding resource folder /SbThymeLeafNew/src/main/resources
2026-02-02 11:47:53,732 [Worker-38: Import Getting Started Content] INFO  o.e.m.j.i.AbstractJavaProjectConfigurator - Adding resource folder /SbThymeLeafNew/src/main/resources
2026-02-02 11:47:53,732 [Worker-38: Import Getting Started Content] INFO  o.e.m.j.i.AbstractJavaProjectConfigurator - Adding source folder /SbThymeLeafNew/src/test/java
2026-02-02 11:47:53,734 [Worker-38: Import Getting Started Content] INFO  o.e.m.j.i.AbstractJavaProjectConfigurator - Adding resource folder /SbThymeLeafNew/src/test/resources
2026-02-02 11:47:54,060 [Worker-38: Import Getting Started Content] INFO  o.e.m.c.i.p.ProjectConfigurationManager - Update completed for 1 poms: local refresh takes 0.00 sec, refresh facades takes 0.00 sec, update config takes 0.00 sec 
2026-02-02 11:47:54,504 [Worker-38: Building] INFO  o.a.m.s.f.DefaultMavenResourcesFiltering - Copying 1 resource from src\main\resources to target\classes
2026-02-02 11:47:54,528 [Worker-38: Building] INFO  o.a.m.s.f.DefaultMavenResourcesFiltering - Copying 0 resource from src\main\resources to target\classes
2026-02-02 11:47:54,534 [Worker-38: Building] INFO  o.a.m.s.f.DefaultMavenResourcesFiltering - Copying 0 resource from src\test\resources to target\test-classes
2026-02-02 11:48:38,616 [Worker-34: Building] INFO  o.a.m.s.f.DefaultMavenResourcesFiltering - Copying 1 resource from src\main\resources to target\classes
2026-02-02 11:48:38,635 [Worker-34: Building] INFO  o.a.m.s.f.DefaultMavenResourcesFiltering - Copying 0 resource from src\main\resources to target\classes
2026-02-02 11:48:38,640 [Worker-34: Building] INFO  o.a.m.s.f.DefaultMavenResourcesFiltering - Copying 0 resource from src\test\resources to target\test-classes
2026-02-02 11:49:29,356 [Worker-34: Building] INFO  o.a.m.s.f.DefaultMavenResourcesFiltering - Copying 1 resource from src\main\resources to target\classes
2026-02-02 11:49:29,362 [Worker-34: Building] INFO  o.a.m.s.f.DefaultMavenResourcesFiltering - Copying 0 resource from src\main\resources to target\classes
2026-02-02 11:49:29,364 [Worker-34: Building] INFO  o.a.m.s.f.DefaultMavenResourcesFiltering - Copying 0 resource from src\test\resources to target\test-classes
2026-02-02 11:49:32,963 [Worker-23: Building] INFO  o.a.m.s.f.DefaultMavenResourcesFiltering - Copying 1 resource from src\main\resources to target\classes
2026-02-02 11:49:32,968 [Worker-23: Building] INFO  o.a.m.s.f.DefaultMavenResourcesFiltering - Copying 0 resource from src\main\resources to target\classes
2026-02-02 11:49:32,970 [Worker-23: Building] INFO  o.a.m.s.f.DefaultMavenResourcesFiltering - Copying 0 resource from src\test\resources to target\test-classes
2026-02-02 11:49:56,146 [Worker-41: Building] INFO  o.a.m.s.f.DefaultMavenResourcesFiltering - Copying 1 resource from src\main\resources to target\classes
2026-02-02 11:49:56,149 [Worker-41: Building] INFO  o.a.m.s.f.DefaultMavenResourcesFiltering - Copying 0 resource from src\main\resources to target\classes
2026-02-02 11:49:56,152 [Worker-41: Building] INFO  o.a.m.s.f.DefaultMavenResourcesFiltering - Copying 0 resource from src\test\resources to target\test-classes
2026-02-02 11:51:48,254 [Worker-23: Building] INFO  o.a.m.s.f.DefaultMavenResourcesFiltering - Copying 0 resource from src\main\resources to target\classes
2026-02-02 11:51:48,255 [Worker-23: Building] INFO  o.a.m.s.f.DefaultMavenResourcesFiltering - Copying 1 resource from src\main\resources to target\classes
2026-02-02 11:51:48,258 [Worker-23: Building] INFO  o.a.m.s.f.DefaultMavenResourcesFiltering - Copying 0 resource from src\test\resources to target\test-classes
2026-02-02 11:52:29,128 [Worker-34: Building] INFO  o.a.m.s.f.DefaultMavenResourcesFiltering - Copying 0 resource from src\main\resources to target\classes
2026-02-02 11:52:29,128 [Worker-34: Building] INFO  o.a.m.s.f.DefaultMavenResourcesFiltering - Copying 1 resource from src\main\resources to target\classes
2026-02-02 11:52:29,132 [Worker-34: Building] INFO  o.a.m.s.f.DefaultMavenResourcesFiltering - Copying 0 resource from src\test\resources to target\test-classes
2026-02-02 11:53:56,762 [Worker-38: Building] INFO  o.a.m.s.f.DefaultMavenResourcesFiltering - Copying 0 resource from src\main\resources to target\classes
2026-02-02 11:53:56,762 [Worker-38: Building] INFO  o.a.m.s.f.DefaultMavenResourcesFiltering - Copying 1 resource from src\main\resources to target\classes
2026-02-02 11:53:56,768 [Worker-38: Building] INFO  o.a.m.s.f.DefaultMavenResourcesFiltering - Copying 0 resource from src\test\resources to target\test-classes
2026-02-02 11:54:01,887 [Worker-41: Building] INFO  o.a.m.s.f.DefaultMavenResourcesFiltering - Copying 0 resource from src\main\resources to target\classes
2026-02-02 11:54:01,888 [Worker-41: Building] INFO  o.a.m.s.f.DefaultMavenResourcesFiltering - Copying 1 resource from src\main\resources to target\classes
2026-02-02 11:54:01,891 [Worker-41: Building] INFO  o.a.m.s.f.DefaultMavenResourcesFiltering - Copying 0 resource from src\test\resources to target\test-classes
2026-02-02 11:54:10,746 [Worker-34: Building] INFO  o.a.m.s.f.DefaultMavenResourcesFiltering - Copying 0 resource from src\main\resources to target\classes
2026-02-02 11:54:10,747 [Worker-34: Building] INFO  o.a.m.s.f.DefaultMavenResourcesFiltering - Copying 1 resource from src\main\resources to target\classes
2026-02-02 11:54:10,751 [Worker-34: Building] INFO  o.a.m.s.f.DefaultMavenResourcesFiltering - Copying 0 resource from src\test\resources to target\test-classes
2026-02-02 11:54:37,113 [Worker-38: Building] INFO  o.a.m.s.f.DefaultMavenResourcesFiltering - Copying 0 resource from src\main\resources to target\classes
2026-02-02 11:54:37,113 [Worker-38: Building] INFO  o.a.m.s.f.DefaultMavenResourcesFiltering - Copying 1 resource from src\main\resources to target\classes
2026-02-02 11:54:37,118 [Worker-38: Building] INFO  o.a.m.s.f.DefaultMavenResourcesFiltering - Copying 0 resource from src\test\resources to target\test-classes
2026-02-02 11:54:50,070 [Worker-38: Building] INFO  o.a.m.s.f.DefaultMavenResourcesFiltering - Copying 0 resource from src\main\resources to target\classes
2026-02-02 11:54:50,071 [Worker-38: Building] INFO  o.a.m.s.f.DefaultMavenResourcesFiltering - Copying 1 resource from src\main\resources to target\classes
2026-02-02 11:54:50,075 [Worker-38: Building] INFO  o.a.m.s.f.DefaultMavenResourcesFiltering - Copying 0 resource from src\test\resources to target\test-classes
2026-02-02 11:56:24,850 [Worker-39: Building] INFO  o.a.m.s.f.DefaultMavenResourcesFiltering - Copying 0 resource from src\main\resources to target\classes
2026-02-02 11:56:24,851 [Worker-39: Building] INFO  o.a.m.s.f.DefaultMavenResourcesFiltering - Copying 1 resource from src\main\resources to target\classes
2026-02-02 11:56:24,856 [Worker-39: Building] INFO  o.a.m.s.f.DefaultMavenResourcesFiltering - Copying 0 resource from src\test\resources to target\test-classes
2026-02-02 11:56:44,471 [Worker-42: Building] INFO  o.a.m.s.f.DefaultMavenResourcesFiltering - Copying 0 resource from src\main\resources to target\classes
2026-02-02 11:56:44,471 [Worker-42: Building] INFO  o.a.m.s.f.DefaultMavenResourcesFiltering - Copying 1 resource from src\main\resources to target\classes
2026-02-02 11:56:44,475 [Worker-42: Building] INFO  o.a.m.s.f.DefaultMavenResourcesFiltering - Copying 0 resource from src\test\resources to target\test-classes
2026-02-02 12:00:31,613 [Worker-43: Building] INFO  o.a.m.s.f.DefaultMavenResourcesFiltering - Copying 0 resource from src\main\resources to target\classes
2026-02-02 12:00:31,614 [Worker-43: Building] INFO  o.a.m.s.f.DefaultMavenResourcesFiltering - Copying 1 resource from src\main\resources to target\classes
2026-02-02 12:00:31,618 [Worker-43: Building] INFO  o.a.m.s.f.DefaultMavenResourcesFiltering - Copying 0 resource from src\test\resources to target\test-classes
2026-02-02 12:00:35,809 [Worker-34: Building] INFO  o.a.m.s.f.DefaultMavenResourcesFiltering - Copying 0 resource from src\main\resources to target\classes
2026-02-02 12:00:35,810 [Worker-34: Building] INFO  o.a.m.s.f.DefaultMavenResourcesFiltering - Copying 1 resource from src\main\resources to target\classes
2026-02-02 12:00:35,815 [Worker-34: Building] INFO  o.a.m.s.f.DefaultMavenResourcesFiltering - Copying 0 resource from src\test\resources to target\test-classes
2026-02-02 12:00:41,326 [Worker-39: Building] INFO  o.a.m.s.f.DefaultMavenResourcesFiltering - Copying 0 resource from src\main\resources to target\classes
2026-02-02 12:00:41,326 [Worker-39: Building] INFO  o.a.m.s.f.DefaultMavenResourcesFiltering - Copying 1 resource from src\main\resources to target\classes
2026-02-02 12:00:41,330 [Worker-39: Building] INFO  o.a.m.s.f.DefaultMavenResourcesFiltering - Copying 0 resource from src\test\resources to target\test-classes
2026-02-02 12:05:22,119 [Worker-38: Building] INFO  o.a.m.s.f.DefaultMavenResourcesFiltering - Copying 1 resource from src\main\resources to target\classes
2026-02-02 12:05:22,124 [Worker-38: Building] INFO  o.a.m.s.f.DefaultMavenResourcesFiltering - Copying 1 resource from src\main\resources to target\classes
2026-02-02 12:05:22,126 [Worker-38: Building] INFO  o.a.m.s.f.DefaultMavenResourcesFiltering - Copying 0 resource from src\test\resources to target\test-classes
2026-02-02 12:07:24,591 [Worker-42: Building] INFO  o.a.m.s.f.DefaultMavenResourcesFiltering - Copying 0 resource from src\main\resources to target\classes
2026-02-02 12:07:24,592 [Worker-42: Building] INFO  o.a.m.s.f.DefaultMavenResourcesFiltering - Copying 1 resource from src\main\resources to target\classes
2026-02-02 12:07:24,595 [Worker-42: Building] INFO  o.a.m.s.f.DefaultMavenResourcesFiltering - Copying 0 resource from src\test\resources to target\test-classes
2026-02-02 12:10:46,109 [Worker-34: Building] INFO  o.a.m.s.f.DefaultMavenResourcesFiltering - Copying 0 resource from src\main\resources to target\classes
2026-02-02 12:10:46,110 [Worker-34: Building] INFO  o.a.m.s.f.DefaultMavenResourcesFiltering - Copying 1 resource from src\main\resources to target\classes
2026-02-02 12:10:46,113 [Worker-34: Building] INFO  o.a.m.s.f.DefaultMavenResourcesFiltering - Copying 0 resource from src\test\resources to target\test-classes
2026-02-02 12:15:18,844 [Worker-40: Building] INFO  o.a.m.s.f.DefaultMavenResourcesFiltering - Copying 1 resource from src\main\resources to target\classes
2026-02-02 12:15:18,848 [Worker-40: Building] INFO  o.a.m.s.f.DefaultMavenResourcesFiltering - Copying 2 resources from src\main\resources to target\classes
2026-02-02 12:15:18,850 [Worker-40: Building] INFO  o.a.m.s.f.DefaultMavenResourcesFiltering - Copying 0 resource from src\test\resources to target\test-classes
2026-02-02 12:15:47,197 [Worker-44: Building] INFO  o.a.m.s.f.DefaultMavenResourcesFiltering - Copying 1 resource from src\main\resources to target\classes
2026-02-02 12:15:47,201 [Worker-44: Building] INFO  o.a.m.s.f.DefaultMavenResourcesFiltering - Copying 2 resources from src\main\resources to target\classes
2026-02-02 12:15:47,203 [Worker-44: Building] INFO  o.a.m.s.f.DefaultMavenResourcesFiltering - Copying 0 resource from src\test\resources to target\test-classes
2026-02-02 12:16:42,801 [Worker-44: Building] INFO  o.a.m.s.f.DefaultMavenResourcesFiltering - Copying 1 resource from src\main\resources to target\classes
2026-02-02 12:16:42,805 [Worker-44: Building] INFO  o.a.m.s.f.DefaultMavenResourcesFiltering - Copying 2 resources from src\main\resources to target\classes
2026-02-02 12:16:42,808 [Worker-44: Building] INFO  o.a.m.s.f.DefaultMavenResourcesFiltering - Copying 0 resource from src\test\resources to target\test-classes
2026-02-02 12:17:23,888 [Worker-44: Building] INFO  o.a.m.s.f.DefaultMavenResourcesFiltering - Copying 1 resource from src\main\resources to target\classes
2026-02-02 12:17:23,892 [Worker-44: Building] INFO  o.a.m.s.f.DefaultMavenResourcesFiltering - Copying 2 resources from src\main\resources to target\classes
2026-02-02 12:17:23,895 [Worker-44: Building] INFO  o.a.m.s.f.DefaultMavenResourcesFiltering - Copying 0 resource from src\test\resources to target\test-classes
2026-02-02 12:19:43,149 [Worker-40: Building] INFO  o.a.m.s.f.DefaultMavenResourcesFiltering - Copying 0 resource from src\main\resources to target\classes
2026-02-02 12:19:43,151 [Worker-40: Building] INFO  o.a.m.s.f.DefaultMavenResourcesFiltering - Copying 1 resource from src\main\resources to target\classes
2026-02-02 12:19:43,155 [Worker-40: Building] INFO  o.a.m.s.f.DefaultMavenResourcesFiltering - Copying 0 resource from src\test\resources to target\test-classes
2026-02-02 12:19:56,972 [Worker-45: Building] INFO  o.a.m.s.f.DefaultMavenResourcesFiltering - Copying 0 resource from src\main\resources to target\classes
2026-02-02 12:19:56,973 [Worker-45: Building] INFO  o.a.m.s.f.DefaultMavenResourcesFiltering - Copying 1 resource from src\main\resources to target\classes
2026-02-02 12:19:56,977 [Worker-45: Building] INFO  o.a.m.s.f.DefaultMavenResourcesFiltering - Copying 0 resource from src\test\resources to target\test-classes
2026-02-02 12:21:23,256 [Worker-43: Building] INFO  o.a.m.s.f.DefaultMavenResourcesFiltering - Copying 0 resource from src\main\resources to target\classes
2026-02-02 12:21:23,259 [Worker-43: Building] INFO  o.a.m.s.f.DefaultMavenResourcesFiltering - Copying 1 resource from src\main\resources to target\classes
2026-02-02 12:21:23,268 [Worker-43: Building] INFO  o.a.m.s.f.DefaultMavenResourcesFiltering - Copying 0 resource from src\test\resources to target\test-classes
2026-02-02 12:29:43,350 [Worker-39: Building] INFO  o.a.m.s.f.DefaultMavenResourcesFiltering - Copying 0 resource from src\main\resources to target\classes
2026-02-02 12:29:43,352 [Worker-39: Building] INFO  o.a.m.s.f.DefaultMavenResourcesFiltering - Copying 1 resource from src\main\resources to target\classes
2026-02-02 12:29:43,355 [Worker-39: Building] INFO  o.a.m.s.f.DefaultMavenResourcesFiltering - Copying 0 resource from src\test\resources to target\test-classes
2026-02-02 12:30:07,483 [Worker-43: Building] INFO  o.a.m.s.f.DefaultMavenResourcesFiltering - Copying 0 resource from src\main\resources to target\classes
2026-02-02 12:30:07,484 [Worker-43: Building] INFO  o.a.m.s.f.DefaultMavenResourcesFiltering - Copying 1 resource from src\main\resources to target\classes
2026-02-02 12:30:07,488 [Worker-43: Building] INFO  o.a.m.s.f.DefaultMavenResourcesFiltering - Copying 0 resource from src\test\resources to target\test-classes
2026-02-02 12:30:10,587 [Worker-45: Building] INFO  o.a.m.s.f.DefaultMavenResourcesFiltering - Copying 0 resource from src\main\resources to target\classes
2026-02-02 12:30:10,587 [Worker-45: Building] INFO  o.a.m.s.f.DefaultMavenResourcesFiltering - Copying 1 resource from src\main\resources to target\classes
2026-02-02 12:30:10,590 [Worker-45: Building] INFO  o.a.m.s.f.DefaultMavenResourcesFiltering - Copying 0 resource from src\test\resources to target\test-classes
2026-02-02 12:32:59,367 [Worker-40: Building] INFO  o.a.m.s.f.DefaultMavenResourcesFiltering - Copying 1 resource from src\main\resources to target\classes
2026-02-02 12:32:59,370 [Worker-40: Building] INFO  o.a.m.s.f.DefaultMavenResourcesFiltering - Copying 3 resources from src\main\resources to target\classes
2026-02-02 12:32:59,372 [Worker-40: Building] INFO  o.a.m.s.f.DefaultMavenResourcesFiltering - Copying 0 resource from src\test\resources to target\test-classes
2026-02-02 13:23:34,400 [Worker-47: Building] INFO  o.a.m.s.f.DefaultMavenResourcesFiltering - Copying 1 resource from src\main\resources to target\classes
2026-02-02 13:23:34,406 [Worker-47: Building] INFO  o.a.m.s.f.DefaultMavenResourcesFiltering - Copying 3 resources from src\main\resources to target\classes
2026-02-02 13:23:34,410 [Worker-47: Building] INFO  o.a.m.s.f.DefaultMavenResourcesFiltering - Copying 0 resource from src\test\resources to target\test-classes
2026-02-02 13:24:04,403 [Worker-48: Building] INFO  o.a.m.s.f.DefaultMavenResourcesFiltering - Copying 1 resource from src\main\resources to target\classes
2026-02-02 13:24:04,409 [Worker-48: Building] INFO  o.a.m.s.f.DefaultMavenResourcesFiltering - Copying 3 resources from src\main\resources to target\classes
2026-02-02 13:24:04,411 [Worker-48: Building] INFO  o.a.m.s.f.DefaultMavenResourcesFiltering - Copying 0 resource from src\test\resources to target\test-classes
2026-02-02 13:24:15,667 [Worker-48: Building Workspace] INFO  o.a.m.s.f.DefaultMavenResourcesFiltering - Copying 1 resource from src\main\resources to target\classes
2026-02-02 13:24:15,683 [Worker-48: Building Workspace] INFO  o.a.m.s.f.DefaultMavenResourcesFiltering - Copying 4 resources from src\main\resources to target\classes
2026-02-02 13:24:15,692 [Worker-48: Building Workspace] INFO  o.a.m.s.f.DefaultMavenResourcesFiltering - Copying 0 resource from src\test\resources to target\test-classes
2026-02-02 13:24:57,205 [Worker-44: Building] INFO  o.a.m.s.f.DefaultMavenResourcesFiltering - Copying 0 resource from src\main\resources to target\classes
2026-02-02 13:24:57,206 [Worker-44: Building] INFO  o.a.m.s.f.DefaultMavenResourcesFiltering - Copying 1 resource from src\main\resources to target\classes
2026-02-02 13:24:57,210 [Worker-44: Building] INFO  o.a.m.s.f.DefaultMavenResourcesFiltering - Copying 0 resource from src\test\resources to target\test-classes
2026-02-02 13:25:00,538 [Worker-47: Building] INFO  o.a.m.s.f.DefaultMavenResourcesFiltering - Copying 1 resource from src\main\resources to target\classes
2026-02-02 13:25:00,541 [Worker-47: Building] INFO  o.a.m.s.f.DefaultMavenResourcesFiltering - Copying 5 resources from src\main\resources to target\classes
2026-02-02 13:25:00,545 [Worker-47: Building] INFO  o.a.m.s.f.DefaultMavenResourcesFiltering - Copying 0 resource from src\test\resources to target\test-classes
2026-02-02 14:05:10,245 [Worker-41: Import Getting Started Content] INFO  o.e.m.c.i.l.LifecycleMappingFactory - Using org.eclipse.m2e.jdt.JarLifecycleMapping lifecycle mapping for MavenProject: com.example:SbThymeLeafJdbc:0.0.1-SNAPSHOT @ D:\Mphasis\sb\SbThymeLeafJdbc\pom.xml.
2026-02-02 14:05:10,964 [Worker-41: Import Getting Started Content] INFO  o.e.m.j.i.AbstractJavaProjectConfigurator - Adding source folder /SbThymeLeafJdbc/src/main/java
2026-02-02 14:05:10,964 [Worker-41: Import Getting Started Content] INFO  o.e.m.j.i.AbstractJavaProjectConfigurator - Adding resource folder /SbThymeLeafJdbc/src/main/resources
2026-02-02 14:05:10,967 [Worker-41: Import Getting Started Content] INFO  o.e.m.j.i.AbstractJavaProjectConfigurator - Adding resource folder /SbThymeLeafJdbc/src/main/resources
2026-02-02 14:05:10,970 [Worker-41: Import Getting Started Content] INFO  o.e.m.j.i.AbstractJavaProjectConfigurator - Adding source folder /SbThymeLeafJdbc/src/test/java
2026-02-02 14:05:10,971 [Worker-41: Import Getting Started Content] INFO  o.e.m.j.i.AbstractJavaProjectConfigurator - Adding resource folder /SbThymeLeafJdbc/src/test/resources
2026-02-02 14:05:12,203 [Worker-41: Import Getting Started Content] INFO  o.e.m.c.i.p.ProjectConfigurationManager - Imported and configured 1 project(s) in 2 sec
2026-02-02 14:05:12,210 [Worker-41: Import Getting Started Content] INFO  o.e.m.c.i.p.ProjectConfigurationManager - Update started
2026-02-02 14:05:12,767 [Worker-41: Import Getting Started Content] INFO  o.e.m.c.i.l.LifecycleMappingFactory - Using org.eclipse.m2e.jdt.JarLifecycleMapping lifecycle mapping for MavenProject: com.example:SbThymeLeafJdbc:0.0.1-SNAPSHOT @ D:\Mphasis\sb\SbThymeLeafJdbc\pom.xml.
2026-02-02 14:05:13,507 [Worker-41: Import Getting Started Content] INFO  o.e.m.j.i.AbstractJavaProjectConfigurator - Adding source folder /SbThymeLeafJdbc/src/main/java
2026-02-02 14:05:13,508 [Worker-41: Import Getting Started Content] INFO  o.e.m.j.i.AbstractJavaProjectConfigurator - Adding resource folder /SbThymeLeafJdbc/src/main/resources
2026-02-02 14:05:13,508 [Worker-41: Import Getting Started Content] INFO  o.e.m.j.i.AbstractJavaProjectConfigurator - Adding resource folder /SbThymeLeafJdbc/src/main/resources
2026-02-02 14:05:13,510 [Worker-41: Import Getting Started Content] INFO  o.e.m.j.i.AbstractJavaProjectConfigurator - Adding source folder /SbThymeLeafJdbc/src/test/java
2026-02-02 14:05:13,510 [Worker-41: Import Getting Started Content] INFO  o.e.m.j.i.AbstractJavaProjectConfigurator - Adding resource folder /SbThymeLeafJdbc/src/test/resources
2026-02-02 14:05:14,002 [Worker-41: Import Getting Started Content] INFO  o.e.m.c.i.p.ProjectConfigurationManager - Update completed for 1 poms: local refresh takes 0.00 sec, refresh facades takes 1.00 sec, update config takes 0.00 sec 
2026-02-02 14:05:14,643 [Worker-46: Building] INFO  o.a.m.s.f.DefaultMavenResourcesFiltering - Copying 1 resource from src\main\resources to target\classes
2026-02-02 14:05:14,666 [Worker-46: Building] INFO  o.a.m.s.f.DefaultMavenResourcesFiltering - Copying 0 resource from src\main\resources to target\classes
2026-02-02 14:05:14,676 [Worker-46: Building] INFO  o.a.m.s.f.DefaultMavenResourcesFiltering - Copying 0 resource from src\test\resources to target\test-classes
2026-02-02 14:05:45,396 [Worker-55: Building] INFO  o.a.m.s.f.DefaultMavenResourcesFiltering - Copying 1 resource from src\main\resources to target\classes
2026-02-02 14:05:45,400 [Worker-55: Building] INFO  o.a.m.s.f.DefaultMavenResourcesFiltering - Copying 0 resource from src\main\resources to target\classes
2026-02-02 14:05:45,402 [Worker-55: Building] INFO  o.a.m.s.f.DefaultMavenResourcesFiltering - Copying 0 resource from src\test\resources to target\test-classes
2026-02-02 14:07:22,453 [Worker-54: Building] INFO  o.a.m.s.f.DefaultMavenResourcesFiltering - Copying 1 resource from src\main\resources to target\classes
2026-02-02 14:07:22,475 [Worker-54: Building] INFO  o.a.m.s.f.DefaultMavenResourcesFiltering - Copying 0 resource from src\main\resources to target\classes
2026-02-02 14:07:22,481 [Worker-54: Building] INFO  o.a.m.s.f.DefaultMavenResourcesFiltering - Copying 0 resource from src\test\resources to target\test-classes
2026-02-02 14:07:43,849 [Worker-52: Building] INFO  o.a.m.s.f.DefaultMavenResourcesFiltering - Copying 1 resource from src\main\resources to target\classes
2026-02-02 14:07:43,852 [Worker-52: Building] INFO  o.a.m.s.f.DefaultMavenResourcesFiltering - Copying 0 resource from src\main\resources to target\classes
2026-02-02 14:07:43,854 [Worker-52: Building] INFO  o.a.m.s.f.DefaultMavenResourcesFiltering - Copying 0 resource from src\test\resources to target\test-classes
2026-02-02 14:07:57,472 [Worker-59: Building] INFO  o.a.m.s.f.DefaultMavenResourcesFiltering - Copying 1 resource from src\main\resources to target\classes
2026-02-02 14:07:57,475 [Worker-59: Building] INFO  o.a.m.s.f.DefaultMavenResourcesFiltering - Copying 0 resource from src\main\resources to target\classes
2026-02-02 14:07:57,478 [Worker-59: Building] INFO  o.a.m.s.f.DefaultMavenResourcesFiltering - Copying 0 resource from src\test\resources to target\test-classes
2026-02-02 14:08:11,120 [Worker-61: Building] INFO  o.a.m.s.f.DefaultMavenResourcesFiltering - Copying 1 resource from src\main\resources to target\classes
2026-02-02 14:08:11,124 [Worker-61: Building] INFO  o.a.m.s.f.DefaultMavenResourcesFiltering - Copying 0 resource from src\main\resources to target\classes
2026-02-02 14:08:11,126 [Worker-61: Building] INFO  o.a.m.s.f.DefaultMavenResourcesFiltering - Copying 0 resource from src\test\resources to target\test-classes
2026-02-02 14:08:16,395 [Worker-58: Building] INFO  o.a.m.s.f.DefaultMavenResourcesFiltering - Copying 1 resource from src\main\resources to target\classes
2026-02-02 14:08:16,397 [Worker-58: Building] INFO  o.a.m.s.f.DefaultMavenResourcesFiltering - Copying 0 resource from src\main\resources to target\classes
2026-02-02 14:08:16,399 [Worker-58: Building] INFO  o.a.m.s.f.DefaultMavenResourcesFiltering - Copying 0 resource from src\test\resources to target\test-classes
2026-02-02 14:08:39,119 [Worker-57: Building] INFO  o.a.m.s.f.DefaultMavenResourcesFiltering - Copying 1 resource from src\main\resources to target\classes
2026-02-02 14:08:39,122 [Worker-57: Building] INFO  o.a.m.s.f.DefaultMavenResourcesFiltering - Copying 0 resource from src\main\resources to target\classes
2026-02-02 14:08:39,125 [Worker-57: Building] INFO  o.a.m.s.f.DefaultMavenResourcesFiltering - Copying 0 resource from src\test\resources to target\test-classes
2026-02-02 14:08:48,058 [Worker-46: Building] INFO  o.a.m.s.f.DefaultMavenResourcesFiltering - Copying 1 resource from src\main\resources to target\classes
2026-02-02 14:08:48,061 [Worker-46: Building] INFO  o.a.m.s.f.DefaultMavenResourcesFiltering - Copying 0 resource from src\main\resources to target\classes
2026-02-02 14:08:48,063 [Worker-46: Building] INFO  o.a.m.s.f.DefaultMavenResourcesFiltering - Copying 0 resource from src\test\resources to target\test-classes
2026-02-02 14:08:57,193 [Worker-51: Building] INFO  o.a.m.s.f.DefaultMavenResourcesFiltering - Copying 1 resource from src\main\resources to target\classes
2026-02-02 14:08:57,218 [Worker-51: Building] INFO  o.a.m.s.f.DefaultMavenResourcesFiltering - Copying 0 resource from src\main\resources to target\classes
2026-02-02 14:08:57,224 [Worker-51: Building] INFO  o.a.m.s.f.DefaultMavenResourcesFiltering - Copying 0 resource from src\test\resources to target\test-classes
2026-02-02 14:09:01,347 [Worker-56: Building] INFO  o.a.m.s.f.DefaultMavenResourcesFiltering - Copying 1 resource from src\main\resources to target\classes
2026-02-02 14:09:01,350 [Worker-56: Building] INFO  o.a.m.s.f.DefaultMavenResourcesFiltering - Copying 0 resource from src\main\resources to target\classes
2026-02-02 14:09:01,353 [Worker-56: Building] INFO  o.a.m.s.f.DefaultMavenResourcesFiltering - Copying 0 resource from src\test\resources to target\test-classes
2026-02-02 14:09:16,715 [Worker-58: Building] INFO  o.a.m.s.f.DefaultMavenResourcesFiltering - Copying 1 resource from src\main\resources to target\classes
2026-02-02 14:09:16,719 [Worker-58: Building] INFO  o.a.m.s.f.DefaultMavenResourcesFiltering - Copying 0 resource from src\main\resources to target\classes
2026-02-02 14:09:16,722 [Worker-58: Building] INFO  o.a.m.s.f.DefaultMavenResourcesFiltering - Copying 0 resource from src\test\resources to target\test-classes
2026-02-02 14:09:24,447 [Worker-58: Building] INFO  o.a.m.s.f.DefaultMavenResourcesFiltering - Copying 1 resource from src\main\resources to target\classes
2026-02-02 14:09:24,452 [Worker-58: Building] INFO  o.a.m.s.f.DefaultMavenResourcesFiltering - Copying 0 resource from src\main\resources to target\classes
2026-02-02 14:09:24,455 [Worker-58: Building] INFO  o.a.m.s.f.DefaultMavenResourcesFiltering - Copying 0 resource from src\test\resources to target\test-classes
2026-02-02 14:14:59,748 [Worker-56: Building] INFO  o.a.m.s.f.DefaultMavenResourcesFiltering - Copying 1 resource from src\main\resources to target\classes
2026-02-02 14:14:59,778 [Worker-56: Building] INFO  o.a.m.s.f.DefaultMavenResourcesFiltering - Copying 0 resource from src\main\resources to target\classes
2026-02-02 14:14:59,784 [Worker-56: Building] INFO  o.a.m.s.f.DefaultMavenResourcesFiltering - Copying 0 resource from src\test\resources to target\test-classes
2026-02-02 14:15:39,313 [Worker-50: Building] INFO  o.a.m.s.f.DefaultMavenResourcesFiltering - Copying 1 resource from src\main\resources to target\classes
2026-02-02 14:15:39,318 [Worker-50: Building] INFO  o.a.m.s.f.DefaultMavenResourcesFiltering - Copying 0 resource from src\main\resources to target\classes
2026-02-02 14:15:39,321 [Worker-50: Building] INFO  o.a.m.s.f.DefaultMavenResourcesFiltering - Copying 0 resource from src\test\resources to target\test-classes
2026-02-02 14:16:06,017 [Worker-59: Building] INFO  o.a.m.s.f.DefaultMavenResourcesFiltering - Copying 1 resource from src\main\resources to target\classes
2026-02-02 14:16:06,020 [Worker-59: Building] INFO  o.a.m.s.f.DefaultMavenResourcesFiltering - Copying 0 resource from src\main\resources to target\classes
2026-02-02 14:16:06,022 [Worker-59: Building] INFO  o.a.m.s.f.DefaultMavenResourcesFiltering - Copying 0 resource from src\test\resources to target\test-classes
2026-02-02 14:17:06,883 [Worker-58: Building] INFO  o.a.m.s.f.DefaultMavenResourcesFiltering - Copying 0 resource from src\main\resources to target\classes
2026-02-02 14:17:06,884 [Worker-58: Building] INFO  o.a.m.s.f.DefaultMavenResourcesFiltering - Copying 1 resource from src\main\resources to target\classes
2026-02-02 14:17:06,890 [Worker-58: Building] INFO  o.a.m.s.f.DefaultMavenResourcesFiltering - Copying 0 resource from src\test\resources to target\test-classes
2026-02-02 14:18:10,970 [Worker-56: Building] INFO  o.a.m.s.f.DefaultMavenResourcesFiltering - Copying 0 resource from src\main\resources to target\classes
2026-02-02 14:18:10,971 [Worker-56: Building] INFO  o.a.m.s.f.DefaultMavenResourcesFiltering - Copying 1 resource from src\main\resources to target\classes
2026-02-02 14:18:10,974 [Worker-56: Building] INFO  o.a.m.s.f.DefaultMavenResourcesFiltering - Copying 0 resource from src\test\resources to target\test-classes
2026-02-02 14:20:02,743 [Worker-52: Building] INFO  o.a.m.s.f.DefaultMavenResourcesFiltering - Copying 0 resource from src\main\resources to target\classes
2026-02-02 14:20:02,744 [Worker-52: Building] INFO  o.a.m.s.f.DefaultMavenResourcesFiltering - Copying 1 resource from src\main\resources to target\classes
2026-02-02 14:20:02,747 [Worker-52: Building] INFO  o.a.m.s.f.DefaultMavenResourcesFiltering - Copying 0 resource from src\test\resources to target\test-classes
2026-02-02 14:20:15,675 [Worker-61: Building] INFO  o.a.m.s.f.DefaultMavenResourcesFiltering - Copying 0 resource from src\main\resources to target\classes
2026-02-02 14:20:15,675 [Worker-61: Building] INFO  o.a.m.s.f.DefaultMavenResourcesFiltering - Copying 1 resource from src\main\resources to target\classes
2026-02-02 14:20:15,678 [Worker-61: Building] INFO  o.a.m.s.f.DefaultMavenResourcesFiltering - Copying 0 resource from src\test\resources to target\test-classes
2026-02-02 14:21:11,691 [Worker-50: Building] INFO  o.a.m.s.f.DefaultMavenResourcesFiltering - Copying 1 resource from src\main\resources to target\classes
2026-02-02 14:21:11,697 [Worker-50: Building] INFO  o.a.m.s.f.DefaultMavenResourcesFiltering - Copying 0 resource from src\main\resources to target\classes
2026-02-02 14:21:11,700 [Worker-50: Building] INFO  o.a.m.s.f.DefaultMavenResourcesFiltering - Copying 0 resource from src\test\resources to target\test-classes
2026-02-02 14:22:36,114 [Worker-54: Building] INFO  o.a.m.s.f.DefaultMavenResourcesFiltering - Copying 0 resource from src\main\resources to target\classes
2026-02-02 14:22:36,115 [Worker-54: Building] INFO  o.a.m.s.f.DefaultMavenResourcesFiltering - Copying 1 resource from src\main\resources to target\classes
2026-02-02 14:22:36,120 [Worker-54: Building] INFO  o.a.m.s.f.DefaultMavenResourcesFiltering - Copying 0 resource from src\test\resources to target\test-classes
2026-02-02 14:23:54,707 [Worker-59: Building] INFO  o.a.m.s.f.DefaultMavenResourcesFiltering - Copying 0 resource from src\main\resources to target\classes
2026-02-02 14:23:54,708 [Worker-59: Building] INFO  o.a.m.s.f.DefaultMavenResourcesFiltering - Copying 1 resource from src\main\resources to target\classes
2026-02-02 14:23:54,711 [Worker-59: Building] INFO  o.a.m.s.f.DefaultMavenResourcesFiltering - Copying 0 resource from src\test\resources to target\test-classes
2026-02-02 14:23:57,966 [Worker-23: Building] INFO  o.a.m.s.f.DefaultMavenResourcesFiltering - Copying 0 resource from src\main\resources to target\classes
2026-02-02 14:23:57,966 [Worker-23: Building] INFO  o.a.m.s.f.DefaultMavenResourcesFiltering - Copying 1 resource from src\main\resources to target\classes
2026-02-02 14:23:57,970 [Worker-23: Building] INFO  o.a.m.s.f.DefaultMavenResourcesFiltering - Copying 0 resource from src\test\resources to target\test-classes
2026-02-02 14:24:04,855 [Worker-50: Building] INFO  o.a.m.s.f.DefaultMavenResourcesFiltering - Copying 1 resource from src\main\resources to target\classes
2026-02-02 14:24:04,858 [Worker-50: Building] INFO  o.a.m.s.f.DefaultMavenResourcesFiltering - Copying 2 resources from src\main\resources to target\classes
2026-02-02 14:24:04,862 [Worker-50: Building] INFO  o.a.m.s.f.DefaultMavenResourcesFiltering - Copying 0 resource from src\test\resources to target\test-classes
2026-02-02 14:25:58,229 [Worker-52: Building] INFO  o.a.m.s.f.DefaultMavenResourcesFiltering - Copying 1 resource from src\main\resources to target\classes
2026-02-02 14:25:58,234 [Worker-52: Building] INFO  o.a.m.s.f.DefaultMavenResourcesFiltering - Copying 2 resources from src\main\resources to target\classes
2026-02-02 14:25:58,237 [Worker-52: Building] INFO  o.a.m.s.f.DefaultMavenResourcesFiltering - Copying 0 resource from src\test\resources to target\test-classes
2026-02-02 14:26:30,825 [Worker-58: Building] INFO  o.a.m.s.f.DefaultMavenResourcesFiltering - Copying 1 resource from src\main\resources to target\classes
2026-02-02 14:26:30,830 [Worker-58: Building] INFO  o.a.m.s.f.DefaultMavenResourcesFiltering - Copying 2 resources from src\main\resources to target\classes
2026-02-02 14:26:30,832 [Worker-58: Building] INFO  o.a.m.s.f.DefaultMavenResourcesFiltering - Copying 0 resource from src\test\resources to target\test-classes
2026-02-02 14:27:39,174 [Worker-59: Building] INFO  o.a.m.s.f.DefaultMavenResourcesFiltering - Copying 0 resource from src\main\resources to target\classes
2026-02-02 14:27:39,174 [Worker-59: Building] INFO  o.a.m.s.f.DefaultMavenResourcesFiltering - Copying 1 resource from src\main\resources to target\classes
2026-02-02 14:27:39,179 [Worker-59: Building] INFO  o.a.m.s.f.DefaultMavenResourcesFiltering - Copying 0 resource from src\test\resources to target\test-classes
2026-02-02 14:28:10,854 [Worker-57: Building] INFO  o.a.m.s.f.DefaultMavenResourcesFiltering - Copying 0 resource from src\main\resources to target\classes
2026-02-02 14:28:10,855 [Worker-57: Building] INFO  o.a.m.s.f.DefaultMavenResourcesFiltering - Copying 1 resource from src\main\resources to target\classes
2026-02-02 14:28:10,859 [Worker-57: Building] INFO  o.a.m.s.f.DefaultMavenResourcesFiltering - Copying 0 resource from src\test\resources to target\test-classes
2026-02-02 14:35:50,459 [Worker-60: Building] INFO  o.a.m.s.f.DefaultMavenResourcesFiltering - Copying 1 resource from src\main\resources to target\classes
2026-02-02 14:35:50,480 [Worker-60: Building] INFO  o.a.m.s.f.DefaultMavenResourcesFiltering - Copying 2 resources from src\main\resources to target\classes
2026-02-02 14:35:50,485 [Worker-60: Building] INFO  o.a.m.s.f.DefaultMavenResourcesFiltering - Copying 0 resource from src\test\resources to target\test-classes
2026-02-02 14:35:57,624 [Worker-53: Building] INFO  o.a.m.s.f.DefaultMavenResourcesFiltering - Copying 1 resource from src\main\resources to target\classes
2026-02-02 14:35:57,630 [Worker-53: Building] INFO  o.a.m.s.f.DefaultMavenResourcesFiltering - Copying 2 resources from src\main\resources to target\classes
2026-02-02 14:35:57,632 [Worker-53: Building] INFO  o.a.m.s.f.DefaultMavenResourcesFiltering - Copying 0 resource from src\test\resources to target\test-classes
2026-02-02 14:36:03,639 [Worker-50: Building] INFO  o.a.m.s.f.DefaultMavenResourcesFiltering - Copying 1 resource from src\main\resources to target\classes
2026-02-02 14:36:03,644 [Worker-50: Building] INFO  o.a.m.s.f.DefaultMavenResourcesFiltering - Copying 2 resources from src\main\resources to target\classes
2026-02-02 14:36:03,646 [Worker-50: Building] INFO  o.a.m.s.f.DefaultMavenResourcesFiltering - Copying 0 resource from src\test\resources to target\test-classes
2026-02-02 14:36:33,509 [Worker-46: Building] INFO  o.a.m.s.f.DefaultMavenResourcesFiltering - Copying 1 resource from src\main\resources to target\classes
2026-02-02 14:36:33,512 [Worker-46: Building] INFO  o.a.m.s.f.DefaultMavenResourcesFiltering - Copying 2 resources from src\main\resources to target\classes
2026-02-02 14:36:33,514 [Worker-46: Building] INFO  o.a.m.s.f.DefaultMavenResourcesFiltering - Copying 0 resource from src\test\resources to target\test-classes
2026-02-02 14:37:01,299 [Worker-58: Building] INFO  o.a.m.s.f.DefaultMavenResourcesFiltering - Copying 0 resource from src\main\resources to target\classes
2026-02-02 14:37:01,300 [Worker-58: Building] INFO  o.a.m.s.f.DefaultMavenResourcesFiltering - Copying 1 resource from src\main\resources to target\classes
2026-02-02 14:37:01,304 [Worker-58: Building] INFO  o.a.m.s.f.DefaultMavenResourcesFiltering - Copying 0 resource from src\test\resources to target\test-classes
2026-02-02 14:39:10,014 [Worker-50: Building] INFO  o.a.m.s.f.DefaultMavenResourcesFiltering - Copying 0 resource from src\main\resources to target\classes
2026-02-02 14:39:10,016 [Worker-50: Building] INFO  o.a.m.s.f.DefaultMavenResourcesFiltering - Copying 1 resource from src\main\resources to target\classes
2026-02-02 14:39:10,019 [Worker-50: Building] INFO  o.a.m.s.f.DefaultMavenResourcesFiltering - Copying 0 resource from src\test\resources to target\test-classes
2026-02-02 14:39:57,212 [Worker-59: Building] INFO  o.a.m.s.f.DefaultMavenResourcesFiltering - Copying 0 resource from src\main\resources to target\classes
2026-02-02 14:39:57,213 [Worker-59: Building] INFO  o.a.m.s.f.DefaultMavenResourcesFiltering - Copying 1 resource from src\main\resources to target\classes
2026-02-02 14:39:57,216 [Worker-59: Building] INFO  o.a.m.s.f.DefaultMavenResourcesFiltering - Copying 0 resource from src\test\resources to target\test-classes
2026-02-02 14:40:06,440 [Worker-61: Building] INFO  o.a.m.s.f.DefaultMavenResourcesFiltering - Copying 0 resource from src\main\resources to target\classes
2026-02-02 14:40:06,441 [Worker-61: Building] INFO  o.a.m.s.f.DefaultMavenResourcesFiltering - Copying 1 resource from src\main\resources to target\classes
2026-02-02 14:40:06,445 [Worker-61: Building] INFO  o.a.m.s.f.DefaultMavenResourcesFiltering - Copying 0 resource from src\test\resources to target\test-classes
2026-02-02 14:40:11,010 [Worker-23: Building] INFO  o.a.m.s.f.DefaultMavenResourcesFiltering - Copying 0 resource from src\main\resources to target\classes
2026-02-02 14:40:11,011 [Worker-23: Building] INFO  o.a.m.s.f.DefaultMavenResourcesFiltering - Copying 1 resource from src\main\resources to target\classes
2026-02-02 14:40:11,014 [Worker-23: Building] INFO  o.a.m.s.f.DefaultMavenResourcesFiltering - Copying 0 resource from src\test\resources to target\test-classes
2026-02-02 14:41:32,951 [Worker-23: Building] INFO  o.a.m.s.f.DefaultMavenResourcesFiltering - Copying 1 resource from src\main\resources to target\classes
2026-02-02 14:41:32,968 [Worker-23: Building] INFO  o.a.m.s.f.DefaultMavenResourcesFiltering - Copying 3 resources from src\main\resources to target\classes
2026-02-02 14:41:32,972 [Worker-23: Building] INFO  o.a.m.s.f.DefaultMavenResourcesFiltering - Copying 0 resource from src\test\resources to target\test-classes
2026-02-02 14:43:17,162 [Worker-46: Building] INFO  o.a.m.s.f.DefaultMavenResourcesFiltering - Copying 1 resource from src\main\resources to target\classes
2026-02-02 14:43:17,167 [Worker-46: Building] INFO  o.a.m.s.f.DefaultMavenResourcesFiltering - Copying 3 resources from src\main\resources to target\classes
2026-02-02 14:43:17,170 [Worker-46: Building] INFO  o.a.m.s.f.DefaultMavenResourcesFiltering - Copying 0 resource from src\test\resources to target\test-classes
2026-02-02 14:48:29,325 [Worker-53: Building] INFO  o.a.m.s.f.DefaultMavenResourcesFiltering - Copying 0 resource from src\main\resources to target\classes
2026-02-02 14:48:29,325 [Worker-53: Building] INFO  o.a.m.s.f.DefaultMavenResourcesFiltering - Copying 1 resource from src\main\resources to target\classes
2026-02-02 14:48:29,328 [Worker-53: Building] INFO  o.a.m.s.f.DefaultMavenResourcesFiltering - Copying 0 resource from src\test\resources to target\test-classes
2026-02-02 14:49:49,436 [Worker-55: Building] INFO  o.a.m.s.f.DefaultMavenResourcesFiltering - Copying 1 resource from src\main\resources to target\classes
2026-02-02 14:49:49,441 [Worker-55: Building] INFO  o.a.m.s.f.DefaultMavenResourcesFiltering - Copying 3 resources from src\main\resources to target\classes
2026-02-02 14:49:49,444 [Worker-55: Building] INFO  o.a.m.s.f.DefaultMavenResourcesFiltering - Copying 0 resource from src\test\resources to target\test-classes
2026-02-02 14:51:48,373 [Worker-61: Building] INFO  o.a.m.s.f.DefaultMavenResourcesFiltering - Copying 1 resource from src\main\resources to target\classes
2026-02-02 14:51:48,391 [Worker-61: Building] INFO  o.a.m.s.f.DefaultMavenResourcesFiltering - Copying 3 resources from src\main\resources to target\classes
2026-02-02 14:51:48,397 [Worker-61: Building] INFO  o.a.m.s.f.DefaultMavenResourcesFiltering - Copying 0 resource from src\test\resources to target\test-classes
2026-02-02 14:57:35,479 [Worker-50: Building] INFO  o.a.m.s.f.DefaultMavenResourcesFiltering - Copying 1 resource from src\main\resources to target\classes
2026-02-02 14:57:35,484 [Worker-50: Building] INFO  o.a.m.s.f.DefaultMavenResourcesFiltering - Copying 3 resources from src\main\resources to target\classes
2026-02-02 14:57:35,486 [Worker-50: Building] INFO  o.a.m.s.f.DefaultMavenResourcesFiltering - Copying 0 resource from src\test\resources to target\test-classes
2026-02-02 15:00:45,055 [Worker-56: Building] INFO  o.a.m.s.f.DefaultMavenResourcesFiltering - Copying 1 resource from src\main\resources to target\classes
2026-02-02 15:00:45,060 [Worker-56: Building] INFO  o.a.m.s.f.DefaultMavenResourcesFiltering - Copying 3 resources from src\main\resources to target\classes
2026-02-02 15:00:45,063 [Worker-56: Building] INFO  o.a.m.s.f.DefaultMavenResourcesFiltering - Copying 0 resource from src\test\resources to target\test-classes
2026-02-02 15:00:54,040 [Worker-60: Building] INFO  o.a.m.s.f.DefaultMavenResourcesFiltering - Copying 1 resource from src\main\resources to target\classes
2026-02-02 15:00:54,045 [Worker-60: Building] INFO  o.a.m.s.f.DefaultMavenResourcesFiltering - Copying 3 resources from src\main\resources to target\classes
2026-02-02 15:00:54,046 [Worker-60: Building] INFO  o.a.m.s.f.DefaultMavenResourcesFiltering - Copying 0 resource from src\test\resources to target\test-classes
2026-02-02 15:01:24,803 [Worker-60: Building] INFO  o.a.m.s.f.DefaultMavenResourcesFiltering - Copying 0 resource from src\main\resources to target\classes
2026-02-02 15:01:24,804 [Worker-60: Building] INFO  o.a.m.s.f.DefaultMavenResourcesFiltering - Copying 1 resource from src\main\resources to target\classes
2026-02-02 15:01:24,808 [Worker-60: Building] INFO  o.a.m.s.f.DefaultMavenResourcesFiltering - Copying 0 resource from src\test\resources to target\test-classes
2026-02-02 15:04:38,732 [Worker-59: Building] INFO  o.a.m.s.f.DefaultMavenResourcesFiltering - Copying 0 resource from src\main\resources to target\classes
2026-02-02 15:04:38,733 [Worker-59: Building] INFO  o.a.m.s.f.DefaultMavenResourcesFiltering - Copying 1 resource from src\main\resources to target\classes
2026-02-02 15:04:38,737 [Worker-59: Building] INFO  o.a.m.s.f.DefaultMavenResourcesFiltering - Copying 0 resource from src\test\resources to target\test-classes
2026-02-02 15:06:56,379 [Worker-59: Building] INFO  o.a.m.s.f.DefaultMavenResourcesFiltering - Copying 0 resource from src\main\resources to target\classes
2026-02-02 15:06:56,380 [Worker-59: Building] INFO  o.a.m.s.f.DefaultMavenResourcesFiltering - Copying 1 resource from src\main\resources to target\classes
2026-02-02 15:06:56,383 [Worker-59: Building] INFO  o.a.m.s.f.DefaultMavenResourcesFiltering - Copying 0 resource from src\test\resources to target\test-classes
2026-02-02 15:08:00,129 [Worker-59: Building] INFO  o.a.m.s.f.DefaultMavenResourcesFiltering - Copying 1 resource from src\main\resources to target\classes
2026-02-02 15:08:00,134 [Worker-59: Building] INFO  o.a.m.s.f.DefaultMavenResourcesFiltering - Copying 4 resources from src\main\resources to target\classes
2026-02-02 15:08:00,138 [Worker-59: Building] INFO  o.a.m.s.f.DefaultMavenResourcesFiltering - Copying 0 resource from src\test\resources to target\test-classes
2026-02-02 15:08:31,376 [Worker-52: Building] INFO  o.a.m.s.f.DefaultMavenResourcesFiltering - Copying 1 resource from src\main\resources to target\classes
2026-02-02 15:08:31,383 [Worker-52: Building] INFO  o.a.m.s.f.DefaultMavenResourcesFiltering - Copying 4 resources from src\main\resources to target\classes
2026-02-02 15:08:31,385 [Worker-52: Building] INFO  o.a.m.s.f.DefaultMavenResourcesFiltering - Copying 0 resource from src\test\resources to target\test-classes
